delete from IRP_CHANNEL where CHNLTYPE=1000;
delete from IRP_CONFIG where CTYPE=16;
delete from IRP_CHANNEL where CHANNELID=10;
----王彩云 ---初始化栏目---2017-10-13
INSERT INTO IRP_CHANNEL VALUES (10, 2, '栏目维护', '栏目维护', NULL, NULL, NULL, 0, 0, 0, NULL, NULL, NULL, 'admin', TO_DATE('20170905093129', 'YYYYMMDDHH24MISS'), 1, 1000, 0, 0, 1, NULL, NULL, NULL, NULL, NULL, NULL, NULL, NULL, 0, NULL, NULL, NULL, NULL, NULL, NULL, NULL, 0, 0, 0, ' ', ' ', ' ', 0, 0, NULL, 1, 0, NULL, NULL);
INSERT INTO IRP_CHANNEL VALUES (11, 2, '门户', '门户', NULL, NULL, NULL, 10, 1, 0, NULL, NULL, NULL, 'admin', TO_DATE('20170905093129', 'YYYYMMDDHH24MISS'), 1, 1000, 0, 0, 1, NULL, NULL, NULL, NULL, NULL, NULL, NULL, NULL, 0, NULL, NULL, NULL, NULL, NULL, NULL, NULL, 0, 0, 0, ' ', ' ', ' ', 0, 0, NULL, 1, 0, NULL, NULL);
INSERT INTO IRP_CHANNEL VALUES (12, 2, '专家', '专家', NULL, NULL, NULL, 10, 2, 0, NULL, NULL, NULL, 'admin', TO_DATE('20170905093139', 'YYYYMMDDHH24MISS'), 1, 1000, 0, 0, 1, NULL, NULL, NULL, NULL, NULL, NULL, NULL, NULL, 0, NULL, NULL, NULL, NULL, NULL, NULL, NULL, 0, 0, 0, ' ', ' ', ' ', 0, 0, NULL, 1, 0, NULL, NULL);
INSERT INTO IRP_CHANNEL VALUES (13, 2, '专题', '专题', NULL, NULL, NULL, 10, 3, 0, NULL, NULL, NULL, 'admin', TO_DATE('20170905093152', 'YYYYMMDDHH24MISS'), 1, 1000, 0, 0, 1, NULL, NULL, NULL, NULL, NULL, NULL, NULL, NULL, 0, NULL, NULL, NULL, NULL, NULL, NULL, NULL, 0, 0, 0, ' ', ' ', ' ', 0, 0, NULL, 1, 0, NULL, NULL);
--INSERT INTO IRP_CHANNEL VALUES (14, 2, '百科', '百科', NULL, NULL, NULL, 0, 11, 0, NULL, NULL, NULL, 'admin', TO_DATE('20170905093200', 'YYYYMMDDHH24MISS'), 1, 1000, 0, 0, 1, NULL, NULL, NULL, NULL, NULL, NULL, NULL, NULL, 0, NULL, NULL, NULL, NULL, NULL, NULL, NULL, 0, 0, 0, ' ', ' ', ' ', 0, 0, NULL, 1, 0, NULL, NULL);
INSERT INTO IRP_CHANNEL VALUES (15, 2, '考试', '考试', NULL, NULL, NULL, 10, 4, 0, NULL, NULL, NULL, 'admin', TO_DATE('20170905093200', 'YYYYMMDDHH24MISS'), 1, 1000, 0, 0, 1, NULL, NULL, NULL, NULL, NULL, NULL, NULL, NULL, 0, NULL, NULL, NULL, NULL, NULL, NULL, NULL, 0, 0, 0, ' ', ' ', ' ', 0, 0, NULL, 1, 0, NULL, NULL);
INSERT INTO IRP_CHANNEL VALUES (16, 2, '论坛', '论坛', NULL, NULL, NULL, 10, 5, 0, NULL, NULL, NULL, 'admin', TO_DATE('20171013091001', 'YYYYMMDDHH24MISS'), 1, 1000, 0, 0, 1, NULL, NULL, NULL, NULL, NULL, NULL, NULL, NULL, 0, NULL, NULL, NULL, NULL, NULL, NULL, NULL, 0, 0, 0, ' ', ' ', ' ', 0, 0, NULL, 1, 0, NULL, NULL);
--INSERT INTO IRP_CHANNEL VALUES (17, 2, '圈圈', '圈圈', NULL, NULL, NULL, 0, 12, 0, NULL, NULL, NULL, 'admin', TO_DATE('20171013091001', 'YYYYMMDDHH24MISS'), 1, 1000, 0, 0, 1, NULL, NULL, NULL, NULL, NULL, NULL, NULL, NULL, 0, NULL, NULL, NULL, NULL, NULL, NULL, NULL, 0, 0, 0, ' ', ' ', ' ', 0, 0, NULL, 1, 0, NULL, NULL);

--INSERT INTO IRP_CHANNEL VALUES (19, 2, '问答', '问答', NULL, NULL, NULL, 0, 12, 0, NULL, NULL, NULL, 'admin', TO_DATE('20171013091001', 'YYYYMMDDHH24MISS'), 1, 1000, 0, 0, 1, NULL, NULL, NULL, NULL, NULL, NULL, NULL, NULL, 0, NULL, NULL, NULL, NULL, NULL, NULL, NULL, 0, 0, 0, ' ', ' ', ' ', 0, 0, NULL, 1, 0, NULL, NULL);

INSERT INTO IRP_CHANNEL VALUES (20, 2, '首页大图', '首页大图', NULL, NULL, NULL, 11, 1, 0, NULL, NULL, NULL, 'admin', TO_DATE('20170905093302', 'YYYYMMDDHH24MISS'), 1, 1000, 0, 0, 1, NULL, NULL, NULL, NULL, NULL, NULL, NULL, NULL, 0, NULL, NULL, NULL, NULL, NULL, NULL, NULL, 0, 0, 0, ' ', ' ', ' ', 0, 0, NULL, 1, 0, NULL, NULL);
INSERT INTO IRP_CHANNEL VALUES (21, 2, '您可能遇到的问题', '您可能遇到的问题', NULL, NULL, NULL, 11, 7, 0, NULL, NULL, NULL, 'admin', TO_DATE('20170905093337', 'YYYYMMDDHH24MISS'), 1, 1000, 0, 0, 1, NULL, NULL, NULL, NULL, NULL, NULL, NULL, NULL, 0, NULL, NULL, NULL, NULL, NULL, NULL, NULL, 0, 0, 0, ' ', ' ', ' ', 0, 0, NULL, 1, 0, NULL, NULL);
INSERT INTO IRP_CHANNEL VALUES (22, 2, '知识库', '知识库', NULL, NULL, NULL, 11, 8, 0, NULL, NULL, NULL, 'admin', TO_DATE('20170905093353', 'YYYYMMDDHH24MISS'), 1, 1000, 0, 0, 1, NULL, NULL, NULL, NULL, NULL, NULL, NULL, NULL, 0, NULL, NULL, NULL, NULL, NULL, NULL, NULL, 0, 0, 0, ' ', ' ', ' ', 0, 0, NULL, 1, 0, NULL, NULL);
INSERT INTO IRP_CHANNEL VALUES (23, 2, '业内热门专家', '业内热门专家', NULL, NULL, NULL, 11, 9, 0, NULL, NULL, NULL, 'admin', TO_DATE('20170905093416', 'YYYYMMDDHH24MISS'), 1, 1000, 0, 0, 1, NULL, NULL, NULL, NULL, NULL, NULL, NULL, NULL, 0, NULL, NULL, NULL, NULL, NULL, NULL, NULL, 0, 0, 0, ' ', ' ', ' ', 0, 0, NULL, 1, 0, NULL, NULL);
INSERT INTO IRP_CHANNEL VALUES (24, 2, '最新专题', '最新专题', NULL, NULL, NULL, 11, 10, 0, NULL, NULL, NULL, 'admin', TO_DATE('20170905093859', 'YYYYMMDDHH24MISS'), 1, 1000, 0, 0, 1, NULL, NULL, NULL, NULL, NULL, NULL, NULL, NULL, 0, NULL, NULL, NULL, NULL, NULL, NULL, NULL, 0, 0, 0, ' ', ' ', ' ', 0, 0, NULL, 1, 0, NULL, NULL);
INSERT INTO IRP_CHANNEL VALUES (25, 2, '首页百科', '首页百科', NULL, NULL, NULL, 11, 11, 0, NULL, NULL, NULL, 'admin', TO_DATE('20170905093915', 'YYYYMMDDHH24MISS'), 1, 1000, 0, 0, 1, NULL, NULL, NULL, NULL, NULL, NULL, NULL, NULL, 0, NULL, NULL, NULL, NULL, NULL, NULL, NULL, 0, 0, 0, ' ', ' ', ' ', 0, 0, NULL, 1, 0, NULL, NULL);
--INSERT INTO IRP_CHANNEL VALUES ((select max(CHANNELID)+1 from IRP_CHANNEL), 2, '热门专家', '热门专家', NULL, NULL, NULL, 12, 4, 0, NULL, NULL, NULL, 'admin', TO_DATE('20170905094108', 'YYYYMMDDHH24MISS'), 1, 1000, 0, 0, 1, NULL, NULL, NULL, NULL, NULL, NULL, NULL, NULL, 0, NULL, NULL, NULL, NULL, NULL, NULL, NULL, 0, 0, 0, ' ', ' ', ' ', 0, 0, NULL, 1, 0, NULL, NULL);
INSERT INTO IRP_CHANNEL VALUES (26, 2, '推荐专家', '推荐专家', NULL, NULL, NULL, 12, 5, 0, NULL, NULL, NULL, 'admin', TO_DATE('20170905094130', 'YYYYMMDDHH24MISS'), 1, 1000, 0, 0, 1, NULL, NULL, NULL, NULL, NULL, NULL, NULL, NULL, 0, NULL, NULL, NULL, NULL, NULL, NULL, NULL, 0, 0, 0, ' ', ' ', ' ', 0, 0, NULL, 1, 0, NULL, NULL);
INSERT INTO IRP_CHANNEL VALUES (27, 2, '专家观点', '专家观点', NULL, NULL, NULL, 12, 6, 0, NULL, NULL, NULL, 'admin', TO_DATE('20170905094151', 'YYYYMMDDHH24MISS'), 1, 1000, 0, 0, 1, NULL, NULL, NULL, NULL, NULL, NULL, NULL, NULL, 0, NULL, NULL, NULL, NULL, NULL, NULL, NULL, 0, 0, 0, ' ', ' ', ' ', 0, 0, NULL, 1, 0, NULL, NULL);
INSERT INTO IRP_CHANNEL VALUES (28, 2, '专家访谈', '专家访谈', NULL, NULL, NULL, 12, 7, 0, NULL, NULL, NULL, 'admin', TO_DATE('20170905094212', 'YYYYMMDDHH24MISS'), 1, 1000, 0, 0, 1, NULL, NULL, NULL, NULL, NULL, NULL, NULL, NULL, 0, NULL, NULL, NULL, NULL, NULL, NULL, NULL, 0, 0, 0, ' ', ' ', ' ', 0, 0, NULL, 1, 0, NULL, NULL);
--INSERT INTO IRP_CHANNEL VALUES (29, 2, '热点专题', '热点专题', NULL, NULL, NULL, 13, 3, 0, NULL, NULL, NULL, 'admin', TO_DATE('20170905094303', 'YYYYMMDDHH24MISS'), 1, 1000, 0, 0, 1, NULL, NULL, NULL, NULL, NULL, NULL, NULL, NULL, 0, NULL, NULL, NULL, NULL, NULL, NULL, NULL, 0, 0, 0, ' ', ' ', ' ', 0, 0, NULL, 1, 0, NULL, NULL);
INSERT INTO IRP_CHANNEL VALUES (29, 2, '热门专题', '热门专题', NULL, NULL, NULL, 13, 4, 0, NULL, NULL, NULL, 'admin', TO_DATE('20170905094316', 'YYYYMMDDHH24MISS'), 1, 1000, 0, 0, 1, NULL, NULL, NULL, NULL, NULL, NULL, NULL, NULL, 0, NULL, NULL, NULL, NULL, NULL, NULL, NULL, 0, 0, 0, ' ', ' ', ' ', 0, 0, NULL, 1, 0, NULL, NULL);
INSERT INTO IRP_CHANNEL VALUES (30, 2, '推荐专题', '推荐专题', NULL, NULL, NULL, 13, 5, 0, NULL, NULL, NULL, 'admin', TO_DATE('20170905094332', 'YYYYMMDDHH24MISS'), 1, 1000, 0, 0, 1, NULL, NULL, NULL, NULL, NULL, NULL, NULL, NULL, 0, NULL, NULL, NULL, NULL, NULL, NULL, NULL, 0, 0, 0, ' ', ' ', ' ', 0, 0, NULL, 1, 0, NULL, NULL);
--INSERT INTO IRP_CHANNEL VALUES ((select max(CHANNELID)+1 from IRP_CHANNEL), 2, '热搜词条', '热搜词条', NULL, NULL, NULL, 14, 3, 0, NULL, NULL, NULL, 'admin', TO_DATE('20170905094451', 'YYYYMMDDHH24MISS'), 1, 1000, 0, 0, 1, NULL, NULL, NULL, NULL, NULL, NULL, NULL, NULL, 0, NULL, NULL, NULL, NULL, NULL, NULL, NULL, 0, 0, 0, ' ', ' ', ' ', 0, 0, NULL, 1, 0, NULL, NULL);
--INSERT INTO IRP_CHANNEL VALUES ((select max(CHANNELID)+1 from IRP_CHANNEL), 2, '百科', '百科', NULL, NULL, NULL, 14, 4, 0, NULL, NULL, NULL, 'admin', TO_DATE('20170905094510', 'YYYYMMDDHH24MISS'), 1, 1000, 0, 0, 1, NULL, NULL, NULL, NULL, NULL, NULL, NULL, NULL, 0, NULL, NULL, NULL, NULL, NULL, NULL, NULL, 0, 0, 0, ' ', ' ', ' ', 0, 0, NULL, 1, 0, NULL, NULL);
--INSERT INTO IRP_CHANNEL VALUES ((select max(CHANNELID)+1 from IRP_CHANNEL), 2, '历史上的今天', '历史上的今天', NULL, NULL, NULL, 14, 5, 0, NULL, NULL, NULL, 'admin', TO_DATE('20170905094625', 'YYYYMMDDHH24MISS'), 1, 1000, 0, 0, 1, NULL, NULL, NULL, NULL, NULL, NULL, NULL, NULL, 0, NULL, NULL, NULL, NULL, NULL, NULL, NULL, 0, 0, 0, ' ', ' ', ' ', 0, 0, NULL, 1, 0, NULL, NULL);
INSERT INTO IRP_CHANNEL VALUES (31, 2, '专家大图', '专家大图', NULL, NULL, NULL, 12, 1, 0, NULL, NULL, NULL, 'admin', TO_DATE('20170907154418', 'YYYYMMDDHH24MISS'), 1, 1000, 0, 0, 1, NULL, NULL, NULL, NULL, NULL, NULL, NULL, NULL, 0, NULL, NULL, NULL, NULL, NULL, NULL, NULL, 0, 0, 0, ' ', ' ', ' ', 0, 0, NULL, 1, 0, NULL, NULL);
--INSERT INTO IRP_CHANNEL VALUES ((select max(CHANNELID)+1 from IRP_CHANNEL), 2, '百科大图', '百科大图', NULL, NULL, NULL, 14, 1, 0, NULL, NULL, NULL, 'admin', TO_DATE('20170907154446', 'YYYYMMDDHH24MISS'), 1, 1000, 0, 0, 1, NULL, NULL, NULL, NULL, NULL, NULL, NULL, NULL, 0, NULL, NULL, NULL, NULL, NULL, NULL, NULL, 0, 0, 0, ' ', ' ', ' ', 0, 0, NULL, 1, 0, NULL, NULL);
--INSERT INTO IRP_CHANNEL VALUES ((select max(CHANNELID)+1 from IRP_CHANNEL), 2, '专题大图', '专题大图', NULL, NULL, NULL, 13, 1, 0, NULL, NULL, NULL, 'admin', TO_DATE('20170907154542', 'YYYYMMDDHH24MISS'), 1, 1000, 0, 0, 1, NULL, NULL, NULL, NULL, NULL, NULL, NULL, NULL, 0, NULL, NULL, NULL, NULL, NULL, NULL, NULL, 0, 0, 0, ' ', ' ', ' ', 0, 0, NULL, 1, 0, NULL, NULL);
--INSERT INTO IRP_CHANNEL VALUES ((select max(CHANNELID)+1 from IRP_CHANNEL), 2, '问答大图', '问答大图', NULL, NULL, NULL, 19, 1, 0, NULL, NULL, NULL, 'admin', TO_DATE('20171013091204', 'YYYYMMDDHH24MISS'), 1, 1000, 0, 0, 1, NULL, NULL, NULL, NULL, NULL, NULL, NULL, NULL, 0, NULL, NULL, NULL, NULL, NULL, NULL, NULL, 0, 0, 0, ' ', ' ', ' ', 0, 0, NULL, 1, 0, NULL, NULL);
--INSERT INTO IRP_CHANNEL VALUES ((select max(CHANNELID)+1 from IRP_CHANNEL), 2, '问答小图', '问答小图', NULL, NULL, NULL, 19, 2, 0, NULL, NULL, NULL, 'admin', TO_DATE('20171013091225', 'YYYYMMDDHH24MISS'), 1, 1000, 0, 0, 1, NULL, NULL, NULL, NULL, NULL, NULL, NULL, NULL, 0, NULL, NULL, NULL, NULL, NULL, NULL, NULL, 0, 0, 0, ' ', ' ', ' ', 0, 0, NULL, 1, 0, NULL, NULL);
INSERT INTO IRP_CHANNEL VALUES (32, 2, '考试大图', '考试大图', NULL, NULL, NULL, 15, 1, 0, NULL, NULL, NULL, 'admin', TO_DATE('20171013091204', 'YYYYMMDDHH24MISS'), 1, 1000, 0, 0, 1, NULL, NULL, NULL, NULL, NULL, NULL, NULL, NULL, 0, NULL, NULL, NULL, NULL, NULL, NULL, NULL, 0, 0, 0, ' ', ' ', ' ', 0, 0, NULL, 1, 0, NULL, NULL);
INSERT INTO IRP_CHANNEL VALUES (33, 2, '论坛大图', '论坛大图', NULL, NULL, NULL, 16, 1, 0, NULL, NULL, NULL, 'admin', TO_DATE('20171013091225', 'YYYYMMDDHH24MISS'), 1, 1000, 0, 0, 1, NULL, NULL, NULL, NULL, NULL, NULL, NULL, NULL, 0, NULL, NULL, NULL, NULL, NULL, NULL, NULL, 0, 0, 0, ' ', ' ', ' ', 0, 0, NULL, 1, 0, NULL, NULL);
INSERT INTO IRP_CHANNEL VALUES (34, 2, '最新知识', '最新知识', NULL, NULL, NULL, 22, 1, 0, NULL, NULL, NULL, 'admin', TO_DATE('20170905093337', 'YYYYMMDDHH24MISS'), 1, 1000, 0, 0, 1, NULL, NULL, NULL, NULL, NULL, NULL, NULL, NULL, 0, NULL, NULL, NULL, NULL, NULL, NULL, NULL, 0, 0, 0, ' ', ' ', ' ', 0, 0, NULL, 1, 0, NULL, NULL);
INSERT INTO IRP_CHANNEL VALUES (35, 2, '最热知识', '最热知识', NULL, NULL, NULL, 22, 2, 0, NULL, NULL, NULL, 'admin', TO_DATE('20170905093337', 'YYYYMMDDHH24MISS'), 1, 1000, 0, 0, 1, NULL, NULL, NULL, NULL, NULL, NULL, NULL, NULL, 0, NULL, NULL, NULL, NULL, NULL, NULL, NULL, 0, 0, 0, ' ', ' ', ' ', 0, 0, NULL, 1, 0, NULL, NULL);
--INSERT INTO IRP_CHANNEL VALUES (36, 2, '圈圈大图', '圈圈大图', NULL, NULL, NULL, 16, 1, 0, NULL, NULL, NULL, 'admin', TO_DATE('20170905093337', 'YYYYMMDDHH24MISS'), 1, 1000, 0, 0, 1, NULL, NULL, NULL, NULL, NULL, NULL, NULL, NULL, 0, NULL, NULL, NULL, NULL, NULL, NULL, NULL, 0, 0, 0, ' ', ' ', ' ', 0, 0, NULL, 1, 0, NULL, NULL);

commit;



insert into IRP_CONFIG values((select max(CONFIGID)+1 from IRP_CONFIG),16,'HEAD_BIG_IMAGE','20','首页大图',0,0,0);
insert into IRP_CONFIG values((select max(CONFIGID)+1 from IRP_CONFIG),16,'HEAD_QUESTION','21','您可能遇到的问题',0,0,0);
insert into IRP_CONFIG values((select max(CONFIGID)+1 from IRP_CONFIG),16,'HEAD_WEIBO','22','知识库',0,0,0);
insert into IRP_CONFIG values((select max(CONFIGID)+1 from IRP_CONFIG),16,'HEAD_ZHUANJIA','23','业内热门专家',0,0,0);
insert into IRP_CONFIG values((select max(CONFIGID)+1 from IRP_CONFIG),16,'HEAD_ZHUANTI','24','最新专题',0,0,0);
insert into IRP_CONFIG values((select max(CONFIGID)+1 from IRP_CONFIG),16,'HEAD_BAIKE','25','首页百科',0,0,0);
--insert into IRP_CONFIG values((select max(CONFIGID)+1 from IRP_CONFIG),16,'EXPORT_HOT','26','热门专家',0,0,0);
insert into IRP_CONFIG values((select max(CONFIGID)+1 from IRP_CONFIG),16,'EXPORT_TUJIAN','26','推荐专家',0,0,0);
insert into IRP_CONFIG values((select max(CONFIGID)+1 from IRP_CONFIG),16,'EXPORT_WEIKE','27','专家观点',0,0,0);
insert into IRP_CONFIG values((select max(CONFIGID)+1 from IRP_CONFIG),16,'EXPORT_PEIXUN','28','专家访谈',0,0,0);
--insert into IRP_CONFIG values((select max(CONFIGID)+1 from IRP_CONFIG),16,'SUBJECT_HOT','30','热点专题',0,0,0);
insert into IRP_CONFIG values((select max(CONFIGID)+1 from IRP_CONFIG),16,'SUBJECT_HOT_DOOR','29','热门专题',0,0,0);
insert into IRP_CONFIG values((select max(CONFIGID)+1 from IRP_CONFIG),16,'SUBJECT_TUIJIAN','30','推荐专题',0,0,0);
--insert into IRP_CONFIG values((select max(CONFIGID)+1 from IRP_CONFIG),16,'TERM_HOT','33','热搜词条',0,0,0);
--insert into IRP_CONFIG values((select max(CONFIGID)+1 from IRP_CONFIG),16,'TERM_TERM','34','百科百科',0,0,0);
--insert into IRP_CONFIG values((select max(CONFIGID)+1 from IRP_CONFIG),16,'TERM_TODAY','35','历史上的今天',0,0,0);
insert into IRP_CONFIG values((select max(CONFIGID)+1 from IRP_CONFIG),16,'EXPORT_BIG_IMAGE','31','专家大图',0,0,0);
--insert into IRP_CONFIG values((select max(CONFIGID)+1 from IRP_CONFIG),16,'TERM_BIG_IMAGE','37','百科大图',0,0,0);
--insert into IRP_CONFIG values((select max(CONFIGID)+1 from IRP_CONFIG),16,'SUBJECT_BIG_IMAGE','38','专题大图',0,0,0);
--insert into IRP_CONFIG values((select max(CONFIGID)+1 from IRP_CONFIG),16,'QUESTION_BIG_IMAGE','39','问答大图',0,0,0);
--insert into IRP_CONFIG values((select max(CONFIGID)+1 from IRP_CONFIG),16,'QUESTION_LETTER_IMAGE','40','问答小图',0,0,0);
insert into IRP_CONFIG values((select max(CONFIGID)+1 from IRP_CONFIG),16,'EXAM_BIG_IMAGE','32','考试大图',0,0,0);
insert into IRP_CONFIG values((select max(CONFIGID)+1 from IRP_CONFIG),16,'FORUM_BIG_IMAGE','33','论坛大图',0,0,0);

--insert into IRP_CONFIG values((select max(CONFIGID)+1 from IRP_CONFIG),16,'PROJECT_BIG_IMAGE','36','圈圈大图',0,0,0);
commit;

--添加栏目
INSERT INTO IRP_CHANNEL VALUES (50, 2, '知识管理', '知识管理', NULL, NULL, NULL, 0, 3, 0, NULL, NULL, NULL, 'tfsadmin', sysdate, 1, 1, 0, 0, 1, NULL, NULL, NULL, NULL, NULL, NULL, NULL, NULL, 0, NULL, NULL, NULL, NULL, NULL, NULL, NULL, 0, 0, 0, ' ', ' ', ' ', 0, 0, NULL, 1, 0, NULL, NULL);
INSERT INTO IRP_CHANNEL VALUES (51, 2, '概念定义', '概念定义', NULL, NULL, NULL, 50, 1, 0, NULL, NULL, NULL, 'tfsadmin', sysdate, 1, 1, 0, 0, 1, NULL, NULL, NULL, NULL, NULL, NULL, NULL, NULL, 0, NULL, NULL, NULL, NULL, NULL, NULL, NULL, 0, 0, 0, ' ', ' ', ' ', 0, 0, NULL, 1, 0, NULL, NULL);
INSERT INTO IRP_CHANNEL VALUES (52, 2, '国家标准', '国家标准', NULL, NULL, NULL, 50, 2, 0, NULL, NULL, NULL, 'tfsadmin', sysdate, 1, 1, 0, 0, 1, NULL, NULL, NULL, NULL, NULL, NULL, NULL, NULL, 0, NULL, NULL, NULL, NULL, NULL, NULL, NULL, 0, 0, 0, ' ', ' ', ' ', 0, 0, NULL, 1, 0, NULL, NULL);
INSERT INTO IRP_CHANNEL VALUES (53, 2, '案列展示', '案列展示', NULL, NULL, NULL, 50, 3, 0, NULL, NULL, NULL, 'tfsadmin', sysdate, 1, 1, 0, 0, 1, NULL, NULL, NULL, NULL, NULL, NULL, NULL, NULL, 0, NULL, NULL, NULL, NULL, NULL, NULL, NULL, 0, 0, 0, ' ', ' ', ' ', 0, 0, NULL, 1, 0, NULL, NULL);
INSERT INTO IRP_CHANNEL VALUES (54, 2, '运营推广', '运营推广', NULL, NULL, NULL, 50,4, 0, NULL, NULL, NULL, 'tfsadmin', sysdate, 1, 1, 0, 0, 1, NULL, NULL, NULL, NULL, NULL, NULL, NULL, NULL, 0, NULL, NULL, NULL, NULL, NULL, NULL, NULL, 0, 0, 0, ' ', ' ', ' ', 0, 0, NULL, 1, 0, NULL, NULL);
INSERT INTO IRP_CHANNEL VALUES (55, 2, '产品介绍', '产品介绍', NULL, NULL, NULL, 0, 4, 0, NULL, NULL, NULL, 'tfsadmin', sysdate, 1, 1, 0, 0, 1, NULL, NULL, NULL, NULL, NULL, NULL, NULL, NULL, 0, NULL, NULL, NULL, NULL, NULL, NULL, NULL, 0, 0, 0, ' ', ' ', ' ', 0, 0, NULL, 1, 0, NULL, NULL);
INSERT INTO IRP_CHANNEL VALUES (56, 2, '项目管理', '项目管理', NULL, NULL, NULL, 0, 5, 0, NULL, NULL, NULL, 'tfsadmin', sysdate, 1, 1, 0, 0, 1, NULL, NULL, NULL, NULL, NULL, NULL, NULL, NULL, 0, NULL, NULL, NULL, NULL, NULL, NULL, NULL, 0, 0, 0, ' ', ' ', ' ', 0, 0, NULL, 1, 0, NULL, NULL);
------地图栏目初始化

INSERT INTO IRP_CHANNEL(CHANNELID,SITEID,CHNLNAME,CHNLDESC,PARENTID,CHNLORDER,CRUSER,CRTIME,STATUS,CHNLTYPE,CRUSERID,maptype) VALUES(57 ,2, '新手指南','新手指南',3,2,'admin',sysdate,1,40,1,410);
INSERT INTO IRP_CHANNEL(CHANNELID,SITEID,CHNLNAME,CHNLDESC,PARENTID,CHNLORDER,CRUSER,CRTIME,STATUS,CHNLTYPE,CRUSERID,maptype) VALUES(58 ,2, '项目管理地图','项目管理地图',3,3,'admin',sysdate,1,40,1,420);

INSERT INTO IRP_CHANNEL(CHANNELID,SITEID,CHNLNAME,CHNLDESC,PARENTID,CHNLORDER,CRUSER,CRTIME,STATUS,CHNLTYPE,CRUSERID) VALUES(59 ,2, '注册','注册',57,0,'admin',sysdate,1,40,1);
INSERT INTO IRP_CHANNEL(CHANNELID,SITEID,CHNLNAME,CHNLDESC,PARENTID,CHNLORDER,CRUSER,CRTIME,STATUS,CHNLTYPE,CRUSERID) VALUES(60 ,2, '登录','登录',57,1,'admin',sysdate,1,40,1);
INSERT INTO IRP_CHANNEL(CHANNELID,SITEID,CHNLNAME,CHNLDESC,PARENTID,CHNLORDER,CRUSER,CRTIME,STATUS,CHNLTYPE,CRUSERID) VALUES(61 ,2, '个人信息','个人信息',57,2,'admin',sysdate,1,40,1);
INSERT INTO IRP_CHANNEL(CHANNELID,SITEID,CHNLNAME,CHNLDESC,PARENTID,CHNLORDER,CRUSER,CRTIME,STATUS,CHNLTYPE,CRUSERID) VALUES(62 ,2, '使用手册','使用手册',57,3,'admin',sysdate,1,40,1);

INSERT INTO IRP_CHANNEL(CHANNELID,SITEID,CHNLNAME,CHNLDESC,PARENTID,CHNLORDER,CRUSER,CRTIME,STATUS,CHNLTYPE,CRUSERID) VALUES(63 ,2, '知识领域','知识领域',58,0,'admin',sysdate,1,40,1);
INSERT INTO IRP_CHANNEL(CHANNELID,SITEID,CHNLNAME,CHNLDESC,PARENTID,CHNLORDER,CRUSER,CRTIME,STATUS,CHNLTYPE,CRUSERID) VALUES(64 ,2, '五大过程','五大过程',58,1,'admin',sysdate,1,40,1);

INSERT INTO IRP_CHANNEL(CHANNELID,SITEID,CHNLNAME,CHNLDESC,PARENTID,CHNLORDER,CRUSER,CRTIME,STATUS,CHNLTYPE,CRUSERID) VALUES(65 ,2, '整合','整合',63,0,'admin',sysdate,1,40,1);
INSERT INTO IRP_CHANNEL(CHANNELID,SITEID,CHNLNAME,CHNLDESC,PARENTID,CHNLORDER,CRUSER,CRTIME,STATUS,CHNLTYPE,CRUSERID) VALUES(66 ,2, '范围','范围',63,1,'admin',sysdate,1,40,1);
INSERT INTO IRP_CHANNEL(CHANNELID,SITEID,CHNLNAME,CHNLDESC,PARENTID,CHNLORDER,CRUSER,CRTIME,STATUS,CHNLTYPE,CRUSERID) VALUES(67 ,2, '进度','进度',63,2,'admin',sysdate,1,40,1);
INSERT INTO IRP_CHANNEL(CHANNELID,SITEID,CHNLNAME,CHNLDESC,PARENTID,CHNLORDER,CRUSER,CRTIME,STATUS,CHNLTYPE,CRUSERID) VALUES(68 ,2, '成本','成本',63,3,'admin',sysdate,1,40,1);
INSERT INTO IRP_CHANNEL(CHANNELID,SITEID,CHNLNAME,CHNLDESC,PARENTID,CHNLORDER,CRUSER,CRTIME,STATUS,CHNLTYPE,CRUSERID) VALUES(69 ,2, '质量','质量',63,4,'admin',sysdate,1,40,1);
INSERT INTO IRP_CHANNEL(CHANNELID,SITEID,CHNLNAME,CHNLDESC,PARENTID,CHNLORDER,CRUSER,CRTIME,STATUS,CHNLTYPE,CRUSERID) VALUES(70 ,2, '人力资源','人力资源',63,5,'admin',sysdate,1,40,1);
INSERT INTO IRP_CHANNEL(CHANNELID,SITEID,CHNLNAME,CHNLDESC,PARENTID,CHNLORDER,CRUSER,CRTIME,STATUS,CHNLTYPE,CRUSERID) VALUES(71 ,2, '沟通','沟通',63,6,'admin',sysdate,1,40,1);
INSERT INTO IRP_CHANNEL(CHANNELID,SITEID,CHNLNAME,CHNLDESC,PARENTID,CHNLORDER,CRUSER,CRTIME,STATUS,CHNLTYPE,CRUSERID) VALUES(72 ,2, '风险','风险',63,7,'admin',sysdate,1,40,1);
INSERT INTO IRP_CHANNEL(CHANNELID,SITEID,CHNLNAME,CHNLDESC,PARENTID,CHNLORDER,CRUSER,CRTIME,STATUS,CHNLTYPE,CRUSERID) VALUES(73 ,2, '采购','采购',63,8,'admin',sysdate,1,40,1);

INSERT INTO IRP_CHANNEL(CHANNELID,SITEID,CHNLNAME,CHNLDESC,PARENTID,CHNLORDER,CRUSER,CRTIME,STATUS,CHNLTYPE,CRUSERID) VALUES(74 ,2, '启动过程','启动过程',64,0,'admin',sysdate,1,40,1);
INSERT INTO IRP_CHANNEL(CHANNELID,SITEID,CHNLNAME,CHNLDESC,PARENTID,CHNLORDER,CRUSER,CRTIME,STATUS,CHNLTYPE,CRUSERID) VALUES(75 ,2, '计划过程','计划过程',64,1,'admin',sysdate,1,40,1);
INSERT INTO IRP_CHANNEL(CHANNELID,SITEID,CHNLNAME,CHNLDESC,PARENTID,CHNLORDER,CRUSER,CRTIME,STATUS,CHNLTYPE,CRUSERID) VALUES(76 ,2, '执行过程','执行过程',64,2,'admin',sysdate,1,40,1);
INSERT INTO IRP_CHANNEL(CHANNELID,SITEID,CHNLNAME,CHNLDESC,PARENTID,CHNLORDER,CRUSER,CRTIME,STATUS,CHNLTYPE,CRUSERID) VALUES(77 ,2, '监视与控制','监视与控制',64,3,'admin',sysdate,1,40,1);
INSERT INTO IRP_CHANNEL(CHANNELID,SITEID,CHNLNAME,CHNLDESC,PARENTID,CHNLORDER,CRUSER,CRTIME,STATUS,CHNLTYPE,CRUSERID) VALUES(78 ,2, '收尾过程','收尾过程',64,4,'admin',sysdate,1,40,1);


---专题栏目
INSERT INTO IRP_CHANNEL(CHANNELID,SITEID,CHNLNAME,CHNLDESC,PARENTID,CHNLORDER,CRUSER,CRTIME,STATUS,CHNLTYPE,CRUSERID) VALUES(79 ,0, '知识运营','知识运营',8,0,'admin',SYSDATE,1,50,1);
INSERT INTO IRP_CHANNEL(CHANNELID,SITEID,CHNLNAME,CHNLDESC,PARENTID,CHNLORDER,CRUSER,CRTIME,STATUS,CHNLTYPE,CRUSERID) VALUES(80 ,0, '知识收集','知识收集',8,1,'admin',SYSDATE,1,50,1);
INSERT INTO IRP_CHANNEL(CHANNELID,SITEID,CHNLNAME,CHNLDESC,PARENTID,CHNLORDER,CRUSER,CRTIME,STATUS,CHNLTYPE,CRUSERID) VALUES(81 ,0, '产品功能','产品功能',8,2,'admin',SYSDATE,1,50,1);
INSERT INTO IRP_CHANNEL(CHANNELID,SITEID,CHNLNAME,CHNLDESC,PARENTID,CHNLORDER,CRUSER,CRTIME,STATUS,CHNLTYPE,CRUSERID) VALUES(82 ,0, '使用手册','使用手册',8,3,'admin',SYSDATE,1,50,1);
---用户初始化
--添加用户
INSERT INTO IRP_USER ("USERID", "STATUS", "USERNAME","PASSWORD","NICKNAME","TRUENAME","SPECIALTYPE","CRTIME","REGTIME") VALUES (3, 30, '运营专家','a7fe50b3a2687f63cddc6c5f716ddb2f','运营专家','运营专家',0,SYSDATE,SYSDATE);
INSERT INTO IRP_USER ("USERID", "STATUS", "USERNAME","PASSWORD","NICKNAME","TRUENAME","SPECIALTYPE","CRTIME","REGTIME") VALUES (4, 30, '产品专家','a7fe50b3a2687f63cddc6c5f716ddb2f','产品专家','产品专家',0,SYSDATE,SYSDATE);
INSERT INTO IRP_USER ("USERID", "STATUS", "USERNAME","PASSWORD","NICKNAME","TRUENAME","SPECIALTYPE","CRTIME","REGTIME") VALUES (5, 30, '知识专家','a7fe50b3a2687f63cddc6c5f716ddb2f','知识专家','知识专家',0,SYSDATE,SYSDATE);

----推荐专家 

UPDATE IRP_USER set EXPERTTYPE=1 where USERID=3;
UPDATE IRP_USER set EXPERTTYPE=1 where USERID=5;
------个人设置
insert into IRP_USER_PRIVACY values(3,'microblog_comment',0);
insert into IRP_USER_PRIVACY values(3,'microblog_message',0);
insert into IRP_USER_PRIVACY values(3,'microblog_atme',0);
insert into IRP_USER_PRIVACY values(3,'recommend_user',1);
insert into IRP_USER_PRIVACY values(3,'beginpage_location',1);
insert into IRP_USER_PRIVACY values(3,'boolean_doc_hotword',1);
insert into IRP_USER_PRIVACY values(4,'microblog_comment',0);
insert into IRP_USER_PRIVACY values(4,'microblog_message',0);
insert into IRP_USER_PRIVACY values(4,'microblog_atme',0);
insert into IRP_USER_PRIVACY values(4,'recommend_user',1);
insert into IRP_USER_PRIVACY values(4,'beginpage_location',1);
insert into IRP_USER_PRIVACY values(4,'boolean_doc_hotword',1);
insert into IRP_USER_PRIVACY values(5,'microblog_comment',0);
insert into IRP_USER_PRIVACY values(5,'microblog_message',0);
insert into IRP_USER_PRIVACY values(5,'microblog_atme',0);
insert into IRP_USER_PRIVACY values(5,'recommend_user',1);
insert into IRP_USER_PRIVACY values(5,'beginpage_location',1);
insert into IRP_USER_PRIVACY values(5,'boolean_doc_hotword',1);

---添加专家权限
INSERT INTO IRP_USERROLE_LINK (USERROLEID,ROLEID,USERID,CRUSERID,CRUSER,CRTIME) VALUES(11,2,3,1,'admin',sysdate);
INSERT INTO IRP_USERROLE_LINK (USERROLEID,ROLEID,USERID,CRUSERID,CRUSER,CRTIME) VALUES(12,2,4,1,'admin',sysdate);
INSERT INTO IRP_USERROLE_LINK (USERROLEID,ROLEID,USERID,CRUSERID,CRUSER,CRTIME) VALUES(13,2,5,1,'admin',sysdate);
INSERT INTO IRP_USERROLE_LINK (USERROLEID,ROLEID,USERID,CRUSERID,CRUSER,CRTIME) VALUES(14,2,1,1,'admin',sysdate);
---添加every权限
INSERT INTO IRP_USERROLE_LINK (USERROLEID,ROLEID,USERID,CRUSERID,CRUSER,CRTIME) VALUES(15,7,3,1,'admin',sysdate);
INSERT INTO IRP_USERROLE_LINK (USERROLEID,ROLEID,USERID,CRUSERID,CRUSER,CRTIME) VALUES(16,7,4,1,'admin',sysdate);
INSERT INTO IRP_USERROLE_LINK (USERROLEID,ROLEID,USERID,CRUSERID,CRUSER,CRTIME) VALUES(17,7,5,1,'admin',sysdate);
---添加词条权限
INSERT INTO IRP_USERROLE_LINK (USERROLEID,ROLEID,USERID,CRUSERID,CRUSER,CRTIME) VALUES(18,8,1,1,'admin',sysdate);
INSERT INTO IRP_USERROLE_LINK (USERROLEID,ROLEID,USERID,CRUSERID,CRUSER,CRTIME) VALUES(19,8,5,1,'admin',sysdate);

--添加专家分类
INSERT INTO IRP_EXPERT_CLASSIFY_LINK (USERID,CLASSIFYID,CRUSEID,CRUSE,CRTIME) VALUES(1,5,1,'admin',sysdate);
INSERT INTO IRP_EXPERT_CLASSIFY_LINK (USERID,CLASSIFYID,CRUSEID,CRUSE,CRTIME) VALUES(2,5,1,'admin',sysdate);
INSERT INTO IRP_EXPERT_CLASSIFY_LINK (USERID,CLASSIFYID,CRUSEID,CRUSE,CRTIME) VALUES(3,5,1,'admin',sysdate);
INSERT INTO IRP_EXPERT_CLASSIFY_LINK (USERID,CLASSIFYID,CRUSEID,CRUSE,CRTIME) VALUES(4,5,1,'admin',sysdate);
INSERT INTO IRP_EXPERT_CLASSIFY_LINK (USERID,CLASSIFYID,CRUSEID,CRUSE,CRTIME) VALUES(5,5,1,'admin',sysdate);
----添加组织

INSERT INTO IRP_GROUP (GROUPID, GROUPNAME, GDESC, PARENTID, CRUSER, CRUSERID, CRTIME, GROUPTYPE, GROUPORDER) VALUES (3, '产品一部', '产品一部', 1, 'admin', 1, SYSDATE, 1, 1);

---为组织添加用户

INSERT INTO IRP_USERGROUP_LINK (USERGROUPID,GROUPID,USERID,CRUSERID,CRUSER,CRTIME,ISADMINISTRATOR) VALUES(1,3,3,1,'admin',sysdate,0);
INSERT INTO IRP_USERGROUP_LINK (USERGROUPID,GROUPID,USERID,CRUSERID,CRUSER,CRTIME,ISADMINISTRATOR) VALUES(2,3,4,1,'admin',sysdate,0);
INSERT INTO IRP_USERGROUP_LINK (USERGROUPID,GROUPID,USERID,CRUSERID,CRUSER,CRTIME,ISADMINISTRATOR) VALUES(3,3,5,1,'admin',sysdate,0);

----everyone获取栏目权限
INSERT INTO IRP_RIGHT (RIGHTID,OBJID,OBJTYPE,OPERID,OPERTYPE,OPERTYPEID,CRUSERID,CRUSER,CRTIME) VALUES(5,7,'IRP_ROLE',2,'IRP_SITE',41,1,'tfsadmin',sysdate);
INSERT INTO IRP_RIGHT (RIGHTID,OBJID,OBJTYPE,OPERID,OPERTYPE,OPERTYPEID,CRUSERID,CRUSER,CRTIME) VALUES(6,7,'IRP_ROLE',50,'IRP_CHANNEL',41,1,'tfsadmin',sysdate);
INSERT INTO IRP_RIGHT (RIGHTID,OBJID,OBJTYPE,OPERID,OPERTYPE,OPERTYPEID,CRUSERID,CRUSER,CRTIME) VALUES(7,7,'IRP_ROLE',51,'IRP_CHANNEL',41,1,'tfsadmin',sysdate);
INSERT INTO IRP_RIGHT (RIGHTID,OBJID,OBJTYPE,OPERID,OPERTYPE,OPERTYPEID,CRUSERID,CRUSER,CRTIME) VALUES(8,7,'IRP_ROLE',52,'IRP_CHANNEL',41,1,'tfsadmin',sysdate);
INSERT INTO IRP_RIGHT (RIGHTID,OBJID,OBJTYPE,OPERID,OPERTYPE,OPERTYPEID,CRUSERID,CRUSER,CRTIME) VALUES(9,7,'IRP_ROLE',53,'IRP_CHANNEL',41,1,'tfsadmin',sysdate);
INSERT INTO IRP_RIGHT (RIGHTID,OBJID,OBJTYPE,OPERID,OPERTYPE,OPERTYPEID,CRUSERID,CRUSER,CRTIME) VALUES(10,7,'IRP_ROLE',54,'IRP_CHANNEL',41,1,'tfsadmin',sysdate);
INSERT INTO IRP_RIGHT (RIGHTID,OBJID,OBJTYPE,OPERID,OPERTYPE,OPERTYPEID,CRUSERID,CRUSER,CRTIME) VALUES(11,7,'IRP_ROLE',55,'IRP_CHANNEL',41,1,'tfsadmin',sysdate);
INSERT INTO IRP_RIGHT (RIGHTID,OBJID,OBJTYPE,OPERID,OPERTYPE,OPERTYPEID,CRUSERID,CRUSER,CRTIME) VALUES(12,7,'IRP_ROLE',56,'IRP_CHANNEL',41,1,'tfsadmin',sysdate);

----everyone获取文章权限
INSERT INTO IRP_RIGHT (RIGHTID,OBJID,OBJTYPE,OPERID,OPERTYPE,OPERTYPEID,CRUSERID,CRUSER,CRTIME) VALUES(13,7,'IRP_ROLE',2,'IRP_SITE',11,1,'tfsadmin',sysdate);

INSERT INTO IRP_RIGHT (RIGHTID,OBJID,OBJTYPE,OPERID,OPERTYPE,OPERTYPEID,CRUSERID,CRUSER,CRTIME) VALUES(14,7,'IRP_ROLE',2,'IRP_SITE',12,1,'tfsadmin',sysdate);

INSERT INTO IRP_RIGHT (RIGHTID,OBJID,OBJTYPE,OPERID,OPERTYPE,OPERTYPEID,CRUSERID,CRUSER,CRTIME) VALUES(15,7,'IRP_ROLE',2,'IRP_SITE',33,1,'tfsadmin',sysdate);

INSERT INTO IRP_RIGHT (RIGHTID,OBJID,OBJTYPE,OPERID,OPERTYPE,OPERTYPEID,CRUSERID,CRUSER,CRTIME) VALUES(16,7,'IRP_ROLE',2,'IRP_SITE',44,1,'tfsadmin',sysdate);

INSERT INTO IRP_RIGHT (RIGHTID,OBJID,OBJTYPE,OPERID,OPERTYPE,OPERTYPEID,CRUSERID,CRUSER,CRTIME) VALUES(17,7,'IRP_ROLE',2,'IRP_SITE',45,1,'tfsadmin',sysdate);

INSERT INTO IRP_RIGHT (RIGHTID,OBJID,OBJTYPE,OPERID,OPERTYPE,OPERTYPEID,CRUSERID,CRUSER,CRTIME) VALUES(18,7,'IRP_ROLE',2,'IRP_SITE',46,1,'tfsadmin',sysdate);

INSERT INTO IRP_RIGHT (RIGHTID,OBJID,OBJTYPE,OPERID,OPERTYPE,OPERTYPEID,CRUSERID,CRUSER,CRTIME) VALUES(19,7,'IRP_ROLE',2,'IRP_SITE',47,1,'tfsadmin',sysdate);

----50
INSERT INTO IRP_RIGHT (RIGHTID,OBJID,OBJTYPE,OPERID,OPERTYPE,OPERTYPEID,CRUSERID,CRUSER,CRTIME) VALUES((SELECT max(RIGHTID)+1 from IRP_RIGHT),7,'IRP_ROLE',50,'IRP_CHANNEL',11,1,'tfsadmin',sysdate);

INSERT INTO IRP_RIGHT (RIGHTID,OBJID,OBJTYPE,OPERID,OPERTYPE,OPERTYPEID,CRUSERID,CRUSER,CRTIME) VALUES((SELECT max(RIGHTID)+1 from IRP_RIGHT),7,'IRP_ROLE',50,'IRP_CHANNEL',12,1,'tfsadmin',sysdate);

INSERT INTO IRP_RIGHT (RIGHTID,OBJID,OBJTYPE,OPERID,OPERTYPE,OPERTYPEID,CRUSERID,CRUSER,CRTIME) VALUES((SELECT max(RIGHTID)+1 from IRP_RIGHT),7,'IRP_ROLE',50,'IRP_CHANNEL',33,1,'tfsadmin',sysdate);

INSERT INTO IRP_RIGHT (RIGHTID,OBJID,OBJTYPE,OPERID,OPERTYPE,OPERTYPEID,CRUSERID,CRUSER,CRTIME) VALUES((SELECT max(RIGHTID)+1 from IRP_RIGHT),7,'IRP_ROLE',50,'IRP_CHANNEL',44,1,'tfsadmin',sysdate);

INSERT INTO IRP_RIGHT (RIGHTID,OBJID,OBJTYPE,OPERID,OPERTYPE,OPERTYPEID,CRUSERID,CRUSER,CRTIME) VALUES((SELECT max(RIGHTID)+1 from IRP_RIGHT),7,'IRP_ROLE',50,'IRP_CHANNEL',45,1,'tfsadmin',sysdate);

INSERT INTO IRP_RIGHT (RIGHTID,OBJID,OBJTYPE,OPERID,OPERTYPE,OPERTYPEID,CRUSERID,CRUSER,CRTIME) VALUES((SELECT max(RIGHTID)+1 from IRP_RIGHT),7,'IRP_ROLE',50,'IRP_CHANNEL',46,1,'tfsadmin',sysdate);

INSERT INTO IRP_RIGHT (RIGHTID,OBJID,OBJTYPE,OPERID,OPERTYPE,OPERTYPEID,CRUSERID,CRUSER,CRTIME) VALUES((SELECT max(RIGHTID)+1 from IRP_RIGHT),7,'IRP_ROLE',50,'IRP_CHANNEL',47,1,'tfsadmin',sysdate);

----51
INSERT INTO IRP_RIGHT (RIGHTID,OBJID,OBJTYPE,OPERID,OPERTYPE,OPERTYPEID,CRUSERID,CRUSER,CRTIME) VALUES((SELECT max(RIGHTID)+1 from IRP_RIGHT),7,'IRP_ROLE',51,'IRP_CHANNEL',11,1,'tfsadmin',sysdate);

INSERT INTO IRP_RIGHT (RIGHTID,OBJID,OBJTYPE,OPERID,OPERTYPE,OPERTYPEID,CRUSERID,CRUSER,CRTIME) VALUES((SELECT max(RIGHTID)+1 from IRP_RIGHT),7,'IRP_ROLE',51,'IRP_CHANNEL',12,1,'tfsadmin',sysdate);

INSERT INTO IRP_RIGHT (RIGHTID,OBJID,OBJTYPE,OPERID,OPERTYPE,OPERTYPEID,CRUSERID,CRUSER,CRTIME) VALUES((SELECT max(RIGHTID)+1 from IRP_RIGHT),7,'IRP_ROLE',51,'IRP_CHANNEL',33,1,'tfsadmin',sysdate);

INSERT INTO IRP_RIGHT (RIGHTID,OBJID,OBJTYPE,OPERID,OPERTYPE,OPERTYPEID,CRUSERID,CRUSER,CRTIME) VALUES((SELECT max(RIGHTID)+1 from IRP_RIGHT),7,'IRP_ROLE',51,'IRP_CHANNEL',44,1,'tfsadmin',sysdate);

INSERT INTO IRP_RIGHT (RIGHTID,OBJID,OBJTYPE,OPERID,OPERTYPE,OPERTYPEID,CRUSERID,CRUSER,CRTIME) VALUES((SELECT max(RIGHTID)+1 from IRP_RIGHT),7,'IRP_ROLE',51,'IRP_CHANNEL',45,1,'tfsadmin',sysdate);

INSERT INTO IRP_RIGHT (RIGHTID,OBJID,OBJTYPE,OPERID,OPERTYPE,OPERTYPEID,CRUSERID,CRUSER,CRTIME) VALUES((SELECT max(RIGHTID)+1 from IRP_RIGHT),7,'IRP_ROLE',51,'IRP_CHANNEL',46,1,'tfsadmin',sysdate);

INSERT INTO IRP_RIGHT (RIGHTID,OBJID,OBJTYPE,OPERID,OPERTYPE,OPERTYPEID,CRUSERID,CRUSER,CRTIME) VALUES((SELECT max(RIGHTID)+1 from IRP_RIGHT),7,'IRP_ROLE',51,'IRP_CHANNEL',47,1,'tfsadmin',sysdate);
----52
INSERT INTO IRP_RIGHT (RIGHTID,OBJID,OBJTYPE,OPERID,OPERTYPE,OPERTYPEID,CRUSERID,CRUSER,CRTIME) VALUES((SELECT max(RIGHTID)+1 from IRP_RIGHT),7,'IRP_ROLE',52,'IRP_CHANNEL',11,1,'tfsadmin',sysdate);

INSERT INTO IRP_RIGHT (RIGHTID,OBJID,OBJTYPE,OPERID,OPERTYPE,OPERTYPEID,CRUSERID,CRUSER,CRTIME) VALUES((SELECT max(RIGHTID)+1 from IRP_RIGHT),7,'IRP_ROLE',52,'IRP_CHANNEL',12,1,'tfsadmin',sysdate);

INSERT INTO IRP_RIGHT (RIGHTID,OBJID,OBJTYPE,OPERID,OPERTYPE,OPERTYPEID,CRUSERID,CRUSER,CRTIME) VALUES((SELECT max(RIGHTID)+1 from IRP_RIGHT),7,'IRP_ROLE',52,'IRP_CHANNEL',33,1,'tfsadmin',sysdate);

INSERT INTO IRP_RIGHT (RIGHTID,OBJID,OBJTYPE,OPERID,OPERTYPE,OPERTYPEID,CRUSERID,CRUSER,CRTIME) VALUES((SELECT max(RIGHTID)+1 from IRP_RIGHT),7,'IRP_ROLE',52,'IRP_CHANNEL',44,1,'tfsadmin',sysdate);

INSERT INTO IRP_RIGHT (RIGHTID,OBJID,OBJTYPE,OPERID,OPERTYPE,OPERTYPEID,CRUSERID,CRUSER,CRTIME) VALUES((SELECT max(RIGHTID)+1 from IRP_RIGHT),7,'IRP_ROLE',52,'IRP_CHANNEL',45,1,'tfsadmin',sysdate);

INSERT INTO IRP_RIGHT (RIGHTID,OBJID,OBJTYPE,OPERID,OPERTYPE,OPERTYPEID,CRUSERID,CRUSER,CRTIME) VALUES((SELECT max(RIGHTID)+1 from IRP_RIGHT),7,'IRP_ROLE',52,'IRP_CHANNEL',46,1,'tfsadmin',sysdate);

INSERT INTO IRP_RIGHT (RIGHTID,OBJID,OBJTYPE,OPERID,OPERTYPE,OPERTYPEID,CRUSERID,CRUSER,CRTIME) VALUES((SELECT max(RIGHTID)+1 from IRP_RIGHT),7,'IRP_ROLE',52,'IRP_CHANNEL',47,1,'tfsadmin',sysdate);
----53
INSERT INTO IRP_RIGHT (RIGHTID,OBJID,OBJTYPE,OPERID,OPERTYPE,OPERTYPEID,CRUSERID,CRUSER,CRTIME) VALUES((SELECT max(RIGHTID)+1 from IRP_RIGHT),7,'IRP_ROLE',53,'IRP_CHANNEL',11,1,'tfsadmin',sysdate);

INSERT INTO IRP_RIGHT (RIGHTID,OBJID,OBJTYPE,OPERID,OPERTYPE,OPERTYPEID,CRUSERID,CRUSER,CRTIME) VALUES((SELECT max(RIGHTID)+1 from IRP_RIGHT),7,'IRP_ROLE',53,'IRP_CHANNEL',12,1,'tfsadmin',sysdate);

INSERT INTO IRP_RIGHT (RIGHTID,OBJID,OBJTYPE,OPERID,OPERTYPE,OPERTYPEID,CRUSERID,CRUSER,CRTIME) VALUES((SELECT max(RIGHTID)+1 from IRP_RIGHT),7,'IRP_ROLE',53,'IRP_CHANNEL',33,1,'tfsadmin',sysdate);

INSERT INTO IRP_RIGHT (RIGHTID,OBJID,OBJTYPE,OPERID,OPERTYPE,OPERTYPEID,CRUSERID,CRUSER,CRTIME) VALUES((SELECT max(RIGHTID)+1 from IRP_RIGHT),7,'IRP_ROLE',53,'IRP_CHANNEL',44,1,'tfsadmin',sysdate);

INSERT INTO IRP_RIGHT (RIGHTID,OBJID,OBJTYPE,OPERID,OPERTYPE,OPERTYPEID,CRUSERID,CRUSER,CRTIME) VALUES((SELECT max(RIGHTID)+1 from IRP_RIGHT),7,'IRP_ROLE',53,'IRP_CHANNEL',45,1,'tfsadmin',sysdate);

INSERT INTO IRP_RIGHT (RIGHTID,OBJID,OBJTYPE,OPERID,OPERTYPE,OPERTYPEID,CRUSERID,CRUSER,CRTIME) VALUES((SELECT max(RIGHTID)+1 from IRP_RIGHT),7,'IRP_ROLE',53,'IRP_CHANNEL',46,1,'tfsadmin',sysdate);

INSERT INTO IRP_RIGHT (RIGHTID,OBJID,OBJTYPE,OPERID,OPERTYPE,OPERTYPEID,CRUSERID,CRUSER,CRTIME) VALUES((SELECT max(RIGHTID)+1 from IRP_RIGHT),7,'IRP_ROLE',53,'IRP_CHANNEL',47,1,'tfsadmin',sysdate);
----54
INSERT INTO IRP_RIGHT (RIGHTID,OBJID,OBJTYPE,OPERID,OPERTYPE,OPERTYPEID,CRUSERID,CRUSER,CRTIME) VALUES((SELECT max(RIGHTID)+1 from IRP_RIGHT),7,'IRP_ROLE',54,'IRP_CHANNEL',11,1,'tfsadmin',sysdate);

INSERT INTO IRP_RIGHT (RIGHTID,OBJID,OBJTYPE,OPERID,OPERTYPE,OPERTYPEID,CRUSERID,CRUSER,CRTIME) VALUES((SELECT max(RIGHTID)+1 from IRP_RIGHT),7,'IRP_ROLE',54,'IRP_CHANNEL',12,1,'tfsadmin',sysdate);

INSERT INTO IRP_RIGHT (RIGHTID,OBJID,OBJTYPE,OPERID,OPERTYPE,OPERTYPEID,CRUSERID,CRUSER,CRTIME) VALUES((SELECT max(RIGHTID)+1 from IRP_RIGHT),7,'IRP_ROLE',54,'IRP_CHANNEL',33,1,'tfsadmin',sysdate);

INSERT INTO IRP_RIGHT (RIGHTID,OBJID,OBJTYPE,OPERID,OPERTYPE,OPERTYPEID,CRUSERID,CRUSER,CRTIME) VALUES((SELECT max(RIGHTID)+1 from IRP_RIGHT),7,'IRP_ROLE',54,'IRP_CHANNEL',44,1,'tfsadmin',sysdate);

INSERT INTO IRP_RIGHT (RIGHTID,OBJID,OBJTYPE,OPERID,OPERTYPE,OPERTYPEID,CRUSERID,CRUSER,CRTIME) VALUES((SELECT max(RIGHTID)+1 from IRP_RIGHT),7,'IRP_ROLE',54,'IRP_CHANNEL',45,1,'tfsadmin',sysdate);

INSERT INTO IRP_RIGHT (RIGHTID,OBJID,OBJTYPE,OPERID,OPERTYPE,OPERTYPEID,CRUSERID,CRUSER,CRTIME) VALUES((SELECT max(RIGHTID)+1 from IRP_RIGHT),7,'IRP_ROLE',54,'IRP_CHANNEL',46,1,'tfsadmin',sysdate);

INSERT INTO IRP_RIGHT (RIGHTID,OBJID,OBJTYPE,OPERID,OPERTYPE,OPERTYPEID,CRUSERID,CRUSER,CRTIME) VALUES((SELECT max(RIGHTID)+1 from IRP_RIGHT),7,'IRP_ROLE',54,'IRP_CHANNEL',47,1,'tfsadmin',sysdate);
----55
INSERT INTO IRP_RIGHT (RIGHTID,OBJID,OBJTYPE,OPERID,OPERTYPE,OPERTYPEID,CRUSERID,CRUSER,CRTIME) VALUES((SELECT max(RIGHTID)+1 from IRP_RIGHT),7,'IRP_ROLE',55,'IRP_CHANNEL',11,1,'tfsadmin',sysdate);

INSERT INTO IRP_RIGHT (RIGHTID,OBJID,OBJTYPE,OPERID,OPERTYPE,OPERTYPEID,CRUSERID,CRUSER,CRTIME) VALUES((SELECT max(RIGHTID)+1 from IRP_RIGHT),7,'IRP_ROLE',55,'IRP_CHANNEL',12,1,'tfsadmin',sysdate);

INSERT INTO IRP_RIGHT (RIGHTID,OBJID,OBJTYPE,OPERID,OPERTYPE,OPERTYPEID,CRUSERID,CRUSER,CRTIME) VALUES((SELECT max(RIGHTID)+1 from IRP_RIGHT),7,'IRP_ROLE',55,'IRP_CHANNEL',33,1,'tfsadmin',sysdate);

INSERT INTO IRP_RIGHT (RIGHTID,OBJID,OBJTYPE,OPERID,OPERTYPE,OPERTYPEID,CRUSERID,CRUSER,CRTIME) VALUES((SELECT max(RIGHTID)+1 from IRP_RIGHT),7,'IRP_ROLE',55,'IRP_CHANNEL',44,1,'tfsadmin',sysdate);

INSERT INTO IRP_RIGHT (RIGHTID,OBJID,OBJTYPE,OPERID,OPERTYPE,OPERTYPEID,CRUSERID,CRUSER,CRTIME) VALUES((SELECT max(RIGHTID)+1 from IRP_RIGHT),7,'IRP_ROLE',55,'IRP_CHANNEL',45,1,'tfsadmin',sysdate);

INSERT INTO IRP_RIGHT (RIGHTID,OBJID,OBJTYPE,OPERID,OPERTYPE,OPERTYPEID,CRUSERID,CRUSER,CRTIME) VALUES((SELECT max(RIGHTID)+1 from IRP_RIGHT),7,'IRP_ROLE',55,'IRP_CHANNEL',46,1,'tfsadmin',sysdate);

INSERT INTO IRP_RIGHT (RIGHTID,OBJID,OBJTYPE,OPERID,OPERTYPE,OPERTYPEID,CRUSERID,CRUSER,CRTIME) VALUES((SELECT max(RIGHTID)+1 from IRP_RIGHT),7,'IRP_ROLE',55,'IRP_CHANNEL',47,1,'tfsadmin',sysdate);
----56
INSERT INTO IRP_RIGHT (RIGHTID,OBJID,OBJTYPE,OPERID,OPERTYPE,OPERTYPEID,CRUSERID,CRUSER,CRTIME) VALUES((SELECT max(RIGHTID)+1 from IRP_RIGHT),7,'IRP_ROLE',56,'IRP_CHANNEL',11,1,'tfsadmin',sysdate);

INSERT INTO IRP_RIGHT (RIGHTID,OBJID,OBJTYPE,OPERID,OPERTYPE,OPERTYPEID,CRUSERID,CRUSER,CRTIME) VALUES((SELECT max(RIGHTID)+1 from IRP_RIGHT),7,'IRP_ROLE',56,'IRP_CHANNEL',12,1,'tfsadmin',sysdate);

INSERT INTO IRP_RIGHT (RIGHTID,OBJID,OBJTYPE,OPERID,OPERTYPE,OPERTYPEID,CRUSERID,CRUSER,CRTIME) VALUES((SELECT max(RIGHTID)+1 from IRP_RIGHT),7,'IRP_ROLE',56,'IRP_CHANNEL',33,1,'tfsadmin',sysdate);

INSERT INTO IRP_RIGHT (RIGHTID,OBJID,OBJTYPE,OPERID,OPERTYPE,OPERTYPEID,CRUSERID,CRUSER,CRTIME) VALUES((SELECT max(RIGHTID)+1 from IRP_RIGHT),7,'IRP_ROLE',56,'IRP_CHANNEL',44,1,'tfsadmin',sysdate);

INSERT INTO IRP_RIGHT (RIGHTID,OBJID,OBJTYPE,OPERID,OPERTYPE,OPERTYPEID,CRUSERID,CRUSER,CRTIME) VALUES((SELECT max(RIGHTID)+1 from IRP_RIGHT),7,'IRP_ROLE',56,'IRP_CHANNEL',45,1,'tfsadmin',sysdate);

INSERT INTO IRP_RIGHT (RIGHTID,OBJID,OBJTYPE,OPERID,OPERTYPE,OPERTYPEID,CRUSERID,CRUSER,CRTIME) VALUES((SELECT max(RIGHTID)+1 from IRP_RIGHT),7,'IRP_ROLE',56,'IRP_CHANNEL',46,1,'tfsadmin',sysdate);

INSERT INTO IRP_RIGHT (RIGHTID,OBJID,OBJTYPE,OPERID,OPERTYPE,OPERTYPEID,CRUSERID,CRUSER,CRTIME) VALUES((SELECT max(RIGHTID)+1 from IRP_RIGHT),7,'IRP_ROLE',56,'IRP_CHANNEL',47,1,'tfsadmin',sysdate);
----everyone获取地图权限

INSERT INTO IRP_RIGHT (RIGHTID,OBJID,OBJTYPE,OPERID,OPERTYPE,OPERTYPEID,CRUSERID,CRUSER,CRTIME) VALUES((SELECT max(RIGHTID)+1 from IRP_RIGHT),7,'IRP_ROLE',3,'IRP_CHANNEL',60,1,'tfsadmin',sysdate);

INSERT INTO IRP_RIGHT (RIGHTID,OBJID,OBJTYPE,OPERID,OPERTYPE,OPERTYPEID,CRUSERID,CRUSER,CRTIME) VALUES((SELECT max(RIGHTID)+1 from IRP_RIGHT),7,'IRP_ROLE',3,'IRP_CHANNEL',61,1,'tfsadmin',sysdate);
---57
INSERT INTO IRP_RIGHT (RIGHTID,OBJID,OBJTYPE,OPERID,OPERTYPE,OPERTYPEID,CRUSERID,CRUSER,CRTIME) VALUES((SELECT max(RIGHTID)+1 from IRP_RIGHT),7,'IRP_ROLE',57,'IRP_CHANNEL',60,1,'tfsadmin',sysdate);
INSERT INTO IRP_RIGHT (RIGHTID,OBJID,OBJTYPE,OPERID,OPERTYPE,OPERTYPEID,CRUSERID,CRUSER,CRTIME) VALUES((SELECT max(RIGHTID)+1 from IRP_RIGHT),7,'IRP_ROLE',57,'IRP_CHANNEL',61,1,'tfsadmin',sysdate);


---58
INSERT INTO IRP_RIGHT (RIGHTID,OBJID,OBJTYPE,OPERID,OPERTYPE,OPERTYPEID,CRUSERID,CRUSER,CRTIME) VALUES((SELECT max(RIGHTID)+1 from IRP_RIGHT),7,'IRP_ROLE',58,'IRP_CHANNEL',60,1,'tfsadmin',sysdate);
INSERT INTO IRP_RIGHT (RIGHTID,OBJID,OBJTYPE,OPERID,OPERTYPE,OPERTYPEID,CRUSERID,CRUSER,CRTIME) VALUES((SELECT max(RIGHTID)+1 from IRP_RIGHT),7,'IRP_ROLE',58,'IRP_CHANNEL',61,1,'tfsadmin',sysdate);

---59
INSERT INTO IRP_RIGHT (RIGHTID,OBJID,OBJTYPE,OPERID,OPERTYPE,OPERTYPEID,CRUSERID,CRUSER,CRTIME) VALUES((SELECT max(RIGHTID)+1 from IRP_RIGHT),7,'IRP_ROLE',59,'IRP_CHANNEL',60,1,'tfsadmin',sysdate);
INSERT INTO IRP_RIGHT (RIGHTID,OBJID,OBJTYPE,OPERID,OPERTYPE,OPERTYPEID,CRUSERID,CRUSER,CRTIME) VALUES((SELECT max(RIGHTID)+1 from IRP_RIGHT),7,'IRP_ROLE',59,'IRP_CHANNEL',61,1,'tfsadmin',sysdate);

---60
INSERT INTO IRP_RIGHT (RIGHTID,OBJID,OBJTYPE,OPERID,OPERTYPE,OPERTYPEID,CRUSERID,CRUSER,CRTIME) VALUES((SELECT max(RIGHTID)+1 from IRP_RIGHT),7,'IRP_ROLE',60,'IRP_CHANNEL',60,1,'tfsadmin',sysdate);
INSERT INTO IRP_RIGHT (RIGHTID,OBJID,OBJTYPE,OPERID,OPERTYPE,OPERTYPEID,CRUSERID,CRUSER,CRTIME) VALUES((SELECT max(RIGHTID)+1 from IRP_RIGHT),7,'IRP_ROLE',60,'IRP_CHANNEL',61,1,'tfsadmin',sysdate);


---61
INSERT INTO IRP_RIGHT (RIGHTID,OBJID,OBJTYPE,OPERID,OPERTYPE,OPERTYPEID,CRUSERID,CRUSER,CRTIME) VALUES((SELECT max(RIGHTID)+1 from IRP_RIGHT),7,'IRP_ROLE',61,'IRP_CHANNEL',60,1,'tfsadmin',sysdate);
INSERT INTO IRP_RIGHT (RIGHTID,OBJID,OBJTYPE,OPERID,OPERTYPE,OPERTYPEID,CRUSERID,CRUSER,CRTIME) VALUES((SELECT max(RIGHTID)+1 from IRP_RIGHT),7,'IRP_ROLE',61,'IRP_CHANNEL',61,1,'tfsadmin',sysdate);


---62
INSERT INTO IRP_RIGHT (RIGHTID,OBJID,OBJTYPE,OPERID,OPERTYPE,OPERTYPEID,CRUSERID,CRUSER,CRTIME) VALUES((SELECT max(RIGHTID)+1 from IRP_RIGHT),7,'IRP_ROLE',62,'IRP_CHANNEL',60,1,'tfsadmin',sysdate);
INSERT INTO IRP_RIGHT (RIGHTID,OBJID,OBJTYPE,OPERID,OPERTYPE,OPERTYPEID,CRUSERID,CRUSER,CRTIME) VALUES((SELECT max(RIGHTID)+1 from IRP_RIGHT),7,'IRP_ROLE',62,'IRP_CHANNEL',61,1,'tfsadmin',sysdate);


---63
INSERT INTO IRP_RIGHT (RIGHTID,OBJID,OBJTYPE,OPERID,OPERTYPE,OPERTYPEID,CRUSERID,CRUSER,CRTIME) VALUES((SELECT max(RIGHTID)+1 from IRP_RIGHT),7,'IRP_ROLE',63,'IRP_CHANNEL',60,1,'tfsadmin',sysdate);
INSERT INTO IRP_RIGHT (RIGHTID,OBJID,OBJTYPE,OPERID,OPERTYPE,OPERTYPEID,CRUSERID,CRUSER,CRTIME) VALUES((SELECT max(RIGHTID)+1 from IRP_RIGHT),7,'IRP_ROLE',63,'IRP_CHANNEL',61,1,'tfsadmin',sysdate);

---64
INSERT INTO IRP_RIGHT (RIGHTID,OBJID,OBJTYPE,OPERID,OPERTYPE,OPERTYPEID,CRUSERID,CRUSER,CRTIME) VALUES((SELECT max(RIGHTID)+1 from IRP_RIGHT),7,'IRP_ROLE',64,'IRP_CHANNEL',60,1,'tfsadmin',sysdate);
INSERT INTO IRP_RIGHT (RIGHTID,OBJID,OBJTYPE,OPERID,OPERTYPE,OPERTYPEID,CRUSERID,CRUSER,CRTIME) VALUES((SELECT max(RIGHTID)+1 from IRP_RIGHT),7,'IRP_ROLE',64,'IRP_CHANNEL',61,1,'tfsadmin',sysdate);

---65
INSERT INTO IRP_RIGHT (RIGHTID,OBJID,OBJTYPE,OPERID,OPERTYPE,OPERTYPEID,CRUSERID,CRUSER,CRTIME) VALUES((SELECT max(RIGHTID)+1 from IRP_RIGHT),7,'IRP_ROLE',65,'IRP_CHANNEL',60,1,'tfsadmin',sysdate);
INSERT INTO IRP_RIGHT (RIGHTID,OBJID,OBJTYPE,OPERID,OPERTYPE,OPERTYPEID,CRUSERID,CRUSER,CRTIME) VALUES((SELECT max(RIGHTID)+1 from IRP_RIGHT),7,'IRP_ROLE',65,'IRP_CHANNEL',61,1,'tfsadmin',sysdate);

---66
INSERT INTO IRP_RIGHT (RIGHTID,OBJID,OBJTYPE,OPERID,OPERTYPE,OPERTYPEID,CRUSERID,CRUSER,CRTIME) VALUES((SELECT max(RIGHTID)+1 from IRP_RIGHT),7,'IRP_ROLE',66,'IRP_CHANNEL',60,1,'tfsadmin',sysdate);
INSERT INTO IRP_RIGHT (RIGHTID,OBJID,OBJTYPE,OPERID,OPERTYPE,OPERTYPEID,CRUSERID,CRUSER,CRTIME) VALUES((SELECT max(RIGHTID)+1 from IRP_RIGHT),7,'IRP_ROLE',66,'IRP_CHANNEL',61,1,'tfsadmin',sysdate);

---67
INSERT INTO IRP_RIGHT (RIGHTID,OBJID,OBJTYPE,OPERID,OPERTYPE,OPERTYPEID,CRUSERID,CRUSER,CRTIME) VALUES((SELECT max(RIGHTID)+1 from IRP_RIGHT),7,'IRP_ROLE',67,'IRP_CHANNEL',60,1,'tfsadmin',sysdate);
INSERT INTO IRP_RIGHT (RIGHTID,OBJID,OBJTYPE,OPERID,OPERTYPE,OPERTYPEID,CRUSERID,CRUSER,CRTIME) VALUES((SELECT max(RIGHTID)+1 from IRP_RIGHT),7,'IRP_ROLE',67,'IRP_CHANNEL',61,1,'tfsadmin',sysdate);

---68
INSERT INTO IRP_RIGHT (RIGHTID,OBJID,OBJTYPE,OPERID,OPERTYPE,OPERTYPEID,CRUSERID,CRUSER,CRTIME) VALUES((SELECT max(RIGHTID)+1 from IRP_RIGHT),7,'IRP_ROLE',68,'IRP_CHANNEL',60,1,'tfsadmin',sysdate);
INSERT INTO IRP_RIGHT (RIGHTID,OBJID,OBJTYPE,OPERID,OPERTYPE,OPERTYPEID,CRUSERID,CRUSER,CRTIME) VALUES((SELECT max(RIGHTID)+1 from IRP_RIGHT),7,'IRP_ROLE',68,'IRP_CHANNEL',61,1,'tfsadmin',sysdate);

---69
INSERT INTO IRP_RIGHT (RIGHTID,OBJID,OBJTYPE,OPERID,OPERTYPE,OPERTYPEID,CRUSERID,CRUSER,CRTIME) VALUES((SELECT max(RIGHTID)+1 from IRP_RIGHT),7,'IRP_ROLE',69,'IRP_CHANNEL',60,1,'tfsadmin',sysdate);
INSERT INTO IRP_RIGHT (RIGHTID,OBJID,OBJTYPE,OPERID,OPERTYPE,OPERTYPEID,CRUSERID,CRUSER,CRTIME) VALUES((SELECT max(RIGHTID)+1 from IRP_RIGHT),7,'IRP_ROLE',69,'IRP_CHANNEL',61,1,'tfsadmin',sysdate);

---70
INSERT INTO IRP_RIGHT (RIGHTID,OBJID,OBJTYPE,OPERID,OPERTYPE,OPERTYPEID,CRUSERID,CRUSER,CRTIME) VALUES((SELECT max(RIGHTID)+1 from IRP_RIGHT),7,'IRP_ROLE',70,'IRP_CHANNEL',60,1,'tfsadmin',sysdate);
INSERT INTO IRP_RIGHT (RIGHTID,OBJID,OBJTYPE,OPERID,OPERTYPE,OPERTYPEID,CRUSERID,CRUSER,CRTIME) VALUES((SELECT max(RIGHTID)+1 from IRP_RIGHT),7,'IRP_ROLE',70,'IRP_CHANNEL',61,1,'tfsadmin',sysdate);

---71
INSERT INTO IRP_RIGHT (RIGHTID,OBJID,OBJTYPE,OPERID,OPERTYPE,OPERTYPEID,CRUSERID,CRUSER,CRTIME) VALUES((SELECT max(RIGHTID)+1 from IRP_RIGHT),7,'IRP_ROLE',71,'IRP_CHANNEL',60,1,'tfsadmin',sysdate);
INSERT INTO IRP_RIGHT (RIGHTID,OBJID,OBJTYPE,OPERID,OPERTYPE,OPERTYPEID,CRUSERID,CRUSER,CRTIME) VALUES((SELECT max(RIGHTID)+1 from IRP_RIGHT),7,'IRP_ROLE',71,'IRP_CHANNEL',61,1,'tfsadmin',sysdate);

---72
INSERT INTO IRP_RIGHT (RIGHTID,OBJID,OBJTYPE,OPERID,OPERTYPE,OPERTYPEID,CRUSERID,CRUSER,CRTIME) VALUES((SELECT max(RIGHTID)+1 from IRP_RIGHT),7,'IRP_ROLE',72,'IRP_CHANNEL',60,1,'tfsadmin',sysdate);
INSERT INTO IRP_RIGHT (RIGHTID,OBJID,OBJTYPE,OPERID,OPERTYPE,OPERTYPEID,CRUSERID,CRUSER,CRTIME) VALUES((SELECT max(RIGHTID)+1 from IRP_RIGHT),7,'IRP_ROLE',72,'IRP_CHANNEL',61,1,'tfsadmin',sysdate);

---73
INSERT INTO IRP_RIGHT (RIGHTID,OBJID,OBJTYPE,OPERID,OPERTYPE,OPERTYPEID,CRUSERID,CRUSER,CRTIME) VALUES((SELECT max(RIGHTID)+1 from IRP_RIGHT),7,'IRP_ROLE',73,'IRP_CHANNEL',60,1,'tfsadmin',sysdate);
INSERT INTO IRP_RIGHT (RIGHTID,OBJID,OBJTYPE,OPERID,OPERTYPE,OPERTYPEID,CRUSERID,CRUSER,CRTIME) VALUES((SELECT max(RIGHTID)+1 from IRP_RIGHT),7,'IRP_ROLE',73,'IRP_CHANNEL',61,1,'tfsadmin',sysdate);

---74
INSERT INTO IRP_RIGHT (RIGHTID,OBJID,OBJTYPE,OPERID,OPERTYPE,OPERTYPEID,CRUSERID,CRUSER,CRTIME) VALUES((SELECT max(RIGHTID)+1 from IRP_RIGHT),7,'IRP_ROLE',74,'IRP_CHANNEL',60,1,'tfsadmin',sysdate);
INSERT INTO IRP_RIGHT (RIGHTID,OBJID,OBJTYPE,OPERID,OPERTYPE,OPERTYPEID,CRUSERID,CRUSER,CRTIME) VALUES((SELECT max(RIGHTID)+1 from IRP_RIGHT),7,'IRP_ROLE',74,'IRP_CHANNEL',61,1,'tfsadmin',sysdate);

---75
INSERT INTO IRP_RIGHT (RIGHTID,OBJID,OBJTYPE,OPERID,OPERTYPE,OPERTYPEID,CRUSERID,CRUSER,CRTIME) VALUES((SELECT max(RIGHTID)+1 from IRP_RIGHT),7,'IRP_ROLE',75,'IRP_CHANNEL',60,1,'tfsadmin',sysdate);
INSERT INTO IRP_RIGHT (RIGHTID,OBJID,OBJTYPE,OPERID,OPERTYPE,OPERTYPEID,CRUSERID,CRUSER,CRTIME) VALUES((SELECT max(RIGHTID)+1 from IRP_RIGHT),7,'IRP_ROLE',75,'IRP_CHANNEL',61,1,'tfsadmin',sysdate);

---76
INSERT INTO IRP_RIGHT (RIGHTID,OBJID,OBJTYPE,OPERID,OPERTYPE,OPERTYPEID,CRUSERID,CRUSER,CRTIME) VALUES((SELECT max(RIGHTID)+1 from IRP_RIGHT),7,'IRP_ROLE',76,'IRP_CHANNEL',60,1,'tfsadmin',sysdate);
INSERT INTO IRP_RIGHT (RIGHTID,OBJID,OBJTYPE,OPERID,OPERTYPE,OPERTYPEID,CRUSERID,CRUSER,CRTIME) VALUES((SELECT max(RIGHTID)+1 from IRP_RIGHT),7,'IRP_ROLE',76,'IRP_CHANNEL',61,1,'tfsadmin',sysdate);

---77
INSERT INTO IRP_RIGHT (RIGHTID,OBJID,OBJTYPE,OPERID,OPERTYPE,OPERTYPEID,CRUSERID,CRUSER,CRTIME) VALUES((SELECT max(RIGHTID)+1 from IRP_RIGHT),7,'IRP_ROLE',77,'IRP_CHANNEL',60,1,'tfsadmin',sysdate);
INSERT INTO IRP_RIGHT (RIGHTID,OBJID,OBJTYPE,OPERID,OPERTYPE,OPERTYPEID,CRUSERID,CRUSER,CRTIME) VALUES((SELECT max(RIGHTID)+1 from IRP_RIGHT),7,'IRP_ROLE',77,'IRP_CHANNEL',61,1,'tfsadmin',sysdate);

---78
INSERT INTO IRP_RIGHT (RIGHTID,OBJID,OBJTYPE,OPERID,OPERTYPE,OPERTYPEID,CRUSERID,CRUSER,CRTIME) VALUES((SELECT max(RIGHTID)+1 from IRP_RIGHT),7,'IRP_ROLE',78,'IRP_CHANNEL',60,1,'tfsadmin',sysdate);
INSERT INTO IRP_RIGHT (RIGHTID,OBJID,OBJTYPE,OPERID,OPERTYPE,OPERTYPEID,CRUSERID,CRUSER,CRTIME) VALUES((SELECT max(RIGHTID)+1 from IRP_RIGHT),7,'IRP_ROLE',78,'IRP_CHANNEL',61,1,'tfsadmin',sysdate);
----everyone获取专题权限

---8
INSERT INTO IRP_RIGHT (RIGHTID,OBJID,OBJTYPE,OPERID,OPERTYPE,OPERTYPEID,CRUSERID,CRUSER,CRTIME) VALUES((SELECT max(RIGHTID)+1 from IRP_RIGHT),7,'IRP_ROLE',8,'IRP_CHANNEL',53,1,'tfsadmin',sysdate);
INSERT INTO IRP_RIGHT (RIGHTID,OBJID,OBJTYPE,OPERID,OPERTYPE,OPERTYPEID,CRUSERID,CRUSER,CRTIME) VALUES((SELECT max(RIGHTID)+1 from IRP_RIGHT),7,'IRP_ROLE',8,'IRP_CHANNEL',54,1,'tfsadmin',sysdate);

---79
INSERT INTO IRP_RIGHT (RIGHTID,OBJID,OBJTYPE,OPERID,OPERTYPE,OPERTYPEID,CRUSERID,CRUSER,CRTIME) VALUES((SELECT max(RIGHTID)+1 from IRP_RIGHT),7,'IRP_ROLE',79,'IRP_CHANNEL',53,1,'tfsadmin',sysdate);
INSERT INTO IRP_RIGHT (RIGHTID,OBJID,OBJTYPE,OPERID,OPERTYPE,OPERTYPEID,CRUSERID,CRUSER,CRTIME) VALUES((SELECT max(RIGHTID)+1 from IRP_RIGHT),7,'IRP_ROLE',79,'IRP_CHANNEL',54,1,'tfsadmin',sysdate);

---80
INSERT INTO IRP_RIGHT (RIGHTID,OBJID,OBJTYPE,OPERID,OPERTYPE,OPERTYPEID,CRUSERID,CRUSER,CRTIME) VALUES((SELECT max(RIGHTID)+1 from IRP_RIGHT),7,'IRP_ROLE',80,'IRP_CHANNEL',53,1,'tfsadmin',sysdate);
INSERT INTO IRP_RIGHT (RIGHTID,OBJID,OBJTYPE,OPERID,OPERTYPE,OPERTYPEID,CRUSERID,CRUSER,CRTIME) VALUES((SELECT max(RIGHTID)+1 from IRP_RIGHT),7,'IRP_ROLE',80,'IRP_CHANNEL',54,1,'tfsadmin',sysdate);

---81
INSERT INTO IRP_RIGHT (RIGHTID,OBJID,OBJTYPE,OPERID,OPERTYPE,OPERTYPEID,CRUSERID,CRUSER,CRTIME) VALUES((SELECT max(RIGHTID)+1 from IRP_RIGHT),7,'IRP_ROLE',81,'IRP_CHANNEL',53,1,'tfsadmin',sysdate);
INSERT INTO IRP_RIGHT (RIGHTID,OBJID,OBJTYPE,OPERID,OPERTYPE,OPERTYPEID,CRUSERID,CRUSER,CRTIME) VALUES((SELECT max(RIGHTID)+1 from IRP_RIGHT),7,'IRP_ROLE',81,'IRP_CHANNEL',54,1,'tfsadmin',sysdate);
---82
INSERT INTO IRP_RIGHT (RIGHTID,OBJID,OBJTYPE,OPERID,OPERTYPE,OPERTYPEID,CRUSERID,CRUSER,CRTIME) VALUES((SELECT max(RIGHTID)+1 from IRP_RIGHT),7,'IRP_ROLE',82,'IRP_CHANNEL',53,1,'tfsadmin',sysdate);
INSERT INTO IRP_RIGHT (RIGHTID,OBJID,OBJTYPE,OPERID,OPERTYPE,OPERTYPEID,CRUSERID,CRUSER,CRTIME) VALUES((SELECT max(RIGHTID)+1 from IRP_RIGHT),7,'IRP_ROLE',82,'IRP_CHANNEL',54,1,'tfsadmin',sysdate);


---所拥有栏目文章

---概念定义
INSERT INTO IRP_DOCUMENT (DOCID,CHANNELID,SITEID,DOCTYPE,DOCTITLE, DOCSTATUS,DOCCONTENT, DOCHTMLCON, DOCABSTRACT,DOCKEYWORDS,DOCPUBTIME, CRUSER,CRUSERID,  CRTIME, DOCFLAG,ATTACHEDCONTENT,TRANSFORMNAME, COMPLETESCORE,CRYSCORE,GROUPID)
VALUES(18,51,2,10,'知识管理的目的和定义',10,'知识是企业在未来“知识社会”中的机会与竞争力的来源，但知识本身并不会产生价值，必须藉由管理技巧，透过人员有系统、沟通与创意的酝酿下，适时藉助信息科技之力，才能使知识发挥功效。',
'<p>知识是企业在未来&ldquo;知识社会&rdquo;中的机会与竞争力的来源，但知识本身并不会产生价值，必须藉由管理技巧，透过人员有系统、沟通与创意的酝酿下，适时藉助信息科技之力，才能使知识发挥功效。</p>',
'知识管理的目的和定义','知识管理的目的和定义',sysdate,'tfsadmin',1,sysdate, 0,
'<p>知识是企业在未来&ldquo;知识社会&rdquo;中的机会与竞争力的来源，但知识本身并不会产生价值，必须藉由管理技巧，透过人员有系统、沟通与创意的酝酿下，适时藉助信息科技之力，才能使知识发挥功效。</p>',
0,1,1,3);
INSERT INTO IRP_CHNL_DOC_LINK(CHNLDOCID,CHANNELID, DOCID,DOCTITLE,DOCSTATUS,CRTIME, DOCPUBTIME,MODAL,DOCCHANNEL, DOCFLAG,SITEID, CRUSERID,COMPLETESCORE,CRYSCORE)
VALUES(18,51,18,'知识管理的目的和定义',10,sysdate,sysdate,10,0,0,2,1,1,1);
INSERT INTO IRP_ATTACHED(ATTACHEDID,ATTDOCID,ATTFILE,TYPEID,ATTDESC,ATTLINKALT,ATTSERN,ATTPROP,ATTFLAG, ATTTIME,CRUSER,CRUSERID,CRTIME, FILEEXT,EDITVERSIONS)
VALUES(22,18,'AF511811026724473.doc',1,'知识管理的目的和定义.doc','知识管理的目的和定义.doc',2,0,2,sysdate,'tfsadmin',1,sysdate,'doc',0);


INSERT INTO IRP_DOCUMENT (DOCID,CHANNELID,SITEID,DOCTYPE,DOCTITLE, DOCSTATUS,DOCCONTENT, DOCHTMLCON, DOCABSTRACT,DOCKEYWORDS,DOCPUBTIME, CRUSER,CRUSERID,  CRTIME, DOCFLAG,ATTACHEDCONTENT,TRANSFORMNAME, COMPLETESCORE,CRYSCORE,GROUPID)
VALUES(19,51,2,10,'知识管理的定义',10,'',
' ',
'知识管理的定义','知识管理的定义',sysdate,'tfsadmin',1,sysdate, 0,
' ',
0,1,1,3);
INSERT INTO IRP_CHNL_DOC_LINK(CHNLDOCID,CHANNELID, DOCID,DOCTITLE,DOCSTATUS,CRTIME, DOCPUBTIME,MODAL,DOCCHANNEL, DOCFLAG,SITEID, CRUSERID,COMPLETESCORE,CRYSCORE)
VALUES(19,51,19,'知识管理的定义',10,sysdate,sysdate,10,0,0,2,1,1,1);
INSERT INTO IRP_ATTACHED(ATTACHEDID,ATTDOCID,ATTFILE,TYPEID,ATTDESC,ATTLINKALT,ATTSERN,ATTPROP,ATTFLAG, ATTTIME,CRUSER,CRUSERID,CRTIME, FILEEXT,EDITVERSIONS)
VALUES(23,19,'AF201711022388809.doc',1,'知识管理的定义.doc','知识管理的定义.doc',2,0,2,sysdate,'tfsadmin',1,sysdate,'doc',0);

--------国家标准
INSERT INTO IRP_DOCUMENT (DOCID,CHANNELID,SITEID,DOCTYPE,DOCTITLE, DOCSTATUS,DOCCONTENT, DOCHTMLCON, DOCABSTRACT,DOCKEYWORDS,DOCPUBTIME, CRUSER,CRUSERID,  CRTIME, DOCFLAG,ATTACHEDCONTENT,TRANSFORMNAME, COMPLETESCORE,CRYSCORE,GROUPID)
VALUES(20,52,2,10,'GBT_23703.1-2009_知识管理_第1部分：框架',10,'',
' ',
'GBT_23703.1-2009_知识管理_第1部分：框架','GBT_23703.1-2009_知识管理_第1部分：框架',sysdate,'tfsadmin',1,sysdate, 0,
' ',
0,1,1,3);
INSERT INTO IRP_CHNL_DOC_LINK(CHNLDOCID,CHANNELID, DOCID,DOCTITLE,DOCSTATUS,CRTIME, DOCPUBTIME,MODAL,DOCCHANNEL, DOCFLAG,SITEID, CRUSERID,COMPLETESCORE,CRYSCORE)
VALUES(20,52,20,'GBT_23703.1-2009_知识管理_第1部分：框架',10,sysdate,sysdate,10,0,0,2,1,1,1);
INSERT INTO IRP_ATTACHED(ATTACHEDID,ATTDOCID,ATTFILE,TYPEID,ATTDESC,ATTLINKALT,ATTSERN,ATTPROP,ATTFLAG, ATTTIME,CRUSER,CRUSERID,CRTIME, FILEEXT,EDITVERSIONS)
VALUES(24,20,'AF201711027546995.pdf',1,'GBT_23703.1-2009_知识管理_第1部分：框架.pdf','GBT_23703.1-2009_知识管理_第1部分：框架.pdf',2,0,2,sysdate,'tfsadmin',1,sysdate,'pdf',0);

INSERT INTO IRP_DOCUMENT (DOCID,CHANNELID,SITEID,DOCTYPE,DOCTITLE, DOCSTATUS,DOCCONTENT, DOCHTMLCON, DOCABSTRACT,DOCKEYWORDS,DOCPUBTIME, CRUSER,CRUSERID,  CRTIME, DOCFLAG,ATTACHEDCONTENT,TRANSFORMNAME, COMPLETESCORE,CRYSCORE,GROUPID)
VALUES(21,52,2,10,'GBT_23703.2-2110_知识管理_第2部分：术语',10,'',
' ',
'GBT_23703.2-2110_知识管理_第2部分：术语','GBT_23703.2-2110_知识管理_第2部分：术语',sysdate,'tfsadmin',1,sysdate, 0,
' ',
0,1,1,3);
INSERT INTO IRP_CHNL_DOC_LINK(CHNLDOCID,CHANNELID, DOCID,DOCTITLE,DOCSTATUS,CRTIME, DOCPUBTIME,MODAL,DOCCHANNEL, DOCFLAG,SITEID, CRUSERID,COMPLETESCORE,CRYSCORE)
VALUES(21,52,21,'GBT_23703.2-2110_知识管理_第2部分：术语',10,sysdate,sysdate,10,0,0,2,1,1,1);
INSERT INTO IRP_ATTACHED(ATTACHEDID,ATTDOCID,ATTFILE,TYPEID,ATTDESC,ATTLINKALT,ATTSERN,ATTPROP,ATTFLAG, ATTTIME,CRUSER,CRUSERID,CRTIME, FILEEXT,EDITVERSIONS)
VALUES(25,21,'AF20171102832052.pdf',1,'GBT_23703.2-2110_知识管理_第2部分：术语.pdf','GBT_23703.2-2110_知识管理_第2部分：术语.pdf',2,0,2,sysdate,'tfsadmin',1,sysdate,'pdf',0);
INSERT INTO IRP_DOCUMENT (DOCID,CHANNELID,SITEID,DOCTYPE,DOCTITLE, DOCSTATUS,DOCCONTENT, DOCHTMLCON, DOCABSTRACT,DOCKEYWORDS,DOCPUBTIME, CRUSER,CRUSERID,  CRTIME, DOCFLAG,ATTACHEDCONTENT,TRANSFORMNAME, COMPLETESCORE,CRYSCORE,GROUPID)
VALUES(22,52,2,10,'GBT_23703.3-2010_知识管理_第3部分：组织文化',10,'',
' ',
'GBT_23703.3-2010_知识管理_第3部分：组织文化','GBT_23703.3-2010_知识管理_第3部分：组织文化',sysdate,'tfsadmin',1,sysdate, 0,
' ',
0,1,1,3);
INSERT INTO IRP_CHNL_DOC_LINK(CHNLDOCID,CHANNELID, DOCID,DOCTITLE,DOCSTATUS,CRTIME, DOCPUBTIME,MODAL,DOCCHANNEL, DOCFLAG,SITEID, CRUSERID,COMPLETESCORE,CRYSCORE)
VALUES(22,52,22,'GBT_23703.3-2010_知识管理_第3部分：组织文化',10,sysdate,sysdate,10,0,0,2,1,1,1);
INSERT INTO IRP_ATTACHED(ATTACHEDID,ATTDOCID,ATTFILE,TYPEID,ATTDESC,ATTLINKALT,ATTSERN,ATTPROP,ATTFLAG, ATTTIME,CRUSER,CRUSERID,CRTIME, FILEEXT,EDITVERSIONS)
VALUES(26,22,'AF201711021044160.pdf',1,'GBT_23703.3-2010_知识管理_第3部分：组织文化.pdf','GBT_23703.3-2010_知识管理_第3部分：组织文化.pdf',2,0,2,sysdate,'tfsadmin',1,sysdate,'pdf',0);
INSERT INTO IRP_DOCUMENT (DOCID,CHANNELID,SITEID,DOCTYPE,DOCTITLE, DOCSTATUS,DOCCONTENT, DOCHTMLCON, DOCABSTRACT,DOCKEYWORDS,DOCPUBTIME, CRUSER,CRUSERID,  CRTIME, DOCFLAG,ATTACHEDCONTENT,TRANSFORMNAME, COMPLETESCORE,CRYSCORE,GROUPID)
VALUES(23,52,2,10,'GBT_23703.4-2010_知识管理_第4部分：知识活动',10,'',
' ',
'GBT_23703.4-2010_知识管理_第4部分：知识活动','GBT_23703.4-2010_知识管理_第4部分：知识活动',sysdate,'tfsadmin',1,sysdate, 0,
' ',
0,1,1,3);
INSERT INTO IRP_CHNL_DOC_LINK(CHNLDOCID,CHANNELID, DOCID,DOCTITLE,DOCSTATUS,CRTIME, DOCPUBTIME,MODAL,DOCCHANNEL, DOCFLAG,SITEID, CRUSERID,COMPLETESCORE,CRYSCORE)
VALUES(23,52,23,'GBT_23703.4-2010_知识管理_第4部分：知识活动',10,sysdate,sysdate,10,0,0,2,1,1,1);
INSERT INTO IRP_ATTACHED(ATTACHEDID,ATTDOCID,ATTFILE,TYPEID,ATTDESC,ATTLINKALT,ATTSERN,ATTPROP,ATTFLAG, ATTTIME,CRUSER,CRUSERID,CRTIME, FILEEXT,EDITVERSIONS)
VALUES(27,23,'AF201711021773212.pdf',1,'GBT_23703.4-2010_知识管理_第4部分：知识活动.pdf','GBT_23703.4-2010_知识管理_第4部分：知识活动.pdf',2,0,2,sysdate,'tfsadmin',1,sysdate,'pdf',0);
INSERT INTO IRP_DOCUMENT (DOCID,CHANNELID,SITEID,DOCTYPE,DOCTITLE, DOCSTATUS,DOCCONTENT, DOCHTMLCON, DOCABSTRACT,DOCKEYWORDS,DOCPUBTIME, CRUSER,CRUSERID,  CRTIME, DOCFLAG,ATTACHEDCONTENT,TRANSFORMNAME, COMPLETESCORE,CRYSCORE,GROUPID)
VALUES(24,52,2,10,'GBT_23703.5-2010_知识管理_第5部分：实施指南',10,'',
' ',
'GBT_23703.5-2010_知识管理_第5部分：实施指南','GBT_23703.5-2010_知识管理_第5部分：实施指南',sysdate,'tfsadmin',1,sysdate, 0,
' ',
0,1,1,3);
INSERT INTO IRP_CHNL_DOC_LINK(CHNLDOCID,CHANNELID, DOCID,DOCTITLE,DOCSTATUS,CRTIME, DOCPUBTIME,MODAL,DOCCHANNEL, DOCFLAG,SITEID, CRUSERID,COMPLETESCORE,CRYSCORE)
VALUES(24,52,24,'GBT_23703.5-2010_知识管理_第5部分：实施指南',10,sysdate,sysdate,10,0,0,2,1,1,1);
INSERT INTO IRP_ATTACHED(ATTACHEDID,ATTDOCID,ATTFILE,TYPEID,ATTDESC,ATTLINKALT,ATTSERN,ATTPROP,ATTFLAG, ATTTIME,CRUSER,CRUSERID,CRTIME, FILEEXT,EDITVERSIONS)
VALUES(28,24,'AF201711022502990.pdf',1,'GBT_23703.5-2010_知识管理_第5部分：实施指南.pdf','GBT_23703.5-2010_知识管理_第5部分：实施指南.pdf',2,0,2,sysdate,'tfsadmin',1,sysdate,'pdf',0);
INSERT INTO IRP_DOCUMENT (DOCID,CHANNELID,SITEID,DOCTYPE,DOCTITLE, DOCSTATUS,DOCCONTENT, DOCHTMLCON, DOCABSTRACT,DOCKEYWORDS,DOCPUBTIME, CRUSER,CRUSERID,  CRTIME, DOCFLAG,ATTACHEDCONTENT,TRANSFORMNAME, COMPLETESCORE,CRYSCORE,GROUPID)
VALUES(25,52,2,10,'GBT_23703.6-2010_知识管理_第6部分：评价',10,'',
' ',
'GBT_23703.6-2010_知识管理_第6部分：评价','GBT_23703.6-2010_知识管理_第6部分：评价',sysdate,'tfsadmin',1,sysdate, 0,
' ',
0,1,1,3);
INSERT INTO IRP_CHNL_DOC_LINK(CHNLDOCID,CHANNELID, DOCID,DOCTITLE,DOCSTATUS,CRTIME, DOCPUBTIME,MODAL,DOCCHANNEL, DOCFLAG,SITEID, CRUSERID,COMPLETESCORE,CRYSCORE)
VALUES(25,52,25,'GBT_23703.6-2010_知识管理_第6部分：评价',10,sysdate,sysdate,10,0,0,2,1,1,1);
INSERT INTO IRP_ATTACHED(ATTACHEDID,ATTDOCID,ATTFILE,TYPEID,ATTDESC,ATTLINKALT,ATTSERN,ATTPROP,ATTFLAG, ATTTIME,CRUSER,CRUSERID,CRTIME, FILEEXT,EDITVERSIONS)
VALUES(29,25,'AF201711024635320.pdf',1,'GBT_23703.6-2010_知识管理_第6部分：评价.pdf','GBT_23703.6-2010_知识管理_第6部分：评价.pdf',2,0,2,sysdate,'tfsadmin',1,sysdate,'pdf',0);
INSERT INTO IRP_DOCUMENT (DOCID,CHANNELID,SITEID,DOCTYPE,DOCTITLE, DOCSTATUS,DOCCONTENT, DOCHTMLCON, DOCABSTRACT,DOCKEYWORDS,DOCPUBTIME, CRUSER,CRUSERID,  CRTIME, DOCFLAG,ATTACHEDCONTENT,TRANSFORMNAME, COMPLETESCORE,CRYSCORE,GROUPID)
VALUES(26,52,2,10,'GBT_23703.6-2010_知识管理_第7部分：通用',10,'',
' ',
'GBT_23703.6-2010_知识管理_第7部分：通用','GBT_23703.6-2010_知识管理_第7部分：通用',sysdate,'tfsadmin',1,sysdate, 0,
' ',
0,1,1,3);
INSERT INTO IRP_CHNL_DOC_LINK(CHNLDOCID,CHANNELID, DOCID,DOCTITLE,DOCSTATUS,CRTIME, DOCPUBTIME,MODAL,DOCCHANNEL, DOCFLAG,SITEID, CRUSERID,COMPLETESCORE,CRYSCORE)
VALUES(26,52,26,'GBT_23703.6-2010_知识管理_第7部分：通用',10,sysdate,sysdate,10,0,0,2,1,1,1);
INSERT INTO IRP_ATTACHED(ATTACHEDID,ATTDOCID,ATTFILE,TYPEID,ATTDESC,ATTLINKALT,ATTSERN,ATTPROP,ATTFLAG, ATTTIME,CRUSER,CRUSERID,CRTIME, FILEEXT,EDITVERSIONS)
VALUES(30,26,'AF201711028514756.pdf',1,'GBT_23703.6-2010_知识管理_第7部分：通用.pdf','GBT_23703.6-2010_知识管理_第7部分：通用.pdf',2,0,2,sysdate,'tfsadmin',1,sysdate,'pdf',0);
INSERT INTO IRP_DOCUMENT (DOCID,CHANNELID,SITEID,DOCTYPE,DOCTITLE, DOCSTATUS,DOCCONTENT, DOCHTMLCON, DOCABSTRACT,DOCKEYWORDS,DOCPUBTIME, CRUSER,CRUSERID,  CRTIME, DOCFLAG,ATTACHEDCONTENT,TRANSFORMNAME, COMPLETESCORE,CRYSCORE,GROUPID)
VALUES(27,52,2,10,'GBT_23703.6-2010_知识管理_第8部分：部件',10,'',
' ',
'GBT_23703.6-2010_知识管理_第8部分：部件','GBT_23703.6-2010_知识管理_第8部分：部件',sysdate,'tfsadmin',1,sysdate, 0,
' ',
0,1,1,3);
INSERT INTO IRP_CHNL_DOC_LINK(CHNLDOCID,CHANNELID, DOCID,DOCTITLE,DOCSTATUS,CRTIME, DOCPUBTIME,MODAL,DOCCHANNEL, DOCFLAG,SITEID, CRUSERID,COMPLETESCORE,CRYSCORE)
VALUES(27,52,27,'GBT_23703.6-2010_知识管理_第8部分：部件',10,sysdate,sysdate,10,0,0,2,1,1,1);
INSERT INTO IRP_ATTACHED(ATTACHEDID,ATTDOCID,ATTFILE,TYPEID,ATTDESC,ATTLINKALT,ATTSERN,ATTPROP,ATTFLAG, ATTTIME,CRUSER,CRUSERID,CRTIME, FILEEXT,EDITVERSIONS)
VALUES(31,27,'AF201711023604576.pdf',1,'GBT_23703.6-2010_知识管理_第8部分：部件.pdf','GBT_23703.6-2010_知识管理_第8部分：部件.pdf',2,0,2,sysdate,'tfsadmin',1,sysdate,'pdf',0);


----------案例展示

INSERT INTO IRP_DOCUMENT (DOCID,CHANNELID,SITEID,DOCTYPE,DOCTITLE, DOCSTATUS,DOCCONTENT, DOCHTMLCON, DOCABSTRACT,DOCKEYWORDS,DOCPUBTIME, CRUSER,CRUSERID,  CRTIME, DOCFLAG,ATTACHEDCONTENT,TRANSFORMNAME, COMPLETESCORE,CRYSCORE,GROUPID)
VALUES(28,53,2,10,'万达学院案例库',10,'通过教学体系收集万达集团各业务系统的经典完整案例，提供多种使用介质和检索模式供各类用户查询使用，为业务发展提供有力保障，推动集团各业务绩效的提升；借助培训考试系统，形成一体化的培训系统，统一管理、统一服务；在为学员提供培训管理的同时，提高学员学习兴趣、充分发挥专家力量、建立良好的沟通交流平台。1、根据业务方向，生成集团八大业态方向的案例知识库    借助知识管理平台的多库管理功能，结合万达集团的特点，打造了：集团、商业地产、百货、酒店、商管、大歌星、院线、演艺八大案例库。    在八大案例库中，共配置出77个专业分类，每个专业下可自由扩展二级分类（扩展）。根据案例知识的特性，定制出多个知识模板来满足知识录入和展现的需要。提供案例的图片展示，形成类似百度文库的案例直观显示，系统自动根据上传的案例抽取出案例图片，同时提供附件的在线浏览功能。2、系统智能的收集学员对知识的浏览和搜索等行为，结合系统和员工自身的标签属性池中的标签，自动发现知识，主动推送给学员；    学院和员工可以分配学员的业务方向、需要掌握的知识和提升技能方向，将这些方向对应的知识点配置到员工的标签属性池中，系统可以根据这些标签，自动发现知识并进行推送；当员工在浏览知识和搜索等行为时，系统自动汇聚、并分析和提取其中蕴含的知识点，通过先进的分析、淘汰、沉淀算法，与标签属性结合，形成员工的个人知识主题云，来自动发现知识，进行优秀案例和知识的推送。3、通过树立万达集团中的员工技能，结合万达学院内部多年的培训经验，构建出集团完整的专家库。    集团的专家主要是由万达学院的培训讲师来担任，全部为集团经理以上级别，目前树立出来的专家数量为200多个。系统同时支持根据案例库的使用情况，从普通学员中提升出集团的知识和案例专家。4、借助成熟的互联网搜索引擎技术，监控互联网的热点资讯    借助专业的智能处理技术：自动分类等，发现网络知识，并迅速汇聚到知识库中，然后借助智能推荐功能，以最快的速度实现互联网资讯与学员之间的同步，形成万达集团员工的智慧。',
'<p style="text-align:start">通过教学体系收集万达集团各业务系统的经典完整案例，提供多种使用介质和检索模式供各类用户查询使用，为业务发展提供有力保障，推动集团各业务绩效的提升；借助培训考试系统，形成一体化的培训系统，统一管理、统一服务；在为学员提供培训管理的同时，提高学员学习兴趣、充分发挥专家力量、建立良好的沟通交流平台。</p><p style="text-align:start">1、根据业务方向，生成集团八大业态方向的案例知识库</p><p style="text-align:start">&nbsp; &nbsp; 借助知识管理平台的多库管理功能，结合万达集团的特点，打造了：集团、商业地产、百货、酒店、商管、大歌星、院线、演艺八大案例库。</p><p style="text-align:start">&nbsp; &nbsp; 在八大案例库中，共配置出77个专业分类，每个专业下可自由扩展二级分类（扩展）。根据案例知识的特性，定制出多个知识模板来满足知识录入和展现的需要。提供案例的图片展示，形成类似百度文库的案例直观显示，系统自动根据上传的案例抽取出案例图片，同时提供附件的在线浏览功能。</p><p style="text-align:start">2、系统智能的收集学员对知识的浏览和搜索等行为，结合系统和员工自身的标签属性池中的标签，自动发现知识，主动推送给学员；</p><p style="text-align:start">&nbsp; &nbsp; 学院和员工可以分配学员的业务方向、需要掌握的知识和提升技能方向，将这些方向对应的知识点配置到员工的标签属性池中，系统可以根据这些标签，自动发现知识并进行推送；当员工在浏览知识和搜索等行为时，系统自动汇聚、并分析和提取其中蕴含的知识点，通过先进的分析、淘汰、沉淀算法，与标签属性结合，形成员工的个人知识主题云，来自动发现知识，进行优秀案例和知识的推送。</p><p style="text-align:start">3、通过树立万达集团中的员工技能，结合万达学院内部多年的培训经验，构建出集团完整的专家库。</p><p style="text-align:start">&nbsp; &nbsp; 集团的专家主要是由万达学院的培训讲师来担任，全部为集团经理以上级别，目前树立出来的专家数量为200多个。系统同时支持根据案例库的使用情况，从普通学员中提升出集团的知识和案例专家。</p><p style="text-align:start">4、借助成熟的互联网搜索引擎技术，监控互联网的热点资讯</p><p style="text-align:start">&nbsp; &nbsp; 借助专业的智能处理技术：自动分类等，发现网络知识，并迅速汇聚到知识库中，然后借助智能推荐功能，以最快的速度实现互联网资讯与学员之间的同步，形成万达集团员工的智慧。</p>',
'通过教学体系收集万达集团各业务系统的经典完整案例，提供多种使用介质和检索模式供各类用户查询使用','万达学院案例库',sysdate,'tfsadmin',1,sysdate, 0,
'<p style="text-align:start">通过教学体系收集万达集团各业务系统的经典完整案例，提供多种使用介质和检索模式供各类用户查询使用，为业务发展提供有力保障，推动集团各业务绩效的提升；借助培训考试系统，形成一体化的培训系统，统一管理、统一服务；在为学员提供培训管理的同时，提高学员学习兴趣、充分发挥专家力量、建立良好的沟通交流平台。</p><p style="text-align:start">1、根据业务方向，生成集团八大业态方向的案例知识库</p><p style="text-align:start">&nbsp; &nbsp; 借助知识管理平台的多库管理功能，结合万达集团的特点，打造了：集团、商业地产、百货、酒店、商管、大歌星、院线、演艺八大案例库。</p><p style="text-align:start">&nbsp; &nbsp; 在八大案例库中，共配置出77个专业分类，每个专业下可自由扩展二级分类（扩展）。根据案例知识的特性，定制出多个知识模板来满足知识录入和展现的需要。提供案例的图片展示，形成类似百度文库的案例直观显示，系统自动根据上传的案例抽取出案例图片，同时提供附件的在线浏览功能。</p><p style="text-align:start">2、系统智能的收集学员对知识的浏览和搜索等行为，结合系统和员工自身的标签属性池中的标签，自动发现知识，主动推送给学员；</p><p style="text-align:start">&nbsp; &nbsp; 学院和员工可以分配学员的业务方向、需要掌握的知识和提升技能方向，将这些方向对应的知识点配置到员工的标签属性池中，系统可以根据这些标签，自动发现知识并进行推送；当员工在浏览知识和搜索等行为时，系统自动汇聚、并分析和提取其中蕴含的知识点，通过先进的分析、淘汰、沉淀算法，与标签属性结合，形成员工的个人知识主题云，来自动发现知识，进行优秀案例和知识的推送。</p><p style="text-align:start">3、通过树立万达集团中的员工技能，结合万达学院内部多年的培训经验，构建出集团完整的专家库。</p><p style="text-align:start">&nbsp; &nbsp; 集团的专家主要是由万达学院的培训讲师来担任，全部为集团经理以上级别，目前树立出来的专家数量为200多个。系统同时支持根据案例库的使用情况，从普通学员中提升出集团的知识和案例专家。</p><p style="text-align:start">4、借助成熟的互联网搜索引擎技术，监控互联网的热点资讯</p><p style="text-align:start">&nbsp; &nbsp; 借助专业的智能处理技术：自动分类等，发现网络知识，并迅速汇聚到知识库中，然后借助智能推荐功能，以最快的速度实现互联网资讯与学员之间的同步，形成万达集团员工的智慧。</p>',
0,1,1,3);
INSERT INTO IRP_CHNL_DOC_LINK(CHNLDOCID,CHANNELID, DOCID,DOCTITLE,DOCSTATUS,CRTIME, DOCPUBTIME,MODAL,DOCCHANNEL, DOCFLAG,SITEID, CRUSERID,COMPLETESCORE,CRYSCORE)
VALUES(28,53,28,'万达学院案例库',10,sysdate,sysdate,10,0,0,2,1,1,1);


INSERT INTO IRP_DOCUMENT (DOCID,CHANNELID,SITEID,DOCTYPE,DOCTITLE, DOCSTATUS,DOCCONTENT, DOCHTMLCON, DOCABSTRACT,DOCKEYWORDS,DOCPUBTIME, CRUSER,CRUSERID,  CRTIME, DOCFLAG,ATTACHEDCONTENT,TRANSFORMNAME, COMPLETESCORE,CRYSCORE,GROUPID)
VALUES(29,53,2,10,'北京日报民生热线',10,'民生热线系统开办目的是通过京报网网站平台，收集网友对北京市政建设存在问题的投诉和建议，通过报社的沟通渠道，将网友的投诉和建议转办给相应的管理部门，同时将主管部门对网友的办理结果进行反馈，架起网友和市政管理者的沟通桥梁，发挥网络新媒体的优势。1、角色管理    民生热线系统角色包括：匿名用户、注册用户、管理用户、委办局用户。    匿名用户：所有浏览民生热线系统的用户    注册用户：注册为民生热线系统登录用户的网友    管理用户：对网友的投诉和建议进行审核、转办、回复的系统用户    委办局用户：负责回复网友投诉、建议的系统用户2、版块管理    民生热线系统，需要可以提供版块管理功能，以方便各种类型的反馈信息，比如需要包括：投诉、建议、咨询、爆料、维权等版块。3、表单管理    网友提交的投诉、建议等信息，需要包含标题、正文，附件（可选）等，用户在提交投诉建议的时候，可以指定委办局进行答复。4、信息提交包括匿名提交和注册提交匿名提交      匿名网友可以在线提交投诉和建议、爆料、咨询信息等。注册提交      注册网友可以在线提交投诉和建议、爆料、咨询信息等，同时可以在线回答其他网友的提问，可以对回答进行评价。5、信息审核    所有提交的信息都需要进行审核，审核通过的信息，可以显示在网页上，未审核通过的信息，可以进行删除。6、信息转办    对需要转办的信息，可以转给相应的委办局进行转办，进行转办操作后，该信息的状态为“已转办”7、信息回复    从相应的委办局接收到回复信息或答复后，可以利用各委办局的账号进行回复，或是给委办局开通账号，由委办局进行直接回复。8、信息检索    用户提交信息后，可以按照信息编号进行状态和结果查询。对于已经回复完成或解决的问题，用户可以通过关键词搜索的方式进行检索。',
'<p style="text-align:start">民生热线系统开办目的是通过京报网网站平台，收集网友对北京市政建设存在问题的投诉和建议，通过报社的沟通渠道，将网友的投诉和建议转办给相应的管理部门，同时将主管部门对网友的办理结果进行反馈，架起网友和市政管理者的沟通桥梁，发挥网络新媒体的优势。</p>

<p style="text-align:start">1、角色管理</p>

<p style="text-align:start">&nbsp; &nbsp; 民生热线系统角色包括：匿名用户、注册用户、管理用户、委办局用户。</p>

<p style="text-align:start">&nbsp; &nbsp; 匿名用户：所有浏览民生热线系统的用户</p>

<p style="text-align:start">&nbsp; &nbsp; 注册用户：注册为民生热线系统登录用户的网友</p>

<p style="text-align:start">&nbsp; &nbsp; 管理用户：对网友的投诉和建议进行审核、转办、回复的系统用户</p>

<p style="text-align:start">&nbsp; &nbsp; 委办局用户：负责回复网友投诉、建议的系统用户</p>

<p style="text-align:start">2、版块管理</p>

<p style="text-align:start">&nbsp; &nbsp; 民生热线系统，需要可以提供版块管理功能，以方便各种类型的反馈信息，比如需要包括：投诉、建议、咨询、爆料、维权等版块。</p>

<p style="text-align:start">3、表单管理</p>

<p style="text-align:start">&nbsp; &nbsp; 网友提交的投诉、建议等信息，需要包含标题、正文，附件（可选）等，用户在提交投诉建议的时候，可以指定委办局进行答复。</p>

<p style="text-align:start">4、信息提交包括匿名提交和注册提交</p>

<ul>
	<li>匿名提交</li>
</ul>

<p style="text-align:start">&nbsp; &nbsp; &nbsp; 匿名网友可以在线提交投诉和建议、爆料、咨询信息等。</p>

<ul>
	<li>注册提交</li>
</ul>

<p style="text-align:start">&nbsp; &nbsp; &nbsp; 注册网友可以在线提交投诉和建议、爆料、咨询信息等，同时可以在线回答其他网友的提问，可以对回答进行评价。</p>

<p style="text-align:start">5、信息审核</p>

<p style="text-align:start">&nbsp; &nbsp; 所有提交的信息都需要进行审核，审核通过的信息，可以显示在网页上，未审核通过的信息，可以进行删除。</p>

<p style="text-align:start">6、信息转办</p>

<p style="text-align:start">&nbsp; &nbsp; 对需要转办的信息，可以转给相应的委办局进行转办，进行转办操作后，该信息的状态为&ldquo;已转办&rdquo;</p>

<p style="text-align:start">7、信息回复</p>

<p style="text-align:start">&nbsp; &nbsp; 从相应的委办局接收到回复信息或答复后，可以利用各委办局的账号进行回复，或是给委办局开通账号，由委办局进行直接回复。</p>

<p style="text-align:start">8、信息检索</p>

<p style="text-align:start">&nbsp; &nbsp; 用户提交信息后，可以按照信息编号进行状态和结果查询。对于已经回复完成或解决的问题，用户可以通过关键词搜索的方式进行检索。</p>
',
'民生热线系统开办目的是通过京报网网站平台，收集网友对北京市政建设存在问题的投诉和建议，通过报社的沟通渠道，将网友的投诉和建议转办给相应的管理部门，同时将主管部门对网友的办理结果进行反馈，架起网友和市政管理者的沟通桥梁，发挥网络新媒体的优势。','北京日报民生热线',sysdate,'tfsadmin',1,sysdate, 0,
'<p style="text-align:start">民生热线系统开办目的是通过京报网网站平台，收集网友对北京市政建设存在问题的投诉和建议，通过报社的沟通渠道，将网友的投诉和建议转办给相应的管理部门，同时将主管部门对网友的办理结果进行反馈，架起网友和市政管理者的沟通桥梁，发挥网络新媒体的优势。</p>

<p style="text-align:start">1、角色管理</p>

<p style="text-align:start">&nbsp; &nbsp; 民生热线系统角色包括：匿名用户、注册用户、管理用户、委办局用户。</p>

<p style="text-align:start">&nbsp; &nbsp; 匿名用户：所有浏览民生热线系统的用户</p>

<p style="text-align:start">&nbsp; &nbsp; 注册用户：注册为民生热线系统登录用户的网友</p>

<p style="text-align:start">&nbsp; &nbsp; 管理用户：对网友的投诉和建议进行审核、转办、回复的系统用户</p>

<p style="text-align:start">&nbsp; &nbsp; 委办局用户：负责回复网友投诉、建议的系统用户</p>

<p style="text-align:start">2、版块管理</p>

<p style="text-align:start">&nbsp; &nbsp; 民生热线系统，需要可以提供版块管理功能，以方便各种类型的反馈信息，比如需要包括：投诉、建议、咨询、爆料、维权等版块。</p>

<p style="text-align:start">3、表单管理</p>

<p style="text-align:start">&nbsp; &nbsp; 网友提交的投诉、建议等信息，需要包含标题、正文，附件（可选）等，用户在提交投诉建议的时候，可以指定委办局进行答复。</p>

<p style="text-align:start">4、信息提交包括匿名提交和注册提交</p>

<ul>
	<li>匿名提交</li>
</ul>

<p style="text-align:start">&nbsp; &nbsp; &nbsp; 匿名网友可以在线提交投诉和建议、爆料、咨询信息等。</p>

<ul>
	<li>注册提交</li>
</ul>

<p style="text-align:start">&nbsp; &nbsp; &nbsp; 注册网友可以在线提交投诉和建议、爆料、咨询信息等，同时可以在线回答其他网友的提问，可以对回答进行评价。</p>

<p style="text-align:start">5、信息审核</p>

<p style="text-align:start">&nbsp; &nbsp; 所有提交的信息都需要进行审核，审核通过的信息，可以显示在网页上，未审核通过的信息，可以进行删除。</p>

<p style="text-align:start">6、信息转办</p>

<p style="text-align:start">&nbsp; &nbsp; 对需要转办的信息，可以转给相应的委办局进行转办，进行转办操作后，该信息的状态为&ldquo;已转办&rdquo;</p>

<p style="text-align:start">7、信息回复</p>

<p style="text-align:start">&nbsp; &nbsp; 从相应的委办局接收到回复信息或答复后，可以利用各委办局的账号进行回复，或是给委办局开通账号，由委办局进行直接回复。</p>

<p style="text-align:start">8、信息检索</p>

<p style="text-align:start">&nbsp; &nbsp; 用户提交信息后，可以按照信息编号进行状态和结果查询。对于已经回复完成或解决的问题，用户可以通过关键词搜索的方式进行检索。</p>',
0,1,1,3);
INSERT INTO IRP_CHNL_DOC_LINK(CHNLDOCID,CHANNELID, DOCID,DOCTITLE,DOCSTATUS,CRTIME, DOCPUBTIME,MODAL,DOCCHANNEL, DOCFLAG,SITEID, CRUSERID,COMPLETESCORE,CRYSCORE)
VALUES(29,53,29,'北京日报民生热线',10,sysdate,sysdate,10,0,0,2,1,1,1);

INSERT INTO IRP_DOCUMENT (DOCID,CHANNELID,SITEID,DOCTYPE,DOCTITLE, DOCSTATUS,DOCCONTENT, DOCHTMLCON, DOCABSTRACT,DOCKEYWORDS,DOCPUBTIME, CRUSER,CRUSERID,  CRTIME, DOCFLAG,ATTACHEDCONTENT,TRANSFORMNAME, COMPLETESCORE,CRYSCORE,GROUPID)
VALUES(30,53,2,10,'国家海洋信息中心',10,'国家海洋信息中心（简称“信息中心”），是国家海洋局直属的财政补助事业单位，主要职能是管理国家海洋信息资源，指导、协调全国海洋信息化业务工作，为海洋经济、海洋管理、公益服务和海洋安全提供海洋信息的业务保障、技术支撑与服务。　　本次项目实现了知识管理、知识地图、知识检索、行业词典、资源交换等主要功能，为海洋工程知识提供了专业知识的管理服务平台。在系统使用的过程中，逐渐挖掘出一些需要完善和提升的地方，为此需要在原有平台基础上进行个性化二次开发，完善平台功能，优化用户体验。通过对知识的采集、交互、对接，不断增加知识来源，丰富知识库中的知识；同时，按照海洋工程专业的业务流程，对知识进行重新梳理、重新规划，实现对海洋工程专业知识的高效整合，对知识资源有效、高效的开发利用；并且通过对知识、专家的关联，不断挖掘知识与知识之间，知识与专家之间的关联关系，最大化知识的价值，通过可视化的效果，为用户带来更好的体验。具体内容如下：1.信息资源重新组织；2.第三方文献资料入库；3.批量导入工具；4.与主中心的衔接；5.知识专家与知识作者关联；6.知识智能处理；7.海洋专题应用集成',
'<p style="text-align:start">国家海洋信息中心（简称&ldquo;信息中心&rdquo;），是国家海洋局直属的财政补助事业单位，主要职能是管理国家海洋信息资源，指导、协调全国海洋信息化业务工作，为海洋经济、海洋管理、公益服务和海洋安全提供海洋信息的业务保障、技术支撑与服务。</p>

<p style="text-align:start">　　本次项目实现了知识管理、知识地图、知识检索、行业词典、资源交换等主要功能，为海洋工程知识提供了专业知识的管理服务平台。在系统使用的过程中，逐渐挖掘出一些需要完善和提升的地方，为此需要在原有平台基础上进行个性化二次开发，完善平台功能，优化用户体验。通过对知识的采集、交互、对接，不断增加知识来源，丰富知识库中的知识；同时，按照海洋工程专业的业务流程，对知识进行重新梳理、重新规划，实现对海洋工程专业知识的高效整合，对知识资源有效、高效的开发利用；并且通过对知识、专家的关联，不断挖掘知识与知识之间，知识与专家之间的关联关系，最大化知识的价值，通过可视化的效果，为用户带来更好的体验。</p>

<p style="text-align:start"><span style="font-size:16px">具体内容如下：</span></p>

<p style="text-align:start">1.信息资源重新组织；</p>

<p style="text-align:start">2.第三方文献资料入库；</p>

<p style="text-align:start">3.批量导入工具；</p>

<p style="text-align:start">4.与主中心的衔接；</p>

<p style="text-align:start">5.知识专家与知识作者关联；</p>

<p style="text-align:start">6.知识智能处理；</p>

<p style="text-align:start">7.海洋专题应用集成</p>
',
'本次项目实现了知识管理、知识地图、知识检索、行业词典、资源交换等主要功能，为海洋工程知识提供了专业知识的管理服务平台。','国家海洋信息中心',sysdate,'tfsadmin',1,sysdate, 0,
'<p style="text-align:start">国家海洋信息中心（简称&ldquo;信息中心&rdquo;），是国家海洋局直属的财政补助事业单位，主要职能是管理国家海洋信息资源，指导、协调全国海洋信息化业务工作，为海洋经济、海洋管理、公益服务和海洋安全提供海洋信息的业务保障、技术支撑与服务。</p>

<p style="text-align:start">　　本次项目实现了知识管理、知识地图、知识检索、行业词典、资源交换等主要功能，为海洋工程知识提供了专业知识的管理服务平台。在系统使用的过程中，逐渐挖掘出一些需要完善和提升的地方，为此需要在原有平台基础上进行个性化二次开发，完善平台功能，优化用户体验。通过对知识的采集、交互、对接，不断增加知识来源，丰富知识库中的知识；同时，按照海洋工程专业的业务流程，对知识进行重新梳理、重新规划，实现对海洋工程专业知识的高效整合，对知识资源有效、高效的开发利用；并且通过对知识、专家的关联，不断挖掘知识与知识之间，知识与专家之间的关联关系，最大化知识的价值，通过可视化的效果，为用户带来更好的体验。</p>

<p style="text-align:start"><span style="font-size:16px">具体内容如下：</span></p>

<p style="text-align:start">1.信息资源重新组织；</p>

<p style="text-align:start">2.第三方文献资料入库；</p>

<p style="text-align:start">3.批量导入工具；</p>

<p style="text-align:start">4.与主中心的衔接；</p>

<p style="text-align:start">5.知识专家与知识作者关联；</p>

<p style="text-align:start">6.知识智能处理；</p>

<p style="text-align:start">7.海洋专题应用集成</p>
',
0,1,1,3);
INSERT INTO IRP_CHNL_DOC_LINK(CHNLDOCID,CHANNELID, DOCID,DOCTITLE,DOCSTATUS,CRTIME, DOCPUBTIME,MODAL,DOCCHANNEL, DOCFLAG,SITEID, CRUSERID,COMPLETESCORE,CRYSCORE)
VALUES(30,53,30,'国家海洋信息中心',10,sysdate,sysdate,10,0,0,2,1,1,1);


INSERT INTO IRP_DOCUMENT (DOCID,CHANNELID,SITEID,DOCTYPE,DOCTITLE, DOCSTATUS,DOCCONTENT, DOCHTMLCON, DOCABSTRACT,DOCKEYWORDS,DOCPUBTIME, CRUSER,CRUSERID,  CRTIME, DOCFLAG,ATTACHEDCONTENT,TRANSFORMNAME, COMPLETESCORE,CRYSCORE,GROUPID)
VALUES(31,53,2,10,'中国航空综合技术研究所',10,'中国航空综合技术研究所航空301所隶属于中国航空工业集团公司(AVIC)的航空综合环境航空科技重点实验室(设在中国航空综合技术研究所(航空301所))，是航空行业唯一从事环境与可靠性基础研究、应用基础研究、应用研究和关键技术攻关的航空科技重点实验室。该实验室多年来一直致力于可靠性设计与分析、环境预计与环境适应性设计、可靠性试验与评价、环境试验与评价、故障机理与环境效应分析、软件可靠性设计分析与测试、电磁效应和综合保障等方面的探索和研究工作。    质量大数据中心承担着质量数据过程文档收集整理，质量数据分析利用、质量报告生成管理、项目进度过程管理等重要任务，利用睿思鸣智力资源管理系统，完成了质量数据管理系统、质量数据采集理系统、企业知识社区系统的开发建设。    质量数据管理系统：完成了质量管理数据的采集、录入、权限管理等操作，系统同时提供数据库表自动发布为资源、网上交易等功能。系统建立一个数据管理平台，进行质量数据的展示、管理、授权和下载，同时提供内容管理功能，完成质量报告数据的上传和管理，完成质量数据专题的管理，为下一步的功能开发和运营管理积累经验。    质量管理数据采集系统：完成质量数据的分类采集和信息自动抽取，通过智能化手段进行自动分类和智能标引，将采集数据与自有数据结合，形成统计信息和图表，结合人工，完成质量报告的编写和使用。    企业知识社区：企业知识社区包括百科管理、微博管理、问答管理、专家管理和项目管理等模块，百科营造统一语境，形成行业知识管理骨架，以知识库收集、积累、沉淀显性知识，加强本地数据库文件的利用效率，以专家盘活隐性资源 ，使专家经验得以发现和继承，发挥专家优势，以圈子聚焦关注，破解“知识共享”和“知识保护”冲突难题，知识审计和知识管理体系建设促进平台持续运营。',
'<p style="text-align:start">中国航空综合技术研究所航空301所隶属于中国航空工业集团公司(AVIC)的航空综合环境航空科技重点实验室(设在中国航空综合技术研究所(航空301所))，是航空行业唯一从事环境与可靠性基础研究、应用基础研究、应用研究和关键技术攻关的航空科技重点实验室。该实验室多年来一直致力于可靠性设计与分析、环境预计与环境适应性设计、可靠性试验与评价、环境试验与评价、故障机理与环境效应分析、软件可靠性设计分析与测试、电磁效应和综合保障等方面的探索和研究工作。</p>

<p style="text-align:start">&nbsp; &nbsp; 质量大数据中心承担着质量数据过程文档收集整理，质量数据分析利用、质量报告生成管理、项目进度过程管理等重要任务，利用睿思鸣智力资源管理系统，完成了质量数据管理系统、质量数据采集理系统、企业知识社区系统的开发建设。</p>

<p style="text-align:start">&nbsp; &nbsp; 质量数据管理系统：完成了质量管理数据的采集、录入、权限管理等操作，系统同时提供数据库表自动发布为资源、网上交易等功能。系统建立一个数据管理平台，进行质量数据的展示、管理、授权和下载，同时提供内容管理功能，完成质量报告数据的上传和管理，完成质量数据专题的管理，为下一步的功能开发和运营管理积累经验。</p>

<p style="text-align:start">&nbsp; &nbsp; 质量管理数据采集系统：完成质量数据的分类采集和信息自动抽取，通过智能化手段进行自动分类和智能标引，将采集数据与自有数据结合，形成统计信息和图表，结合人工，完成质量报告的编写和使用。</p>

<p style="text-align:start">&nbsp; &nbsp; 企业知识社区：企业知识社区包括百科管理、微博管理、问答管理、专家管理和项目管理等模块，百科营造统一语境，形成行业知识管理骨架，以知识库收集、积累、沉淀显性知识，加强本地数据库文件的利用效率，以专家盘活隐性资源&nbsp;，使专家经验得以发现和继承，发挥专家优势，以圈子聚焦关注，破解&ldquo;知识共享&rdquo;和&ldquo;知识保护&rdquo;冲突难题，知识审计和知识管理体系建设促进平台持续运营。</p>
',
'质量大数据中心承担着质量数据过程文档收集整理，质量数据分析利用、质量报告生成管理、项目进度过程管理等重要任务，利用睿思鸣智力资源管理系统，完成了质量数据管理系统、质量数据采集理系统、企业知识社区系统的开发建设。','中国航空综合技术研究所',sysdate,'tfsadmin',1,sysdate, 0,
'<p style="text-align:start">中国航空综合技术研究所航空301所隶属于中国航空工业集团公司(AVIC)的航空综合环境航空科技重点实验室(设在中国航空综合技术研究所(航空301所))，是航空行业唯一从事环境与可靠性基础研究、应用基础研究、应用研究和关键技术攻关的航空科技重点实验室。该实验室多年来一直致力于可靠性设计与分析、环境预计与环境适应性设计、可靠性试验与评价、环境试验与评价、故障机理与环境效应分析、软件可靠性设计分析与测试、电磁效应和综合保障等方面的探索和研究工作。</p>

<p style="text-align:start">&nbsp; &nbsp; 质量大数据中心承担着质量数据过程文档收集整理，质量数据分析利用、质量报告生成管理、项目进度过程管理等重要任务，利用睿思鸣智力资源管理系统，完成了质量数据管理系统、质量数据采集理系统、企业知识社区系统的开发建设。</p>

<p style="text-align:start">&nbsp; &nbsp; 质量数据管理系统：完成了质量管理数据的采集、录入、权限管理等操作，系统同时提供数据库表自动发布为资源、网上交易等功能。系统建立一个数据管理平台，进行质量数据的展示、管理、授权和下载，同时提供内容管理功能，完成质量报告数据的上传和管理，完成质量数据专题的管理，为下一步的功能开发和运营管理积累经验。</p>

<p style="text-align:start">&nbsp; &nbsp; 质量管理数据采集系统：完成质量数据的分类采集和信息自动抽取，通过智能化手段进行自动分类和智能标引，将采集数据与自有数据结合，形成统计信息和图表，结合人工，完成质量报告的编写和使用。</p>

<p style="text-align:start">&nbsp; &nbsp; 企业知识社区：企业知识社区包括百科管理、微博管理、问答管理、专家管理和项目管理等模块，百科营造统一语境，形成行业知识管理骨架，以知识库收集、积累、沉淀显性知识，加强本地数据库文件的利用效率，以专家盘活隐性资源&nbsp;，使专家经验得以发现和继承，发挥专家优势，以圈子聚焦关注，破解&ldquo;知识共享&rdquo;和&ldquo;知识保护&rdquo;冲突难题，知识审计和知识管理体系建设促进平台持续运营。</p>
',
0,1,1,3);
INSERT INTO IRP_CHNL_DOC_LINK(CHNLDOCID,CHANNELID, DOCID,DOCTITLE,DOCSTATUS,CRTIME, DOCPUBTIME,MODAL,DOCCHANNEL, DOCFLAG,SITEID, CRUSERID,COMPLETESCORE,CRYSCORE)
VALUES(31,53,31,'中国航空综合技术研究所',10,sysdate,sysdate,10,0,0,2,1,1,1);





------运营推广
INSERT INTO IRP_DOCUMENT (DOCID,CHANNELID,SITEID,DOCTYPE,DOCTITLE, DOCSTATUS,DOCCONTENT, DOCHTMLCON, DOCABSTRACT,DOCKEYWORDS,DOCPUBTIME, CRUSER,CRUSERID,  CRTIME, DOCFLAG,ATTACHEDCONTENT,TRANSFORMNAME, COMPLETESCORE,CRYSCORE,GROUPID)
VALUES(32,54,2,10,'知识管理实施推进制度',10,'',
'',
'知识管理实施推进制度','知识管理实施推进制度',sysdate,'tfsadmin',1,sysdate, 0,
'',
0,1,1,3);
INSERT INTO IRP_CHNL_DOC_LINK(CHNLDOCID,CHANNELID, DOCID,DOCTITLE,DOCSTATUS,CRTIME, DOCPUBTIME,MODAL,DOCCHANNEL, DOCFLAG,SITEID, CRUSERID,COMPLETESCORE,CRYSCORE)
VALUES(32,54,32,'知识管理实施推进制度',10,sysdate,sysdate,10,0,0,2,1,1,1);
INSERT INTO IRP_ATTACHED(ATTACHEDID,ATTDOCID,ATTFILE,TYPEID,ATTDESC,ATTLINKALT,ATTSERN,ATTPROP,ATTFLAG, ATTTIME,CRUSER,CRUSERID,CRTIME, FILEEXT,EDITVERSIONS)
VALUES(32,32,'AP201711023332959.png',2,'知识管理实施推进制度.png','知识管理实施推进制度.png',1,0,1,sysdate,'tfsadmin',1,sysdate,'png',1);
INSERT INTO IRP_ATTACHED(ATTACHEDID,ATTDOCID,ATTFILE,TYPEID,ATTDESC,ATTLINKALT,ATTSERN,ATTPROP,ATTFLAG, ATTTIME,CRUSER,CRUSERID,CRTIME, FILEEXT,EDITVERSIONS)
VALUES(33,32,'AF201711028858875.doc',1,'知识管理实施推进制度.doc','知识管理实施推进制度.doc',2,0,2,sysdate,'tfsadmin',1,sysdate,'doc',0);


INSERT INTO IRP_DOCUMENT (DOCID,CHANNELID,SITEID,DOCTYPE,DOCTITLE, DOCSTATUS,DOCCONTENT, DOCHTMLCON, DOCABSTRACT,DOCKEYWORDS,DOCPUBTIME, CRUSER,CRUSERID,  CRTIME, DOCFLAG,ATTACHEDCONTENT,TRANSFORMNAME, COMPLETESCORE,CRYSCORE,GROUPID)
VALUES(33,54,2,10,'企业知识管理平台如何进行运营推广 ',10,'运营，就需要有相应的组织或者专人负责，制订运营方案：平台由谁负责维护？用户问题由谁答复？知识的上传、更新、退出机制怎么设立？用户激励如何进行？——在这一步，开始有了推广的设计，要做好推广，很多时候是和产品即知识管理平台本身分不开的，机制的设立也需要在平台中，比如积分制、知识等级设计、奖惩制度等，可以参考游戏中的各种做法，也可以根据公司文化进行创新，借鉴互联网上的各种做法更是必不可少且有效的，比如有些社区为什么你愿意参与？为什么大家都愿意参与？把其中的模式研究出来，用于自身的运营规划即可。提到企业级的知识管理，以下有六套解决方案去推进企业知识管理，屡试不爽：1、知识仓库很多企业员工吐槽：“知识搜索虐我千百遍，我待知识如初恋。”养兵千日用兵一时，关键时刻，怎能找不到要用的知识。知识仓库让知识变得有序化，让一切搜索变得更简单！2、知识社区看得见的知识容易管理，看不见的经验知识可就没那么容易管了，主题头脑风暴、多方指导点评、专家地图、爱问百科甚至社区匿名吐槽……知识社区是员工分享经验，促进知识创新的最佳场所！3、关键岗位高手一旦要跳槽，老板心急如焚。这样的事情怎样才能把损失降到最小呢？关键岗位知识管理，最大程度减少组织智力资本的流失！4、核心业务如果说企业是一棵大树，核心能力是树干，那么核心业务便是果实。通过对核心业务知识进行梳理优化后，不管是相关操作说明，还是经验案例知识，全部都能够智能推送，知识与业务的完美结合才能实现最大的企业效益。5、知识管理规划咨询很多企业一开始遇到知识管理，刹那间，高山流水遇知音，发誓掏心掏肺也要好好干。但是很奇怪就是“雷声大、雨点小”，到底原因出在谁身上呢？做好知识管理，首先要对企业管理现状与知识管理发展做真实性分析，了解本组织对知识管理的真实需求，才不会种下悲剧的种子。6、专项知识提升行为设计站在巨人的肩膀上，就可以看得更高，看得更远。这个道理在知识管理工作中尤其凸显。专项知识提升行为解决方案，进行诸如最佳实践、知识转移、同行协助、知识创新等方面的专项方案设计和推进，复制最佳的模式，让每一次的工作都带来最好的效果。',
'<p><span style="background-color:rgb(255, 255, 255); color:rgb(51, 51, 51); font-family:sans-serif,arial,verdana,trebuchet ms; font-size:14px">  运营，就需要有相应的组织或者专人负责，制订运营方案：平台由谁负责维护？用户问题由谁答复？知识的上传、更新、退出机制怎么设立？用户激励如何进行？——在这一步，开始有了推广的设计，要做好推广，很多时候是和产品即知识管理平台本身分不开的，机制的设立也需要在平台中，比如积分制、知识等级设计、奖惩制度等，可以参考游戏中的各种做法，也可以根据公司文化进行创新，借鉴互联网上的各种做法更是必不可少且有效的，比如有些社区为什么你愿意参与？为什么大家都愿意参与？把其中的模式研究出来，用于自身的运营规划即可。提到企业级的知识管理，以下有六套解决方案去推进企业知识管理，屡试不爽：1、知识仓库很多企业员工吐槽：“知识搜索虐我千百遍，我待知识如初恋。”养兵千日用兵一时，关键时刻，怎能找不到要用的知识。知识仓库让知识变得有序化，让一切搜索变得更简单！2、知识社区看得见的知识容易管理，看不见的经验知识可就没那么容易管了，主题头脑风暴、多方指导点评、专家地图、爱问百科甚至社区匿名吐槽……知识社区是员工分享经验，促进知识创新的最佳场所！3、关键岗位高手一旦要跳槽，老板心急如焚。这样的事情怎样才能把损失降到最小呢？关键岗位知识管理，最大程度减少组织智力资本的流失！4、核心业务如果说企业是一棵大树，核心能力是树干，那么核心业务便是果实。通过对核心业务知识进行梳理优化后，不管是相关操作说明，还是经验案例知识，全部都能够智能推送，知识与业务的完美结合才能实现最大的企业效益。5、知识管理规划咨询很多企业一开始遇到知识管理，刹那间，高山流水遇知音，发誓掏心掏肺也要好好干。但是很奇怪就是“雷声大、雨点小”，到底原因出在谁身上呢？做好知识管理，首先要对企业管理现状与知识管理发展做真实性分析，了解本组织对知识管理的真实需求，才不会种下悲剧的种子。6、专项知识提升行为设计站在巨人的肩膀上，就可以看得更高，看得更远。这个道理在知识管理工作中尤其凸显。专项知识提升行为解决方案，进行诸如最佳实践、知识转移、同行协助、知识创新等方面的专项方案设计和推进，复制最佳的模式，让每一次的工作都带来最好的效果。</span></p>',
'企业知识管理 ','运营推广 ',sysdate,'tfsadmin',1,sysdate, 0,
'<p><span style="background-color:rgb(255, 255, 255); color:rgb(51, 51, 51); font-family:sans-serif,arial,verdana,trebuchet ms; font-size:14px">  运营，就需要有相应的组织或者专人负责，制订运营方案：平台由谁负责维护？用户问题由谁答复？知识的上传、更新、退出机制怎么设立？用户激励如何进行？——在这一步，开始有了推广的设计，要做好推广，很多时候是和产品即知识管理平台本身分不开的，机制的设立也需要在平台中，比如积分制、知识等级设计、奖惩制度等，可以参考游戏中的各种做法，也可以根据公司文化进行创新，借鉴互联网上的各种做法更是必不可少且有效的，比如有些社区为什么你愿意参与？为什么大家都愿意参与？把其中的模式研究出来，用于自身的运营规划即可。提到企业级的知识管理，以下有六套解决方案去推进企业知识管理，屡试不爽：1、知识仓库很多企业员工吐槽：“知识搜索虐我千百遍，我待知识如初恋。”养兵千日用兵一时，关键时刻，怎能找不到要用的知识。知识仓库让知识变得有序化，让一切搜索变得更简单！2、知识社区看得见的知识容易管理，看不见的经验知识可就没那么容易管了，主题头脑风暴、多方指导点评、专家地图、爱问百科甚至社区匿名吐槽……知识社区是员工分享经验，促进知识创新的最佳场所！3、关键岗位高手一旦要跳槽，老板心急如焚。这样的事情怎样才能把损失降到最小呢？关键岗位知识管理，最大程度减少组织智力资本的流失！4、核心业务如果说企业是一棵大树，核心能力是树干，那么核心业务便是果实。通过对核心业务知识进行梳理优化后，不管是相关操作说明，还是经验案例知识，全部都能够智能推送，知识与业务的完美结合才能实现最大的企业效益。5、知识管理规划咨询很多企业一开始遇到知识管理，刹那间，高山流水遇知音，发誓掏心掏肺也要好好干。但是很奇怪就是“雷声大、雨点小”，到底原因出在谁身上呢？做好知识管理，首先要对企业管理现状与知识管理发展做真实性分析，了解本组织对知识管理的真实需求，才不会种下悲剧的种子。6、专项知识提升行为设计站在巨人的肩膀上，就可以看得更高，看得更远。这个道理在知识管理工作中尤其凸显。专项知识提升行为解决方案，进行诸如最佳实践、知识转移、同行协助、知识创新等方面的专项方案设计和推进，复制最佳的模式，让每一次的工作都带来最好的效果。</span></p>',
0,1,1,3);
INSERT INTO IRP_CHNL_DOC_LINK(CHNLDOCID,CHANNELID, DOCID,DOCTITLE,DOCSTATUS,CRTIME, DOCPUBTIME,MODAL,DOCCHANNEL, DOCFLAG,SITEID, CRUSERID,COMPLETESCORE,CRYSCORE)
VALUES(33,54,33,'企业知识管理平台如何进行运营推广 ',10,sysdate,sysdate,10,0,0,2,1,1,1);
INSERT INTO IRP_ATTACHED(ATTACHEDID,ATTDOCID,ATTFILE,TYPEID,ATTDESC,ATTLINKALT,ATTSERN,ATTPROP,ATTFLAG, ATTTIME,CRUSER,CRUSERID,CRTIME, FILEEXT,EDITVERSIONS)
VALUES(34,33,'AP201711029219832.jpg',2,'企业知识管理平台如何进行运营推广.jpg','企业知识管理平台如何进行运营推广.jpg',1,0,1,sysdate,'tfsadmin',1,sysdate,'jpg',1);

INSERT INTO IRP_DOCUMENT (DOCID,CHANNELID,SITEID,DOCTYPE,DOCTITLE, DOCSTATUS,DOCCONTENT, DOCHTMLCON, DOCABSTRACT,DOCKEYWORDS,DOCPUBTIME, CRUSER,CRUSERID,  CRTIME, DOCFLAG,ATTACHEDCONTENT,TRANSFORMNAME, COMPLETESCORE,CRYSCORE,GROUPID)
VALUES(34,54,2,10,'企业知识管理，就是要解决企业内新老员工经验传承的问题',10,'',
'',
'企业知识管理，就是要解决企业内新老员工经验传承的问题','企业知识管理，就是要解决企业内新老员工经验传承的问题',sysdate,'tfsadmin',1,sysdate, 0,
'',
0,1,1,3);
INSERT INTO IRP_CHNL_DOC_LINK(CHNLDOCID,CHANNELID, DOCID,DOCTITLE,DOCSTATUS,CRTIME, DOCPUBTIME,MODAL,DOCCHANNEL, DOCFLAG,SITEID, CRUSERID,COMPLETESCORE,CRYSCORE)
VALUES(34,54,34,'企业知识管理，就是要解决企业内新老员工经验传承的问题',10,sysdate,sysdate,10,0,0,2,1,1,1);
INSERT INTO IRP_ATTACHED(ATTACHEDID,ATTDOCID,ATTFILE,TYPEID,ATTDESC,ATTLINKALT,ATTSERN,ATTPROP,ATTFLAG, ATTTIME,CRUSER,CRUSERID,CRTIME, FILEEXT,EDITVERSIONS)
VALUES(35,34,'AP201711029219832.doc',1,'企业知识管理，就是要解决企业内新老员工经验传承的问题.doc','企业知识管理，就是要解决企业内新老员工经验传承的问题.doc',2,0,2,sysdate,'tfsadmin',1,sysdate,'doc',0);
-----产品介绍

INSERT INTO IRP_DOCUMENT (DOCID,CHANNELID,SITEID,DOCTYPE,DOCTITLE, DOCSTATUS,DOCCONTENT, DOCHTMLCON, DOCABSTRACT,DOCKEYWORDS,DOCPUBTIME, CRUSER,CRUSERID,  CRTIME, DOCFLAG,ATTACHEDCONTENT,TRANSFORMNAME, COMPLETESCORE,CRYSCORE,GROUPID)
VALUES(35,55,2,10,'IRP智力资源管理系统 管理员使用手册',10,'',
'',
'IRP智力资源管理系统 管理员使用手册','IRP智力资源管理系统 管理员使用手册',sysdate,'tfsadmin',1,sysdate, 0,
'',
0,1,1,3);
INSERT INTO IRP_CHNL_DOC_LINK(CHNLDOCID,CHANNELID, DOCID,DOCTITLE,DOCSTATUS,CRTIME, DOCPUBTIME,MODAL,DOCCHANNEL, DOCFLAG,SITEID, CRUSERID,COMPLETESCORE,CRYSCORE)
VALUES(35,55,35,'IRP智力资源管理系统 管理员使用手册',10,sysdate,sysdate,10,0,0,2,1,1,1);
INSERT INTO IRP_ATTACHED(ATTACHEDID,ATTDOCID,ATTFILE,TYPEID,ATTDESC,ATTLINKALT,ATTSERN,ATTPROP,ATTFLAG, ATTTIME,CRUSER,CRUSERID,CRTIME, FILEEXT,EDITVERSIONS)
VALUES(36,35,'AP201711021004817.png',2,'IRP智力资源管理系统 管理员使用手册.png','IRP智力资源管理系统 管理员使用手册.png',1,0,1,sysdate,'tfsadmin',1,sysdate,'png',1);
INSERT INTO IRP_ATTACHED(ATTACHEDID,ATTDOCID,ATTFILE,TYPEID,ATTDESC,ATTLINKALT,ATTSERN,ATTPROP,ATTFLAG, ATTTIME,CRUSER,CRUSERID,CRTIME, FILEEXT,EDITVERSIONS)
VALUES(37,35,'AF201711026724473.pdf',1,'IRP智力资源管理系统 管理员使用手册.pdf','IRP智力资源管理系统 管理员使用手册.pdf',2,0,2,sysdate,'tfsadmin',1,sysdate,'pdf',0);

INSERT INTO IRP_DOCUMENT (DOCID,CHANNELID,SITEID,DOCTYPE,DOCTITLE, DOCSTATUS,DOCCONTENT, DOCHTMLCON, DOCABSTRACT,DOCKEYWORDS,DOCPUBTIME, CRUSER,CRUSERID,  CRTIME, DOCFLAG,ATTACHEDCONTENT,TRANSFORMNAME, COMPLETESCORE,CRYSCORE,GROUPID)
VALUES(36,55,2,10,'IRP智力资源管理系统产品说明 ',10,'IRP智力资源管理系统简称TFS IRP，是北京睿思鸣信息技术有限公司推出的基于社会化传播的知识（智力）资源管理系统。通过该系统，可以完成组织和个人的知识管理， 能够支撑组织的知识鉴别、知识获取、知识存储、知识共享、 知识应用和知识创造活动。系统包括知识库管理、微知识管理、知识问答、知识百科、专家地图、圈子管理、调查管理、通讯录、即时通讯、应用管理、多数据源发布、全文检索、知识审计，通过社会化传播的方式，完成知识的分享、转化、和运营。',
'<p><span style="background-color:rgb(255, 255, 255); color:rgb(51, 51, 51); font-family:sans-serif,arial,verdana,trebuchet ms; font-size:14px">IRP智力资源管理系统简称TFS IRP，是北京睿思鸣信息技术有限公司推出的基于社会化传播的知识（智力）资源管理系统。通过该系统，可以完成组织和个人的知识管理， 能够支撑组织的知识鉴别、知识获取、知识存储、知识共享、 知识应用和知识创造活动。系统包括知识库管理、微知识管理、知识问答、知识百科、专家地图、圈子管理、调查管理、通讯录、即时通讯、应用管理、多数据源发布、全文检索、知识审计，通过社会化传播的方式，完成知识的分享、转化、和运营。</span></p>',
'智力资源管理 ','系统产品说明 ',sysdate,'tfsadmin',1,sysdate, 0,
'<p><span style="background-color:rgb(255, 255, 255); color:rgb(51, 51, 51); font-family:sans-serif,arial,verdana,trebuchet ms; font-size:14px">IRP智力资源管理系统简称TFS IRP，是北京睿思鸣信息技术有限公司推出的基于社会化传播的知识（智力）资源管理系统。通过该系统，可以完成组织和个人的知识管理， 能够支撑组织的知识鉴别、知识获取、知识存储、知识共享、 知识应用和知识创造活动。系统包括知识库管理、微知识管理、知识问答、知识百科、专家地图、圈子管理、调查管理、通讯录、即时通讯、应用管理、多数据源发布、全文检索、知识审计，通过社会化传播的方式，完成知识的分享、转化、和运营。</span></p>',
0,1,1,3);
INSERT INTO IRP_CHNL_DOC_LINK(CHNLDOCID,CHANNELID, DOCID,DOCTITLE,DOCSTATUS,CRTIME, DOCPUBTIME,MODAL,DOCCHANNEL, DOCFLAG,SITEID, CRUSERID,COMPLETESCORE,CRYSCORE)
VALUES(36,55,36,'IRP智力资源管理系统产品说明 ',10,sysdate,sysdate,10,0,0,2,1,1,1);
INSERT INTO IRP_ATTACHED(ATTACHEDID,ATTDOCID,ATTFILE,TYPEID,ATTDESC,ATTLINKALT,ATTSERN,ATTPROP,ATTFLAG, ATTTIME,CRUSER,CRUSERID,CRTIME, FILEEXT,EDITVERSIONS)
VALUES(38,36,'AP201711026578960.jpg',2,'IRP智力资源管理系统产品说明.jpg','IRP智力资源管理系统产品说明.jpg',1,0,1,sysdate,'tfsadmin',1,sysdate,'jpg',1);
INSERT INTO IRP_ATTACHED(ATTACHEDID,ATTDOCID,ATTFILE,TYPEID,ATTDESC,ATTLINKALT,ATTSERN,ATTPROP,ATTFLAG, ATTTIME,CRUSER,CRUSERID,CRTIME, FILEEXT,EDITVERSIONS)
VALUES(39,36,'AF201711024677101.doc',1,'IRP智力资源管理系统产品说明.doc','IRP智力资源管理系统产品说明.doc',2,0,2,sysdate,'tfsadmin',1,sysdate,'doc',0);
INSERT INTO IRP_DOCUMENT (DOCID,CHANNELID,SITEID,DOCTYPE,DOCTITLE, DOCSTATUS,DOCCONTENT, DOCHTMLCON, DOCABSTRACT,DOCKEYWORDS,DOCPUBTIME, CRUSER,CRUSERID,  CRTIME, DOCFLAG,ATTACHEDCONTENT,TRANSFORMNAME, COMPLETESCORE,CRYSCORE,GROUPID)
VALUES(37,55,2,10,'IRP智力资源管理系统的知识采集 ',10,'',
'',
'IRP智力资源管理系统的知识采集 ','IRP智力资源管理系统的知识采集 ',sysdate,'tfsadmin',1,sysdate, 0,
'',
0,1,1,3);
INSERT INTO IRP_CHNL_DOC_LINK(CHNLDOCID,CHANNELID, DOCID,DOCTITLE,DOCSTATUS,CRTIME, DOCPUBTIME,MODAL,DOCCHANNEL, DOCFLAG,SITEID, CRUSERID,COMPLETESCORE,CRYSCORE)
VALUES(37,55,37,'IRP智力资源管理系统的知识采集 ',10,sysdate,sysdate,10,0,0,2,1,1,1);
INSERT INTO IRP_ATTACHED(ATTACHEDID,ATTDOCID,ATTFILE,TYPEID,ATTDESC,ATTLINKALT,ATTSERN,ATTPROP,ATTFLAG, ATTTIME,CRUSER,CRUSERID,CRTIME, FILEEXT,EDITVERSIONS)
VALUES(40,37,'AP201711026428475.jpg',2,'IRP智力资源管理系统的知识采集.jpg','IRP智力资源管理系统的知识采集.jpg',1,0,1,sysdate,'tfsadmin',1,sysdate,'jpg',1);
INSERT INTO IRP_ATTACHED(ATTACHEDID,ATTDOCID,ATTFILE,TYPEID,ATTDESC,ATTLINKALT,ATTSERN,ATTPROP,ATTFLAG, ATTTIME,CRUSER,CRUSERID,CRTIME, FILEEXT,EDITVERSIONS)
VALUES(41,37,'AF20171102603542.doc',1,'IRP智力资源管理系统的知识采集.doc','IRP智力资源管理系统的知识采集.doc',2,0,2,sysdate,'tfsadmin',1,sysdate,'doc',0);

INSERT INTO IRP_DOCUMENT (DOCID,CHANNELID,SITEID,DOCTYPE,DOCTITLE, DOCSTATUS,DOCCONTENT, DOCHTMLCON, DOCABSTRACT,DOCKEYWORDS,DOCPUBTIME, CRUSER,CRUSERID,  CRTIME, DOCFLAG,ATTACHEDCONTENT,TRANSFORMNAME, COMPLETESCORE,CRYSCORE,GROUPID)
VALUES(39,55,2,10,'用户登录 ',10,'',
'',
'用户登录 ','用户登录 ',sysdate,'tfsadmin',1,sysdate, 0,
'',
0,1,1,3);
INSERT INTO IRP_CHNL_DOC_LINK(CHNLDOCID,CHANNELID, DOCID,DOCTITLE,DOCSTATUS,CRTIME, DOCPUBTIME,MODAL,DOCCHANNEL, DOCFLAG,SITEID, CRUSERID,COMPLETESCORE,CRYSCORE)
VALUES(39,55,39,'用户登录 ',10,sysdate,sysdate,10,0,0,2,1,1,1);
INSERT INTO IRP_ATTACHED(ATTACHEDID,ATTDOCID,ATTFILE,TYPEID,ATTDESC,ATTLINKALT,ATTSERN,ATTPROP,ATTFLAG, ATTTIME,CRUSER,CRUSERID,CRTIME, FILEEXT,EDITVERSIONS)
VALUES(44,39,'AF201711021978939.doc',1,'用户登录.doc','用户登录.doc',2,0,2,sysdate,'tfsadmin',1,sysdate,'doc',0);
INSERT INTO IRP_DOCUMENT (DOCID,CHANNELID,SITEID,DOCTYPE,DOCTITLE, DOCSTATUS,DOCCONTENT, DOCHTMLCON, DOCABSTRACT,DOCKEYWORDS,DOCPUBTIME, CRUSER,CRUSERID,  CRTIME, DOCFLAG,ATTACHEDCONTENT,TRANSFORMNAME, COMPLETESCORE,CRYSCORE,GROUPID)
VALUES(40,55,2,10,'系统用户个人设置 ',10,'',
'',
'系统用户个人设置 ','系统用户个人设置 ',sysdate,'tfsadmin',1,sysdate, 0,
'',
0,1,1,3);
INSERT INTO IRP_CHNL_DOC_LINK(CHNLDOCID,CHANNELID, DOCID,DOCTITLE,DOCSTATUS,CRTIME, DOCPUBTIME,MODAL,DOCCHANNEL, DOCFLAG,SITEID, CRUSERID,COMPLETESCORE,CRYSCORE)
VALUES(40,55,40,'系统用户个人设置 ',10,sysdate,sysdate,10,0,0,2,1,1,1);
INSERT INTO IRP_ATTACHED(ATTACHEDID,ATTDOCID,ATTFILE,TYPEID,ATTDESC,ATTLINKALT,ATTSERN,ATTPROP,ATTFLAG, ATTTIME,CRUSER,CRUSERID,CRTIME, FILEEXT,EDITVERSIONS)
VALUES(45,40,'AF201711029132615.doc',1,'系统用户个人设置.doc','系统用户个人设置.doc',2,0,2,sysdate,'tfsadmin',1,sysdate,'doc',0);
INSERT INTO IRP_DOCUMENT (DOCID,CHANNELID,SITEID,DOCTYPE,DOCTITLE, DOCSTATUS,DOCCONTENT, DOCHTMLCON, DOCABSTRACT,DOCKEYWORDS,DOCPUBTIME, CRUSER,CRUSERID,  CRTIME, DOCFLAG,ATTACHEDCONTENT,TRANSFORMNAME, COMPLETESCORE,CRYSCORE,GROUPID)
VALUES(41,55,2,10,'IRP智力资源管理系统_用户使用手册 ',10,'',
'',
'IRP智力资源管理系统_用户使用手册 ','IRP智力资源管理系统_用户使用手册 ',sysdate,'tfsadmin',1,sysdate, 0,
'',
0,1,1,3);
INSERT INTO IRP_CHNL_DOC_LINK(CHNLDOCID,CHANNELID, DOCID,DOCTITLE,DOCSTATUS,CRTIME, DOCPUBTIME,MODAL,DOCCHANNEL, DOCFLAG,SITEID, CRUSERID,COMPLETESCORE,CRYSCORE)
VALUES(41,55,41,'IRP智力资源管理系统_用户使用手册 ',10,sysdate,sysdate,10,0,0,2,1,1,1);
INSERT INTO IRP_ATTACHED(ATTACHEDID,ATTDOCID,ATTFILE,TYPEID,ATTDESC,ATTLINKALT,ATTSERN,ATTPROP,ATTFLAG, ATTTIME,CRUSER,CRUSERID,CRTIME, FILEEXT,EDITVERSIONS)
VALUES(46,41,'AF201711024371148.pdf',1,'IRP智力资源管理系统_用户使用手册.pdf','IRP智力资源管理系统_用户使用手册.pdf',2,0,2,sysdate,'tfsadmin',1,sysdate,'pdf',0);

INSERT INTO IRP_DOCUMENT (DOCID,CHANNELID,SITEID,DOCTYPE,DOCTITLE, DOCSTATUS,DOCCONTENT, DOCHTMLCON, DOCABSTRACT,DOCKEYWORDS,DOCPUBTIME, CRUSER,CRUSERID,  CRTIME, DOCFLAG,ATTACHEDCONTENT,TRANSFORMNAME, COMPLETESCORE,CRYSCORE,GROUPID)
VALUES(42,55,2,10,'IRP智力资源管理系统用户注册 ',10,'IRP智力资源管理系统的用户可以通过登录界面自行注册，也可以通过管理员在IRP后台管理中批量导入用户。1.在浏览器中输入地址访问IRP智力资源管理系统，在登录页面点击“注册”按钮2.页面跳转到注册信息填写页面，填写相关信息，点击“创建账号”，即可完成用户注册，注册成功之后，点击“登录”，输入登录名、密码，点击“登录”按钮，完成系统登录。3.管理员后台通过Excel批量导入用户',
'<p><span style="background-color:rgb(255, 255, 255); color:rgb(51, 51, 51); font-family:sans-serif,arial,verdana,trebuchet ms; font-size:14px">IRP智力资源管理系统的用户可以通过登录界面自行注册，也可以通过管理员在IRP后台管理中批量导入用户。1.在浏览器中输入地址访问IRP智力资源管理系统，在登录页面点击“注册”按钮2.页面跳转到注册信息填写页面，填写相关信息，点击“创建账号”，即可完成用户注册，注册成功之后，点击“登录”，输入登录名、密码，点击“登录”按钮，完成系统登录。3.管理员后台通过Excel批量导入用户</span></p>',
'智力资源管理 ','用户注册 ',sysdate,'tfsadmin',1,sysdate, 0,
'<p><span style="background-color:rgb(255, 255, 255); color:rgb(51, 51, 51); font-family:sans-serif,arial,verdana,trebuchet ms; font-size:14px">IRP智力资源管理系统的用户可以通过登录界面自行注册，也可以通过管理员在IRP后台管理中批量导入用户。1.在浏览器中输入地址访问IRP智力资源管理系统，在登录页面点击“注册”按钮2.页面跳转到注册信息填写页面，填写相关信息，点击“创建账号”，即可完成用户注册，注册成功之后，点击“登录”，输入登录名、密码，点击“登录”按钮，完成系统登录。3.管理员后台通过Excel批量导入用户</span></p>',
0,1,1,3);
INSERT INTO IRP_CHNL_DOC_LINK(CHNLDOCID,CHANNELID, DOCID,DOCTITLE,DOCSTATUS,CRTIME, DOCPUBTIME,MODAL,DOCCHANNEL, DOCFLAG,SITEID, CRUSERID,COMPLETESCORE,CRYSCORE)
VALUES(42,55,42,'IRP智力资源管理系统用户注册 ',10,sysdate,sysdate,10,0,0,2,1,1,1);
INSERT INTO IRP_ATTACHED(ATTACHEDID,ATTDOCID,ATTFILE,TYPEID,ATTDESC,ATTLINKALT,ATTSERN,ATTPROP,ATTFLAG, ATTTIME,CRUSER,CRUSERID,CRTIME, FILEEXT,EDITVERSIONS)
VALUES(47,42,'AP201711028987273.png',2,'IRP智力资源管理系统用户注册.png','IRP智力资源管理系统用户注册.png',1,0,1,sysdate,'tfsadmin',1,sysdate,'png',1);
INSERT INTO IRP_ATTACHED(ATTACHEDID,ATTDOCID,ATTFILE,TYPEID,ATTDESC,ATTLINKALT,ATTSERN,ATTPROP,ATTFLAG, ATTTIME,CRUSER,CRUSERID,CRTIME, FILEEXT,EDITVERSIONS)
VALUES(48,42,'AF201711021848232.doc',1,'IRP智力资源管理系统用户注册.doc','IRP智力资源管理系统用户注册.doc',2,0,2,sysdate,'tfsadmin',1,sysdate,'doc',0);

-----项目管理

INSERT INTO IRP_DOCUMENT (DOCID,CHANNELID,SITEID,DOCTYPE,DOCTITLE, DOCSTATUS,DOCCONTENT, DOCHTMLCON, DOCABSTRACT,DOCKEYWORDS,DOCPUBTIME, CRUSER,CRUSERID,  CRTIME, DOCFLAG,ATTACHEDCONTENT,TRANSFORMNAME, COMPLETESCORE,CRYSCORE,GROUPID)
VALUES(43,56,2,10,'制定初步范围说明书 ',10,'',
'',
'制定初步范围说明书 ','制定初步范围说明书 ',sysdate,'tfsadmin',1,sysdate, 0,
'',
0,1,1,3);
INSERT INTO IRP_CHNL_DOC_LINK(CHNLDOCID,CHANNELID, DOCID,DOCTITLE,DOCSTATUS,CRTIME, DOCPUBTIME,MODAL,DOCCHANNEL, DOCFLAG,SITEID, CRUSERID,COMPLETESCORE,CRYSCORE)
VALUES(43,56,43,'制定初步范围说明书 ',10,sysdate,sysdate,10,0,0,2,1,1,1);


INSERT INTO IRP_DOCUMENT (DOCID,CHANNELID,SITEID,DOCTYPE,DOCTITLE, DOCSTATUS,DOCCONTENT, DOCHTMLCON, DOCABSTRACT,DOCKEYWORDS,DOCPUBTIME, CRUSER,CRUSERID,  CRTIME, DOCFLAG,ATTACHEDCONTENT,TRANSFORMNAME, COMPLETESCORE,CRYSCORE,GROUPID)
VALUES(44,56,2,10,'制定项目章程 ',10,'',
'',
'制定项目章程 ','制定项目章程 ',sysdate,'tfsadmin',1,sysdate, 0,
'',
0,1,1,3);
INSERT INTO IRP_CHNL_DOC_LINK(CHNLDOCID,CHANNELID, DOCID,DOCTITLE,DOCSTATUS,CRTIME, DOCPUBTIME,MODAL,DOCCHANNEL, DOCFLAG,SITEID, CRUSERID,COMPLETESCORE,CRYSCORE)
VALUES(44,56,44,'制定项目章程 ',10,sysdate,sysdate,10,0,0,2,1,1,1);

INSERT INTO IRP_DOCUMENT (DOCID,CHANNELID,SITEID,DOCTYPE,DOCTITLE, DOCSTATUS,DOCCONTENT, DOCHTMLCON, DOCABSTRACT,DOCKEYWORDS,DOCPUBTIME, CRUSER,CRUSERID,  CRTIME, DOCFLAG,ATTACHEDCONTENT,TRANSFORMNAME, COMPLETESCORE,CRYSCORE,GROUPID)
VALUES(45,56,2,10,'制定项目管理计划 ',10,'',
'',
'制定项目管理计划 ','制定项目管理计划 ',sysdate,'tfsadmin',1,sysdate, 0,
'',
0,1,1,3);
INSERT INTO IRP_CHNL_DOC_LINK(CHNLDOCID,CHANNELID, DOCID,DOCTITLE,DOCSTATUS,CRTIME, DOCPUBTIME,MODAL,DOCCHANNEL, DOCFLAG,SITEID, CRUSERID,COMPLETESCORE,CRYSCORE)
VALUES(45,56,45,'制定项目管理计划 ',10,sysdate,sysdate,10,0,0,2,1,1,1);
INSERT INTO IRP_DOCUMENT (DOCID,CHANNELID,SITEID,DOCTYPE,DOCTITLE, DOCSTATUS,DOCCONTENT, DOCHTMLCON, DOCABSTRACT,DOCKEYWORDS,DOCPUBTIME, CRUSER,CRUSERID,  CRTIME, DOCFLAG,ATTACHEDCONTENT,TRANSFORMNAME, COMPLETESCORE,CRYSCORE,GROUPID)
VALUES(46,56,2,10,' 指导项目执行 ',10,'',
'',
' 指导项目执行 ',' 指导项目执行 ',sysdate,'tfsadmin',1,sysdate, 0,
'',
0,1,1,3);
INSERT INTO IRP_CHNL_DOC_LINK(CHNLDOCID,CHANNELID, DOCID,DOCTITLE,DOCSTATUS,CRTIME, DOCPUBTIME,MODAL,DOCCHANNEL, DOCFLAG,SITEID, CRUSERID,COMPLETESCORE,CRYSCORE)
VALUES(46,56,46,' 指导项目执行 ',10,sysdate,sysdate,10,0,0,2,1,1,1);
INSERT INTO IRP_DOCUMENT (DOCID,CHANNELID,SITEID,DOCTYPE,DOCTITLE, DOCSTATUS,DOCCONTENT, DOCHTMLCON, DOCABSTRACT,DOCKEYWORDS,DOCPUBTIME, CRUSER,CRUSERID,  CRTIME, DOCFLAG,ATTACHEDCONTENT,TRANSFORMNAME, COMPLETESCORE,CRYSCORE,GROUPID)
VALUES(47,56,2,10,' 整体变更控制 ',10,'',
'',
' 整体变更控制 ',' 整体变更控制 ',sysdate,'tfsadmin',1,sysdate, 0,
'',
0,1,1,3);
INSERT INTO IRP_CHNL_DOC_LINK(CHNLDOCID,CHANNELID, DOCID,DOCTITLE,DOCSTATUS,CRTIME, DOCPUBTIME,MODAL,DOCCHANNEL, DOCFLAG,SITEID, CRUSERID,COMPLETESCORE,CRYSCORE)
VALUES(47,56,47,' 整体变更控制 ',10,sysdate,sysdate,10,0,0,2,1,1,1);
INSERT INTO IRP_DOCUMENT (DOCID,CHANNELID,SITEID,DOCTYPE,DOCTITLE, DOCSTATUS,DOCCONTENT, DOCHTMLCON, DOCABSTRACT,DOCKEYWORDS,DOCPUBTIME, CRUSER,CRUSERID,  CRTIME, DOCFLAG,ATTACHEDCONTENT,TRANSFORMNAME, COMPLETESCORE,CRYSCORE,GROUPID)
VALUES(48,56,2,10,' 监视与控制项目工作 ',10,'',
'',
' 监视与控制项目工作 ',' 监视与控制项目工作 ',sysdate,'tfsadmin',1,sysdate, 0,
'',
0,1,1,3);
INSERT INTO IRP_CHNL_DOC_LINK(CHNLDOCID,CHANNELID, DOCID,DOCTITLE,DOCSTATUS,CRTIME, DOCPUBTIME,MODAL,DOCCHANNEL, DOCFLAG,SITEID, CRUSERID,COMPLETESCORE,CRYSCORE)
VALUES(48,56,48,' 监视与控制项目工作 ',10,sysdate,sysdate,10,0,0,2,1,1,1);

INSERT INTO IRP_DOCUMENT (DOCID,CHANNELID,SITEID,DOCTYPE,DOCTITLE, DOCSTATUS,DOCCONTENT, DOCHTMLCON, DOCABSTRACT,DOCKEYWORDS,DOCPUBTIME, CRUSER,CRUSERID,  CRTIME, DOCFLAG,ATTACHEDCONTENT,TRANSFORMNAME, COMPLETESCORE,CRYSCORE,GROUPID)
VALUES(49,56,2,10,' 项目收尾 ',10,'',
'',
' 项目收尾 ',' 项目收尾 ',sysdate,'tfsadmin',1,sysdate, 0,
'',
0,1,1,3);
INSERT INTO IRP_CHNL_DOC_LINK(CHNLDOCID,CHANNELID, DOCID,DOCTITLE,DOCSTATUS,CRTIME, DOCPUBTIME,MODAL,DOCCHANNEL, DOCFLAG,SITEID, CRUSERID,COMPLETESCORE,CRYSCORE)
VALUES(49,56,49,' 项目收尾 ',10,sysdate,sysdate,10,0,0,2,1,1,1);
INSERT INTO IRP_DOCUMENT (DOCID,CHANNELID,SITEID,DOCTYPE,DOCTITLE, DOCSTATUS,DOCCONTENT, DOCHTMLCON, DOCABSTRACT,DOCKEYWORDS,DOCPUBTIME, CRUSER,CRUSERID,  CRTIME, DOCFLAG,ATTACHEDCONTENT,TRANSFORMNAME, COMPLETESCORE,CRYSCORE,GROUPID)
VALUES(50,56,2,10,' 创建WBS ',10,'',
'',
' 创建WBS ',' 创建WBS ',sysdate,'tfsadmin',1,sysdate, 0,
'',
0,1,1,3);
INSERT INTO IRP_CHNL_DOC_LINK(CHNLDOCID,CHANNELID, DOCID,DOCTITLE,DOCSTATUS,CRTIME, DOCPUBTIME,MODAL,DOCCHANNEL, DOCFLAG,SITEID, CRUSERID,COMPLETESCORE,CRYSCORE)
VALUES(50,56,50,' 创建WBS ',10,sysdate,sysdate,10,0,0,2,1,1,1);

INSERT INTO IRP_DOCUMENT (DOCID,CHANNELID,SITEID,DOCTYPE,DOCTITLE, DOCSTATUS,DOCCONTENT, DOCHTMLCON, DOCABSTRACT,DOCKEYWORDS,DOCPUBTIME, CRUSER,CRUSERID,  CRTIME, DOCFLAG,ATTACHEDCONTENT,TRANSFORMNAME, COMPLETESCORE,CRYSCORE,GROUPID)
VALUES(51,56,2,10,' 范围定义 ',10,'',
'',
' 范围定义 ',' 范围定义 ',sysdate,'tfsadmin',1,sysdate, 0,
'',
0,1,1,3);
INSERT INTO IRP_CHNL_DOC_LINK(CHNLDOCID,CHANNELID, DOCID,DOCTITLE,DOCSTATUS,CRTIME, DOCPUBTIME,MODAL,DOCCHANNEL, DOCFLAG,SITEID, CRUSERID,COMPLETESCORE,CRYSCORE)
VALUES(51,56,51,' 范围定义 ',10,sysdate,sysdate,10,0,0,2,1,1,1);
INSERT INTO IRP_DOCUMENT (DOCID,CHANNELID,SITEID,DOCTYPE,DOCTITLE, DOCSTATUS,DOCCONTENT, DOCHTMLCON, DOCABSTRACT,DOCKEYWORDS,DOCPUBTIME, CRUSER,CRUSERID,  CRTIME, DOCFLAG,ATTACHEDCONTENT,TRANSFORMNAME, COMPLETESCORE,CRYSCORE,GROUPID)
VALUES(52,56,2,10,' 范围规划 ',10,'',
'',
' 范围规划 ',' 范围规划 ',sysdate,'tfsadmin',1,sysdate, 0,
'',
0,1,1,3);
INSERT INTO IRP_CHNL_DOC_LINK(CHNLDOCID,CHANNELID, DOCID,DOCTITLE,DOCSTATUS,CRTIME, DOCPUBTIME,MODAL,DOCCHANNEL, DOCFLAG,SITEID, CRUSERID,COMPLETESCORE,CRYSCORE)
VALUES(52,56,52,' 范围规划 ',10,sysdate,sysdate,10,0,0,2,1,1,1);
INSERT INTO IRP_DOCUMENT (DOCID,CHANNELID,SITEID,DOCTYPE,DOCTITLE, DOCSTATUS,DOCCONTENT, DOCHTMLCON, DOCABSTRACT,DOCKEYWORDS,DOCPUBTIME, CRUSER,CRUSERID,  CRTIME, DOCFLAG,ATTACHEDCONTENT,TRANSFORMNAME, COMPLETESCORE,CRYSCORE,GROUPID)
VALUES(53,56,2,10,' 范围控制 ',10,'',
'',
' 范围控制 ',' 范围控制 ',sysdate,'tfsadmin',1,sysdate, 0,
'',
0,1,1,3);
INSERT INTO IRP_CHNL_DOC_LINK(CHNLDOCID,CHANNELID, DOCID,DOCTITLE,DOCSTATUS,CRTIME, DOCPUBTIME,MODAL,DOCCHANNEL, DOCFLAG,SITEID, CRUSERID,COMPLETESCORE,CRYSCORE)
VALUES(53,56,53,' 范围控制 ',10,sysdate,sysdate,10,0,0,2,1,1,1);
INSERT INTO IRP_DOCUMENT (DOCID,CHANNELID,SITEID,DOCTYPE,DOCTITLE, DOCSTATUS,DOCCONTENT, DOCHTMLCON, DOCABSTRACT,DOCKEYWORDS,DOCPUBTIME, CRUSER,CRUSERID,  CRTIME, DOCFLAG,ATTACHEDCONTENT,TRANSFORMNAME, COMPLETESCORE,CRYSCORE,GROUPID)
VALUES(54,56,2,10,'  范围核实 ',10,'',
'',
'  范围核实 ','  范围核实 ',sysdate,'tfsadmin',1,sysdate, 0,
'',
0,1,1,3);
INSERT INTO IRP_CHNL_DOC_LINK(CHNLDOCID,CHANNELID, DOCID,DOCTITLE,DOCSTATUS,CRTIME, DOCPUBTIME,MODAL,DOCCHANNEL, DOCFLAG,SITEID, CRUSERID,COMPLETESCORE,CRYSCORE)
VALUES(54,56,54,'  范围核实 ',10,sysdate,sysdate,10,0,0,2,1,1,1);
INSERT INTO IRP_DOCUMENT (DOCID,CHANNELID,SITEID,DOCTYPE,DOCTITLE, DOCSTATUS,DOCCONTENT, DOCHTMLCON, DOCABSTRACT,DOCKEYWORDS,DOCPUBTIME, CRUSER,CRUSERID,  CRTIME, DOCFLAG,ATTACHEDCONTENT,TRANSFORMNAME, COMPLETESCORE,CRYSCORE,GROUPID)
VALUES(55,56,2,10,'制定进度计划',10,'',
'',
'制定进度计划','制定进度计划',sysdate,'tfsadmin',1,sysdate, 0,
'',
0,1,1,3);
INSERT INTO IRP_CHNL_DOC_LINK(CHNLDOCID,CHANNELID, DOCID,DOCTITLE,DOCSTATUS,CRTIME, DOCPUBTIME,MODAL,DOCCHANNEL, DOCFLAG,SITEID, CRUSERID,COMPLETESCORE,CRYSCORE)
VALUES(55,56,55,'制定进度计划',10,sysdate,sysdate,10,0,0,2,1,1,1);

INSERT INTO IRP_DOCUMENT (DOCID,CHANNELID,SITEID,DOCTYPE,DOCTITLE, DOCSTATUS,DOCCONTENT, DOCHTMLCON, DOCABSTRACT,DOCKEYWORDS,DOCPUBTIME, CRUSER,CRUSERID,  CRTIME, DOCFLAG,ATTACHEDCONTENT,TRANSFORMNAME, COMPLETESCORE,CRYSCORE,GROUPID)
VALUES(56,56,2,10,'活动历时估算',10,'',
'',
'活动历时估算','活动历时估算',sysdate,'tfsadmin',1,sysdate, 0,
'',
0,1,1,3);
INSERT INTO IRP_CHNL_DOC_LINK(CHNLDOCID,CHANNELID, DOCID,DOCTITLE,DOCSTATUS,CRTIME, DOCPUBTIME,MODAL,DOCCHANNEL, DOCFLAG,SITEID, CRUSERID,COMPLETESCORE,CRYSCORE)
VALUES(56,56,56,'活动历时估算',10,sysdate,sysdate,10,0,0,2,1,1,1);
INSERT INTO IRP_DOCUMENT (DOCID,CHANNELID,SITEID,DOCTYPE,DOCTITLE, DOCSTATUS,DOCCONTENT, DOCHTMLCON, DOCABSTRACT,DOCKEYWORDS,DOCPUBTIME, CRUSER,CRUSERID,  CRTIME, DOCFLAG,ATTACHEDCONTENT,TRANSFORMNAME, COMPLETESCORE,CRYSCORE,GROUPID)
VALUES(57,56,2,10,'活动资源估算',10,'',
'',
'活动资源估算','活动资源估算',sysdate,'tfsadmin',1,sysdate, 0,
'',
0,1,1,3);
INSERT INTO IRP_CHNL_DOC_LINK(CHNLDOCID,CHANNELID, DOCID,DOCTITLE,DOCSTATUS,CRTIME, DOCPUBTIME,MODAL,DOCCHANNEL, DOCFLAG,SITEID, CRUSERID,COMPLETESCORE,CRYSCORE)
VALUES(57,56,57,'活动资源估算',10,sysdate,sysdate,10,0,0,2,1,1,1);

INSERT INTO IRP_DOCUMENT (DOCID,CHANNELID,SITEID,DOCTYPE,DOCTITLE, DOCSTATUS,DOCCONTENT, DOCHTMLCON, DOCABSTRACT,DOCKEYWORDS,DOCPUBTIME, CRUSER,CRUSERID,  CRTIME, DOCFLAG,ATTACHEDCONTENT,TRANSFORMNAME, COMPLETESCORE,CRYSCORE,GROUPID)
VALUES(58,56,2,10,'活动排序',10,'',
'',
'活动排序','活动排序',sysdate,'tfsadmin',1,sysdate, 0,
'',
0,1,1,3);
INSERT INTO IRP_CHNL_DOC_LINK(CHNLDOCID,CHANNELID, DOCID,DOCTITLE,DOCSTATUS,CRTIME, DOCPUBTIME,MODAL,DOCCHANNEL, DOCFLAG,SITEID, CRUSERID,COMPLETESCORE,CRYSCORE)
VALUES(58,56,58,'活动排序',10,sysdate,sysdate,10,0,0,2,1,1,1);

INSERT INTO IRP_DOCUMENT (DOCID,CHANNELID,SITEID,DOCTYPE,DOCTITLE, DOCSTATUS,DOCCONTENT, DOCHTMLCON, DOCABSTRACT,DOCKEYWORDS,DOCPUBTIME, CRUSER,CRUSERID,  CRTIME, DOCFLAG,ATTACHEDCONTENT,TRANSFORMNAME, COMPLETESCORE,CRYSCORE,GROUPID)
VALUES(59,56,2,10,'活动定义',10,'',
'',
'活动定义','活动定义',sysdate,'tfsadmin',1,sysdate, 0,
'',
0,1,1,3);
INSERT INTO IRP_CHNL_DOC_LINK(CHNLDOCID,CHANNELID, DOCID,DOCTITLE,DOCSTATUS,CRTIME, DOCPUBTIME,MODAL,DOCCHANNEL, DOCFLAG,SITEID, CRUSERID,COMPLETESCORE,CRYSCORE)
VALUES(59,56,59,'活动定义',10,sysdate,sysdate,10,0,0,2,1,1,1);

INSERT INTO IRP_DOCUMENT (DOCID,CHANNELID,SITEID,DOCTYPE,DOCTITLE, DOCSTATUS,DOCCONTENT, DOCHTMLCON, DOCABSTRACT,DOCKEYWORDS,DOCPUBTIME, CRUSER,CRUSERID,  CRTIME, DOCFLAG,ATTACHEDCONTENT,TRANSFORMNAME, COMPLETESCORE,CRYSCORE,GROUPID)
VALUES(60,56,2,10,'进度控制',10,'',
'',
'进度控制','进度控制',sysdate,'tfsadmin',1,sysdate, 0,
'',
0,1,1,3);
INSERT INTO IRP_CHNL_DOC_LINK(CHNLDOCID,CHANNELID, DOCID,DOCTITLE,DOCSTATUS,CRTIME, DOCPUBTIME,MODAL,DOCCHANNEL, DOCFLAG,SITEID, CRUSERID,COMPLETESCORE,CRYSCORE)
VALUES(60,56,60,'进度控制',10,sysdate,sysdate,10,0,0,2,1,1,1);

INSERT INTO IRP_DOCUMENT (DOCID,CHANNELID,SITEID,DOCTYPE,DOCTITLE, DOCSTATUS,DOCCONTENT, DOCHTMLCON, DOCABSTRACT,DOCKEYWORDS,DOCPUBTIME, CRUSER,CRUSERID,  CRTIME, DOCFLAG,ATTACHEDCONTENT,TRANSFORMNAME, COMPLETESCORE,CRYSCORE,GROUPID)
VALUES(61,56,2,10,'成本预算',10,'',
'',
'成本预算','成本预算',sysdate,'tfsadmin',1,sysdate, 0,
'',
0,1,1,3);
INSERT INTO IRP_CHNL_DOC_LINK(CHNLDOCID,CHANNELID, DOCID,DOCTITLE,DOCSTATUS,CRTIME, DOCPUBTIME,MODAL,DOCCHANNEL, DOCFLAG,SITEID, CRUSERID,COMPLETESCORE,CRYSCORE)
VALUES(61,56,61,'成本预算',10,sysdate,sysdate,10,0,0,2,1,1,1);

INSERT INTO IRP_DOCUMENT (DOCID,CHANNELID,SITEID,DOCTYPE,DOCTITLE, DOCSTATUS,DOCCONTENT, DOCHTMLCON, DOCABSTRACT,DOCKEYWORDS,DOCPUBTIME, CRUSER,CRUSERID,  CRTIME, DOCFLAG,ATTACHEDCONTENT,TRANSFORMNAME, COMPLETESCORE,CRYSCORE,GROUPID)
VALUES(62,56,2,10,'成本估算',10,'',
'',
'成本估算','成本估算',sysdate,'tfsadmin',1,sysdate, 0,
'',
0,1,1,3);
INSERT INTO IRP_CHNL_DOC_LINK(CHNLDOCID,CHANNELID, DOCID,DOCTITLE,DOCSTATUS,CRTIME, DOCPUBTIME,MODAL,DOCCHANNEL, DOCFLAG,SITEID, CRUSERID,COMPLETESCORE,CRYSCORE)
VALUES(62,56,62,'成本估算',10,sysdate,sysdate,10,0,0,2,1,1,1);
INSERT INTO IRP_DOCUMENT (DOCID,CHANNELID,SITEID,DOCTYPE,DOCTITLE, DOCSTATUS,DOCCONTENT, DOCHTMLCON, DOCABSTRACT,DOCKEYWORDS,DOCPUBTIME, CRUSER,CRUSERID,  CRTIME, DOCFLAG,ATTACHEDCONTENT,TRANSFORMNAME, COMPLETESCORE,CRYSCORE,GROUPID)
VALUES(63,56,2,10,'成本控制',10,'',
'',
'成本控制','成本控制',sysdate,'tfsadmin',1,sysdate, 0,
'',
0,1,1,3);
INSERT INTO IRP_CHNL_DOC_LINK(CHNLDOCID,CHANNELID, DOCID,DOCTITLE,DOCSTATUS,CRTIME, DOCPUBTIME,MODAL,DOCCHANNEL, DOCFLAG,SITEID, CRUSERID,COMPLETESCORE,CRYSCORE)
VALUES(63,56,63,'成本控制',10,sysdate,sysdate,10,0,0,2,1,1,1);

INSERT INTO IRP_DOCUMENT (DOCID,CHANNELID,SITEID,DOCTYPE,DOCTITLE, DOCSTATUS,DOCCONTENT, DOCHTMLCON, DOCABSTRACT,DOCKEYWORDS,DOCPUBTIME, CRUSER,CRUSERID,  CRTIME, DOCFLAG,ATTACHEDCONTENT,TRANSFORMNAME, COMPLETESCORE,CRYSCORE,GROUPID)
VALUES(64,56,2,10,' 质量规划',10,'',
'',
' 质量规划',' 质量规划',sysdate,'tfsadmin',1,sysdate, 0,
'',
0,1,1,3);
INSERT INTO IRP_CHNL_DOC_LINK(CHNLDOCID,CHANNELID, DOCID,DOCTITLE,DOCSTATUS,CRTIME, DOCPUBTIME,MODAL,DOCCHANNEL, DOCFLAG,SITEID, CRUSERID,COMPLETESCORE,CRYSCORE)
VALUES(64,56,64,' 质量规划',10,sysdate,sysdate,10,0,0,2,1,1,1);

INSERT INTO IRP_DOCUMENT (DOCID,CHANNELID,SITEID,DOCTYPE,DOCTITLE, DOCSTATUS,DOCCONTENT, DOCHTMLCON, DOCABSTRACT,DOCKEYWORDS,DOCPUBTIME, CRUSER,CRUSERID,  CRTIME, DOCFLAG,ATTACHEDCONTENT,TRANSFORMNAME, COMPLETESCORE,CRYSCORE,GROUPID)
VALUES(65,56,2,10,' 执行质量保证',10,'',
'',
' 执行质量保证',' 执行质量保证',sysdate,'tfsadmin',1,sysdate, 0,
'',
0,1,1,3);
INSERT INTO IRP_CHNL_DOC_LINK(CHNLDOCID,CHANNELID, DOCID,DOCTITLE,DOCSTATUS,CRTIME, DOCPUBTIME,MODAL,DOCCHANNEL, DOCFLAG,SITEID, CRUSERID,COMPLETESCORE,CRYSCORE)
VALUES(65,56,65,' 执行质量保证',10,sysdate,sysdate,10,0,0,2,1,1,1);

INSERT INTO IRP_DOCUMENT (DOCID,CHANNELID,SITEID,DOCTYPE,DOCTITLE, DOCSTATUS,DOCCONTENT, DOCHTMLCON, DOCABSTRACT,DOCKEYWORDS,DOCPUBTIME, CRUSER,CRUSERID,  CRTIME, DOCFLAG,ATTACHEDCONTENT,TRANSFORMNAME, COMPLETESCORE,CRYSCORE,GROUPID)
VALUES(66,56,2,10,' 执行质量控制',10,'',
'',
' 执行质量控制',' 执行质量控制',sysdate,'tfsadmin',1,sysdate, 0,
'',
0,1,1,3);
INSERT INTO IRP_CHNL_DOC_LINK(CHNLDOCID,CHANNELID, DOCID,DOCTITLE,DOCSTATUS,CRTIME, DOCPUBTIME,MODAL,DOCCHANNEL, DOCFLAG,SITEID, CRUSERID,COMPLETESCORE,CRYSCORE)
VALUES(66,56,66,' 执行质量控制',10,sysdate,sysdate,10,0,0,2,1,1,1);
INSERT INTO IRP_DOCUMENT (DOCID,CHANNELID,SITEID,DOCTYPE,DOCTITLE, DOCSTATUS,DOCCONTENT, DOCHTMLCON, DOCABSTRACT,DOCKEYWORDS,DOCPUBTIME, CRUSER,CRUSERID,  CRTIME, DOCFLAG,ATTACHEDCONTENT,TRANSFORMNAME, COMPLETESCORE,CRYSCORE,GROUPID)
VALUES(67,56,2,10,' 人力资源规划',10,'',
'',
' 人力资源规划',' 人力资源规划',sysdate,'tfsadmin',1,sysdate, 0,
'',
0,1,1,3);
INSERT INTO IRP_CHNL_DOC_LINK(CHNLDOCID,CHANNELID, DOCID,DOCTITLE,DOCSTATUS,CRTIME, DOCPUBTIME,MODAL,DOCCHANNEL, DOCFLAG,SITEID, CRUSERID,COMPLETESCORE,CRYSCORE)
VALUES(67,56,67,' 人力资源规划',10,sysdate,sysdate,10,0,0,2,1,1,1);

INSERT INTO IRP_DOCUMENT (DOCID,CHANNELID,SITEID,DOCTYPE,DOCTITLE, DOCSTATUS,DOCCONTENT, DOCHTMLCON, DOCABSTRACT,DOCKEYWORDS,DOCPUBTIME, CRUSER,CRUSERID,  CRTIME, DOCFLAG,ATTACHEDCONTENT,TRANSFORMNAME, COMPLETESCORE,CRYSCORE,GROUPID)
VALUES(68,56,2,10,' 项目团队建设',10,'',
'',
' 项目团队建设',' 项目团队建设',sysdate,'tfsadmin',1,sysdate, 0,
'',
0,1,1,3);
INSERT INTO IRP_CHNL_DOC_LINK(CHNLDOCID,CHANNELID, DOCID,DOCTITLE,DOCSTATUS,CRTIME, DOCPUBTIME,MODAL,DOCCHANNEL, DOCFLAG,SITEID, CRUSERID,COMPLETESCORE,CRYSCORE)
VALUES(68,56,68,' 项目团队建设',10,sysdate,sysdate,10,0,0,2,1,1,1);

INSERT INTO IRP_DOCUMENT (DOCID,CHANNELID,SITEID,DOCTYPE,DOCTITLE, DOCSTATUS,DOCCONTENT, DOCHTMLCON, DOCABSTRACT,DOCKEYWORDS,DOCPUBTIME, CRUSER,CRUSERID,  CRTIME, DOCFLAG,ATTACHEDCONTENT,TRANSFORMNAME, COMPLETESCORE,CRYSCORE,GROUPID)
VALUES(69,56,2,10,' 组建项目团队',10,'',
'',
' 组建项目团队',' 组建项目团队',sysdate,'tfsadmin',1,sysdate, 0,
'',
0,1,1,3);
INSERT INTO IRP_CHNL_DOC_LINK(CHNLDOCID,CHANNELID, DOCID,DOCTITLE,DOCSTATUS,CRTIME, DOCPUBTIME,MODAL,DOCCHANNEL, DOCFLAG,SITEID, CRUSERID,COMPLETESCORE,CRYSCORE)
VALUES(69,56,69,' 组建项目团队',10,sysdate,sysdate,10,0,0,2,1,1,1);

INSERT INTO IRP_DOCUMENT (DOCID,CHANNELID,SITEID,DOCTYPE,DOCTITLE, DOCSTATUS,DOCCONTENT, DOCHTMLCON, DOCABSTRACT,DOCKEYWORDS,DOCPUBTIME, CRUSER,CRUSERID,  CRTIME, DOCFLAG,ATTACHEDCONTENT,TRANSFORMNAME, COMPLETESCORE,CRYSCORE,GROUPID)
VALUES(70,56,2,10,' 管理项目团队',10,'',
'',
' 管理项目团队',' 管理项目团队',sysdate,'tfsadmin',1,sysdate, 0,
'',
0,1,1,3);
INSERT INTO IRP_CHNL_DOC_LINK(CHNLDOCID,CHANNELID, DOCID,DOCTITLE,DOCSTATUS,CRTIME, DOCPUBTIME,MODAL,DOCCHANNEL, DOCFLAG,SITEID, CRUSERID,COMPLETESCORE,CRYSCORE)
VALUES(70,56,70,' 管理项目团队',10,sysdate,sysdate,10,0,0,2,1,1,1);

INSERT INTO IRP_DOCUMENT (DOCID,CHANNELID,SITEID,DOCTYPE,DOCTITLE, DOCSTATUS,DOCCONTENT, DOCHTMLCON, DOCABSTRACT,DOCKEYWORDS,DOCPUBTIME, CRUSER,CRUSERID,  CRTIME, DOCFLAG,ATTACHEDCONTENT,TRANSFORMNAME, COMPLETESCORE,CRYSCORE,GROUPID)
VALUES(71,56,2,10,' 沟通规划',10,'',
'',
' 沟通规划',' 沟通规划',sysdate,'tfsadmin',1,sysdate, 0,
'',
0,1,1,3);
INSERT INTO IRP_CHNL_DOC_LINK(CHNLDOCID,CHANNELID, DOCID,DOCTITLE,DOCSTATUS,CRTIME, DOCPUBTIME,MODAL,DOCCHANNEL, DOCFLAG,SITEID, CRUSERID,COMPLETESCORE,CRYSCORE)
VALUES(71,56,71,' 沟通规划',10,sysdate,sysdate,10,0,0,2,1,1,1);

INSERT INTO IRP_DOCUMENT (DOCID,CHANNELID,SITEID,DOCTYPE,DOCTITLE, DOCSTATUS,DOCCONTENT, DOCHTMLCON, DOCABSTRACT,DOCKEYWORDS,DOCPUBTIME, CRUSER,CRUSERID,  CRTIME, DOCFLAG,ATTACHEDCONTENT,TRANSFORMNAME, COMPLETESCORE,CRYSCORE,GROUPID)
VALUES(72,56,2,10,' 信息发布',10,'',
'',
' 信息发布',' 信息发布',sysdate,'tfsadmin',1,sysdate, 0,
'',
0,1,1,3);
INSERT INTO IRP_CHNL_DOC_LINK(CHNLDOCID,CHANNELID, DOCID,DOCTITLE,DOCSTATUS,CRTIME, DOCPUBTIME,MODAL,DOCCHANNEL, DOCFLAG,SITEID, CRUSERID,COMPLETESCORE,CRYSCORE)
VALUES(72,56,72,' 信息发布',10,sysdate,sysdate,10,0,0,2,1,1,1);

INSERT INTO IRP_DOCUMENT (DOCID,CHANNELID,SITEID,DOCTYPE,DOCTITLE, DOCSTATUS,DOCCONTENT, DOCHTMLCON, DOCABSTRACT,DOCKEYWORDS,DOCPUBTIME, CRUSER,CRUSERID,  CRTIME, DOCFLAG,ATTACHEDCONTENT,TRANSFORMNAME, COMPLETESCORE,CRYSCORE,GROUPID)
VALUES(73,56,2,10,' 管理项目干系人',10,'',
'',
' 管理项目干系人',' 管理项目干系人',sysdate,'tfsadmin',1,sysdate, 0,
'',
0,1,1,3);
INSERT INTO IRP_CHNL_DOC_LINK(CHNLDOCID,CHANNELID, DOCID,DOCTITLE,DOCSTATUS,CRTIME, DOCPUBTIME,MODAL,DOCCHANNEL, DOCFLAG,SITEID, CRUSERID,COMPLETESCORE,CRYSCORE)
VALUES(73,56,73,' 管理项目干系人',10,sysdate,sysdate,10,0,0,2,1,1,1);

INSERT INTO IRP_DOCUMENT (DOCID,CHANNELID,SITEID,DOCTYPE,DOCTITLE, DOCSTATUS,DOCCONTENT, DOCHTMLCON, DOCABSTRACT,DOCKEYWORDS,DOCPUBTIME, CRUSER,CRUSERID,  CRTIME, DOCFLAG,ATTACHEDCONTENT,TRANSFORMNAME, COMPLETESCORE,CRYSCORE,GROUPID)
VALUES(74,56,2,10,'  绩效报告',10,'',
'',
'  绩效报告','  绩效报告',sysdate,'tfsadmin',1,sysdate, 0,
'',
0,1,1,3);
INSERT INTO IRP_CHNL_DOC_LINK(CHNLDOCID,CHANNELID, DOCID,DOCTITLE,DOCSTATUS,CRTIME, DOCPUBTIME,MODAL,DOCCHANNEL, DOCFLAG,SITEID, CRUSERID,COMPLETESCORE,CRYSCORE)
VALUES(74,56,74,'  绩效报告',10,sysdate,sysdate,10,0,0,2,1,1,1);

INSERT INTO IRP_DOCUMENT (DOCID,CHANNELID,SITEID,DOCTYPE,DOCTITLE, DOCSTATUS,DOCCONTENT, DOCHTMLCON, DOCABSTRACT,DOCKEYWORDS,DOCPUBTIME, CRUSER,CRUSERID,  CRTIME, DOCFLAG,ATTACHEDCONTENT,TRANSFORMNAME, COMPLETESCORE,CRYSCORE,GROUPID)
VALUES(75,56,2,10,'风险应对规划',10,'',
'',
'风险应对规划','风险应对规划',sysdate,'tfsadmin',1,sysdate, 0,
'',
0,1,1,3);
INSERT INTO IRP_CHNL_DOC_LINK(CHNLDOCID,CHANNELID, DOCID,DOCTITLE,DOCSTATUS,CRTIME, DOCPUBTIME,MODAL,DOCCHANNEL, DOCFLAG,SITEID, CRUSERID,COMPLETESCORE,CRYSCORE)
VALUES(75,56,75,'风险应对规划',10,sysdate,sysdate,10,0,0,2,1,1,1);
INSERT INTO IRP_DOCUMENT (DOCID,CHANNELID,SITEID,DOCTYPE,DOCTITLE, DOCSTATUS,DOCCONTENT, DOCHTMLCON, DOCABSTRACT,DOCKEYWORDS,DOCPUBTIME, CRUSER,CRUSERID,  CRTIME, DOCFLAG,ATTACHEDCONTENT,TRANSFORMNAME, COMPLETESCORE,CRYSCORE,GROUPID)
VALUES(76,56,2,10,'风险定量分析',10,'',
'',
'风险定量分析','风险定量分析',sysdate,'tfsadmin',1,sysdate, 0,
'',
0,1,1,3);
INSERT INTO IRP_CHNL_DOC_LINK(CHNLDOCID,CHANNELID, DOCID,DOCTITLE,DOCSTATUS,CRTIME, DOCPUBTIME,MODAL,DOCCHANNEL, DOCFLAG,SITEID, CRUSERID,COMPLETESCORE,CRYSCORE)
VALUES(76,56,76,'风险定量分析',10,sysdate,sysdate,10,0,0,2,1,1,1);

INSERT INTO IRP_DOCUMENT (DOCID,CHANNELID,SITEID,DOCTYPE,DOCTITLE, DOCSTATUS,DOCCONTENT, DOCHTMLCON, DOCABSTRACT,DOCKEYWORDS,DOCPUBTIME, CRUSER,CRUSERID,  CRTIME, DOCFLAG,ATTACHEDCONTENT,TRANSFORMNAME, COMPLETESCORE,CRYSCORE,GROUPID)
VALUES(77,56,2,10,'风险定性分析',10,'',
'',
'风险定性分析','风险定性分析',sysdate,'tfsadmin',1,sysdate, 0,
'',
0,1,1,3);
INSERT INTO IRP_CHNL_DOC_LINK(CHNLDOCID,CHANNELID, DOCID,DOCTITLE,DOCSTATUS,CRTIME, DOCPUBTIME,MODAL,DOCCHANNEL, DOCFLAG,SITEID, CRUSERID,COMPLETESCORE,CRYSCORE)
VALUES(77,56,77,'风险定性分析',10,sysdate,sysdate,10,0,0,2,1,1,1);

INSERT INTO IRP_DOCUMENT (DOCID,CHANNELID,SITEID,DOCTYPE,DOCTITLE, DOCSTATUS,DOCCONTENT, DOCHTMLCON, DOCABSTRACT,DOCKEYWORDS,DOCPUBTIME, CRUSER,CRUSERID,  CRTIME, DOCFLAG,ATTACHEDCONTENT,TRANSFORMNAME, COMPLETESCORE,CRYSCORE,GROUPID)
VALUES(78,56,2,10,'风险识别',10,'',
'',
'风险识别','风险识别',sysdate,'tfsadmin',1,sysdate, 0,
'',
0,1,1,3);
INSERT INTO IRP_CHNL_DOC_LINK(CHNLDOCID,CHANNELID, DOCID,DOCTITLE,DOCSTATUS,CRTIME, DOCPUBTIME,MODAL,DOCCHANNEL, DOCFLAG,SITEID, CRUSERID,COMPLETESCORE,CRYSCORE)
VALUES(78,56,78,'风险识别',10,sysdate,sysdate,10,0,0,2,1,1,1);

INSERT INTO IRP_DOCUMENT (DOCID,CHANNELID,SITEID,DOCTYPE,DOCTITLE, DOCSTATUS,DOCCONTENT, DOCHTMLCON, DOCABSTRACT,DOCKEYWORDS,DOCPUBTIME, CRUSER,CRUSERID,  CRTIME, DOCFLAG,ATTACHEDCONTENT,TRANSFORMNAME, COMPLETESCORE,CRYSCORE,GROUPID)
VALUES(79,56,2,10,'风险规划',10,'',
'',
'风险规划','风险规划',sysdate,'tfsadmin',1,sysdate, 0,
'',
0,1,1,3);
INSERT INTO IRP_CHNL_DOC_LINK(CHNLDOCID,CHANNELID, DOCID,DOCTITLE,DOCSTATUS,CRTIME, DOCPUBTIME,MODAL,DOCCHANNEL, DOCFLAG,SITEID, CRUSERID,COMPLETESCORE,CRYSCORE)
VALUES(79,56,79,'风险规划',10,sysdate,sysdate,10,0,0,2,1,1,1);

INSERT INTO IRP_DOCUMENT (DOCID,CHANNELID,SITEID,DOCTYPE,DOCTITLE, DOCSTATUS,DOCCONTENT, DOCHTMLCON, DOCABSTRACT,DOCKEYWORDS,DOCPUBTIME, CRUSER,CRUSERID,  CRTIME, DOCFLAG,ATTACHEDCONTENT,TRANSFORMNAME, COMPLETESCORE,CRYSCORE,GROUPID)
VALUES(80,56,2,10,'风险监控',10,'',
'',
'风险监控','风险监控',sysdate,'tfsadmin',1,sysdate, 0,
'',
0,1,1,3);
INSERT INTO IRP_CHNL_DOC_LINK(CHNLDOCID,CHANNELID, DOCID,DOCTITLE,DOCSTATUS,CRTIME, DOCPUBTIME,MODAL,DOCCHANNEL, DOCFLAG,SITEID, CRUSERID,COMPLETESCORE,CRYSCORE)
VALUES(80,56,80,'风险监控',10,sysdate,sysdate,10,0,0,2,1,1,1);

INSERT INTO IRP_DOCUMENT (DOCID,CHANNELID,SITEID,DOCTYPE,DOCTITLE, DOCSTATUS,DOCCONTENT, DOCHTMLCON, DOCABSTRACT,DOCKEYWORDS,DOCPUBTIME, CRUSER,CRUSERID,  CRTIME, DOCFLAG,ATTACHEDCONTENT,TRANSFORMNAME, COMPLETESCORE,CRYSCORE,GROUPID)
VALUES(81,56,2,10,'发包规划',10,'',
'',
'发包规划','发包规划',sysdate,'tfsadmin',1,sysdate, 0,
'',
0,1,1,3);
INSERT INTO IRP_CHNL_DOC_LINK(CHNLDOCID,CHANNELID, DOCID,DOCTITLE,DOCSTATUS,CRTIME, DOCPUBTIME,MODAL,DOCCHANNEL, DOCFLAG,SITEID, CRUSERID,COMPLETESCORE,CRYSCORE)
VALUES(81,56,81,'发包规划',10,sysdate,sysdate,10,0,0,2,1,1,1);

INSERT INTO IRP_DOCUMENT (DOCID,CHANNELID,SITEID,DOCTYPE,DOCTITLE, DOCSTATUS,DOCCONTENT, DOCHTMLCON, DOCABSTRACT,DOCKEYWORDS,DOCPUBTIME, CRUSER,CRUSERID,  CRTIME, DOCFLAG,ATTACHEDCONTENT,TRANSFORMNAME, COMPLETESCORE,CRYSCORE,GROUPID)
VALUES(82,56,2,10,'采购规划',10,'',
'',
'采购规划','采购规划',sysdate,'tfsadmin',1,sysdate, 0,
'',
0,1,1,3);
INSERT INTO IRP_CHNL_DOC_LINK(CHNLDOCID,CHANNELID, DOCID,DOCTITLE,DOCSTATUS,CRTIME, DOCPUBTIME,MODAL,DOCCHANNEL, DOCFLAG,SITEID, CRUSERID,COMPLETESCORE,CRYSCORE)
VALUES(82,56,82,'采购规划',10,sysdate,sysdate,10,0,0,2,1,1,1);

INSERT INTO IRP_DOCUMENT (DOCID,CHANNELID,SITEID,DOCTYPE,DOCTITLE, DOCSTATUS,DOCCONTENT, DOCHTMLCON, DOCABSTRACT,DOCKEYWORDS,DOCPUBTIME, CRUSER,CRUSERID,  CRTIME, DOCFLAG,ATTACHEDCONTENT,TRANSFORMNAME, COMPLETESCORE,CRYSCORE,GROUPID)
VALUES(83,56,2,10,'合同管理',10,'',
'',
'合同管理','合同管理',sysdate,'tfsadmin',1,sysdate, 0,
'',
0,1,1,3);
INSERT INTO IRP_CHNL_DOC_LINK(CHNLDOCID,CHANNELID, DOCID,DOCTITLE,DOCSTATUS,CRTIME, DOCPUBTIME,MODAL,DOCCHANNEL, DOCFLAG,SITEID, CRUSERID,COMPLETESCORE,CRYSCORE)
VALUES(83,56,83,'合同管理',10,sysdate,sysdate,10,0,0,2,1,1,1);

INSERT INTO IRP_DOCUMENT (DOCID,CHANNELID,SITEID,DOCTYPE,DOCTITLE, DOCSTATUS,DOCCONTENT, DOCHTMLCON, DOCABSTRACT,DOCKEYWORDS,DOCPUBTIME, CRUSER,CRUSERID,  CRTIME, DOCFLAG,ATTACHEDCONTENT,TRANSFORMNAME, COMPLETESCORE,CRYSCORE,GROUPID)
VALUES(84,56,2,10,'合同收尾',10,'',
'',
'合同收尾','合同收尾',sysdate,'tfsadmin',1,sysdate, 0,
'',
0,1,1,3);
INSERT INTO IRP_CHNL_DOC_LINK(CHNLDOCID,CHANNELID, DOCID,DOCTITLE,DOCSTATUS,CRTIME, DOCPUBTIME,MODAL,DOCCHANNEL, DOCFLAG,SITEID, CRUSERID,COMPLETESCORE,CRYSCORE)
VALUES(84,56,84,'合同收尾',10,sysdate,sysdate,10,0,0,2,1,1,1);
INSERT INTO IRP_DOCUMENT (DOCID,CHANNELID,SITEID,DOCTYPE,DOCTITLE, DOCSTATUS,DOCCONTENT, DOCHTMLCON, DOCABSTRACT,DOCKEYWORDS,DOCPUBTIME, CRUSER,CRUSERID,  CRTIME, DOCFLAG,ATTACHEDCONTENT,TRANSFORMNAME, COMPLETESCORE,CRYSCORE,GROUPID)
VALUES(85,56,2,10,'选择卖方',10,'',
'',
'选择卖方','选择卖方',sysdate,'tfsadmin',1,sysdate, 0,
'',
0,1,1,3);
INSERT INTO IRP_CHNL_DOC_LINK(CHNLDOCID,CHANNELID, DOCID,DOCTITLE,DOCSTATUS,CRTIME, DOCPUBTIME,MODAL,DOCCHANNEL, DOCFLAG,SITEID, CRUSERID,COMPLETESCORE,CRYSCORE)
VALUES(85,56,85,'选择卖方',10,sysdate,sysdate,10,0,0,2,1,1,1);

INSERT INTO IRP_DOCUMENT (DOCID,CHANNELID,SITEID,DOCTYPE,DOCTITLE, DOCSTATUS,DOCCONTENT, DOCHTMLCON, DOCABSTRACT,DOCKEYWORDS,DOCPUBTIME, CRUSER,CRUSERID,  CRTIME, DOCFLAG,ATTACHEDCONTENT,TRANSFORMNAME, COMPLETESCORE,CRYSCORE,GROUPID)
VALUES(86,56,2,10,'获得卖方响应',10,'',
'',
'获得卖方响应','获得卖方响应',sysdate,'tfsadmin',1,sysdate, 0,
'',
0,1,1,3);
INSERT INTO IRP_CHNL_DOC_LINK(CHNLDOCID,CHANNELID, DOCID,DOCTITLE,DOCSTATUS,CRTIME, DOCPUBTIME,MODAL,DOCCHANNEL, DOCFLAG,SITEID, CRUSERID,COMPLETESCORE,CRYSCORE)
VALUES(86,56,86,'获得卖方响应',10,sysdate,sysdate,10,0,0,2,1,1,1);



































---门户文章

----最新知识

INSERT INTO IRP_DOCUMENT (DOCID,CHANNELID,SITEID,DOCTYPE,DOCTITLE, DOCSTATUS,DOCCONTENT, DOCHTMLCON, DOCABSTRACT,DOCKEYWORDS,DOCPUBTIME, CRUSER,CRUSERID,  CRTIME, DOCFLAG,ATTACHEDCONTENT,TRANSFORMNAME, COMPLETESCORE,CRYSCORE,GROUPID)
VALUES(104,34,2,10,'知识管理实施推进制度',10,'',
'',
'知识管理实施推进制度','知识管理实施推进制度',sysdate,'tfsadmin',1,sysdate, 0,
'',
0,1,1,3);
INSERT INTO IRP_CHNL_DOC_LINK(CHNLDOCID,CHANNELID, DOCID,DOCTITLE,DOCSTATUS,CRTIME, DOCPUBTIME,MODAL,DOCCHANNEL, DOCFLAG,SITEID, CRUSERID,COMPLETESCORE,CRYSCORE)
VALUES(104,34,104,'知识管理实施推进制度',10,sysdate,sysdate,10,0,0,2,1,1,1);
INSERT INTO IRP_ATTACHED(ATTACHEDID,ATTDOCID,ATTFILE,TYPEID,ATTDESC,ATTLINKALT,ATTSERN,ATTPROP,ATTFLAG, ATTTIME,CRUSER,CRUSERID,CRTIME, FILEEXT,EDITVERSIONS)
VALUES(88,104,'AP201711023332959.png',2,'知识管理实施推进制度.png','知识管理实施推进制度.png',1,0,1,sysdate,'tfsadmin',1,sysdate,'png',1);
INSERT INTO IRP_ATTACHED(ATTACHEDID,ATTDOCID,ATTFILE,TYPEID,ATTDESC,ATTLINKALT,ATTSERN,ATTPROP,ATTFLAG, ATTTIME,CRUSER,CRUSERID,CRTIME, FILEEXT,EDITVERSIONS)
VALUES(89,104,'AF201711028858875.doc',1,'知识管理实施推进制度.doc','知识管理实施推进制度.doc',2,0,2,sysdate,'tfsadmin',1,sysdate,'doc',0);


INSERT INTO IRP_DOCUMENT (DOCID,CHANNELID,SITEID,DOCTYPE,DOCTITLE, DOCSTATUS,DOCCONTENT, DOCHTMLCON, DOCABSTRACT,DOCKEYWORDS,DOCPUBTIME, CRUSER,CRUSERID,  CRTIME, DOCFLAG,ATTACHEDCONTENT,TRANSFORMNAME, COMPLETESCORE,CRYSCORE,GROUPID)
VALUES(105,34,2,10,'企业知识管理平台如何进行运营推广 ',10,'运营，就需要有相应的组织或者专人负责，制订运营方案：平台由谁负责维护？用户问题由谁答复？知识的上传、更新、退出机制怎么设立？用户激励如何进行？——在这一步，开始有了推广的设计，要做好推广，很多时候是和产品即知识管理平台本身分不开的，机制的设立也需要在平台中，比如积分制、知识等级设计、奖惩制度等，可以参考游戏中的各种做法，也可以根据公司文化进行创新，借鉴互联网上的各种做法更是必不可少且有效的，比如有些社区为什么你愿意参与？为什么大家都愿意参与？把其中的模式研究出来，用于自身的运营规划即可。提到企业级的知识管理，以下有六套解决方案去推进企业知识管理，屡试不爽：1、知识仓库很多企业员工吐槽：“知识搜索虐我千百遍，我待知识如初恋。”养兵千日用兵一时，关键时刻，怎能找不到要用的知识。知识仓库让知识变得有序化，让一切搜索变得更简单！2、知识社区看得见的知识容易管理，看不见的经验知识可就没那么容易管了，主题头脑风暴、多方指导点评、专家地图、爱问百科甚至社区匿名吐槽……知识社区是员工分享经验，促进知识创新的最佳场所！3、关键岗位高手一旦要跳槽，老板心急如焚。这样的事情怎样才能把损失降到最小呢？关键岗位知识管理，最大程度减少组织智力资本的流失！4、核心业务如果说企业是一棵大树，核心能力是树干，那么核心业务便是果实。通过对核心业务知识进行梳理优化后，不管是相关操作说明，还是经验案例知识，全部都能够智能推送，知识与业务的完美结合才能实现最大的企业效益。5、知识管理规划咨询很多企业一开始遇到知识管理，刹那间，高山流水遇知音，发誓掏心掏肺也要好好干。但是很奇怪就是“雷声大、雨点小”，到底原因出在谁身上呢？做好知识管理，首先要对企业管理现状与知识管理发展做真实性分析，了解本组织对知识管理的真实需求，才不会种下悲剧的种子。6、专项知识提升行为设计站在巨人的肩膀上，就可以看得更高，看得更远。这个道理在知识管理工作中尤其凸显。专项知识提升行为解决方案，进行诸如最佳实践、知识转移、同行协助、知识创新等方面的专项方案设计和推进，复制最佳的模式，让每一次的工作都带来最好的效果。',
'<p><span style="background-color:rgb(255, 255, 255); color:rgb(51, 51, 51); font-family:sans-serif,arial,verdana,trebuchet ms; font-size:14px">  运营，就需要有相应的组织或者专人负责，制订运营方案：平台由谁负责维护？用户问题由谁答复？知识的上传、更新、退出机制怎么设立？用户激励如何进行？——在这一步，开始有了推广的设计，要做好推广，很多时候是和产品即知识管理平台本身分不开的，机制的设立也需要在平台中，比如积分制、知识等级设计、奖惩制度等，可以参考游戏中的各种做法，也可以根据公司文化进行创新，借鉴互联网上的各种做法更是必不可少且有效的，比如有些社区为什么你愿意参与？为什么大家都愿意参与？把其中的模式研究出来，用于自身的运营规划即可。提到企业级的知识管理，以下有六套解决方案去推进企业知识管理，屡试不爽：1、知识仓库很多企业员工吐槽：“知识搜索虐我千百遍，我待知识如初恋。”养兵千日用兵一时，关键时刻，怎能找不到要用的知识。知识仓库让知识变得有序化，让一切搜索变得更简单！2、知识社区看得见的知识容易管理，看不见的经验知识可就没那么容易管了，主题头脑风暴、多方指导点评、专家地图、爱问百科甚至社区匿名吐槽……知识社区是员工分享经验，促进知识创新的最佳场所！3、关键岗位高手一旦要跳槽，老板心急如焚。这样的事情怎样才能把损失降到最小呢？关键岗位知识管理，最大程度减少组织智力资本的流失！4、核心业务如果说企业是一棵大树，核心能力是树干，那么核心业务便是果实。通过对核心业务知识进行梳理优化后，不管是相关操作说明，还是经验案例知识，全部都能够智能推送，知识与业务的完美结合才能实现最大的企业效益。5、知识管理规划咨询很多企业一开始遇到知识管理，刹那间，高山流水遇知音，发誓掏心掏肺也要好好干。但是很奇怪就是“雷声大、雨点小”，到底原因出在谁身上呢？做好知识管理，首先要对企业管理现状与知识管理发展做真实性分析，了解本组织对知识管理的真实需求，才不会种下悲剧的种子。6、专项知识提升行为设计站在巨人的肩膀上，就可以看得更高，看得更远。这个道理在知识管理工作中尤其凸显。专项知识提升行为解决方案，进行诸如最佳实践、知识转移、同行协助、知识创新等方面的专项方案设计和推进，复制最佳的模式，让每一次的工作都带来最好的效果。</span></p>',
'企业知识管理 ','运营推广 ',sysdate,'tfsadmin',1,sysdate, 0,
'<p><span style="background-color:rgb(255, 255, 255); color:rgb(51, 51, 51); font-family:sans-serif,arial,verdana,trebuchet ms; font-size:14px">  运营，就需要有相应的组织或者专人负责，制订运营方案：平台由谁负责维护？用户问题由谁答复？知识的上传、更新、退出机制怎么设立？用户激励如何进行？——在这一步，开始有了推广的设计，要做好推广，很多时候是和产品即知识管理平台本身分不开的，机制的设立也需要在平台中，比如积分制、知识等级设计、奖惩制度等，可以参考游戏中的各种做法，也可以根据公司文化进行创新，借鉴互联网上的各种做法更是必不可少且有效的，比如有些社区为什么你愿意参与？为什么大家都愿意参与？把其中的模式研究出来，用于自身的运营规划即可。提到企业级的知识管理，以下有六套解决方案去推进企业知识管理，屡试不爽：1、知识仓库很多企业员工吐槽：“知识搜索虐我千百遍，我待知识如初恋。”养兵千日用兵一时，关键时刻，怎能找不到要用的知识。知识仓库让知识变得有序化，让一切搜索变得更简单！2、知识社区看得见的知识容易管理，看不见的经验知识可就没那么容易管了，主题头脑风暴、多方指导点评、专家地图、爱问百科甚至社区匿名吐槽……知识社区是员工分享经验，促进知识创新的最佳场所！3、关键岗位高手一旦要跳槽，老板心急如焚。这样的事情怎样才能把损失降到最小呢？关键岗位知识管理，最大程度减少组织智力资本的流失！4、核心业务如果说企业是一棵大树，核心能力是树干，那么核心业务便是果实。通过对核心业务知识进行梳理优化后，不管是相关操作说明，还是经验案例知识，全部都能够智能推送，知识与业务的完美结合才能实现最大的企业效益。5、知识管理规划咨询很多企业一开始遇到知识管理，刹那间，高山流水遇知音，发誓掏心掏肺也要好好干。但是很奇怪就是“雷声大、雨点小”，到底原因出在谁身上呢？做好知识管理，首先要对企业管理现状与知识管理发展做真实性分析，了解本组织对知识管理的真实需求，才不会种下悲剧的种子。6、专项知识提升行为设计站在巨人的肩膀上，就可以看得更高，看得更远。这个道理在知识管理工作中尤其凸显。专项知识提升行为解决方案，进行诸如最佳实践、知识转移、同行协助、知识创新等方面的专项方案设计和推进，复制最佳的模式，让每一次的工作都带来最好的效果。</span></p>',
0,1,1,3);
INSERT INTO IRP_CHNL_DOC_LINK(CHNLDOCID,CHANNELID, DOCID,DOCTITLE,DOCSTATUS,CRTIME, DOCPUBTIME,MODAL,DOCCHANNEL, DOCFLAG,SITEID, CRUSERID,COMPLETESCORE,CRYSCORE)
VALUES(105,34,105,'企业知识管理平台如何进行运营推广 ',10,sysdate,sysdate,10,0,0,2,1,1,1);
INSERT INTO IRP_ATTACHED(ATTACHEDID,ATTDOCID,ATTFILE,TYPEID,ATTDESC,ATTLINKALT,ATTSERN,ATTPROP,ATTFLAG, ATTTIME,CRUSER,CRUSERID,CRTIME, FILEEXT,EDITVERSIONS)
VALUES(90,105,'AP201711029219832.jpg',2,'企业知识管理平台如何进行运营推广.jpg','企业知识管理平台如何进行运营推广.jpg',1,0,1,sysdate,'tfsadmin',1,sysdate,'jpg',1);

INSERT INTO IRP_DOCUMENT (DOCID,CHANNELID,SITEID,DOCTYPE,DOCTITLE, DOCSTATUS,DOCCONTENT, DOCHTMLCON, DOCABSTRACT,DOCKEYWORDS,DOCPUBTIME, CRUSER,CRUSERID,  CRTIME, DOCFLAG,ATTACHEDCONTENT,TRANSFORMNAME, COMPLETESCORE,CRYSCORE,GROUPID)
VALUES(106,34,2,10,'企业知识管理，就是要解决企业内新老员工经验传承的问题',10,'',
'',
'企业知识管理，就是要解决企业内新老员工经验传承的问题','企业知识管理，就是要解决企业内新老员工经验传承的问题',sysdate,'tfsadmin',1,sysdate, 0,
'',
0,1,1,3);
INSERT INTO IRP_CHNL_DOC_LINK(CHNLDOCID,CHANNELID, DOCID,DOCTITLE,DOCSTATUS,CRTIME, DOCPUBTIME,MODAL,DOCCHANNEL, DOCFLAG,SITEID, CRUSERID,COMPLETESCORE,CRYSCORE)
VALUES(106,34,106,'企业知识管理，就是要解决企业内新老员工经验传承的问题',10,sysdate,sysdate,10,0,0,2,1,1,1);
INSERT INTO IRP_ATTACHED(ATTACHEDID,ATTDOCID,ATTFILE,TYPEID,ATTDESC,ATTLINKALT,ATTSERN,ATTPROP,ATTFLAG, ATTTIME,CRUSER,CRUSERID,CRTIME, FILEEXT,EDITVERSIONS)
VALUES(91,106,'AP201711029219832.doc',1,'企业知识管理，就是要解决企业内新老员工经验传承的问题.doc','企业知识管理，就是要解决企业内新老员工经验传承的问题.doc',2,0,2,sysdate,'tfsadmin',1,sysdate,'doc',0);




----最热知识
INSERT INTO IRP_DOCUMENT (DOCID,CHANNELID,SITEID,DOCTYPE,DOCTITLE, DOCSTATUS,DOCCONTENT, DOCHTMLCON, DOCABSTRACT,DOCKEYWORDS,DOCPUBTIME, CRUSER,CRUSERID,  CRTIME, DOCFLAG,ATTACHEDCONTENT,TRANSFORMNAME, COMPLETESCORE,CRYSCORE,GROUPID)
VALUES(100,35,2,10,'万达学院案例库',10,'通过教学体系收集万达集团各业务系统的经典完整案例，提供多种使用介质和检索模式供各类用户查询使用，为业务发展提供有力保障，推动集团各业务绩效的提升；借助培训考试系统，形成一体化的培训系统，统一管理、统一服务；在为学员提供培训管理的同时，提高学员学习兴趣、充分发挥专家力量、建立良好的沟通交流平台。1、根据业务方向，生成集团八大业态方向的案例知识库    借助知识管理平台的多库管理功能，结合万达集团的特点，打造了：集团、商业地产、百货、酒店、商管、大歌星、院线、演艺八大案例库。    在八大案例库中，共配置出77个专业分类，每个专业下可自由扩展二级分类（扩展）。根据案例知识的特性，定制出多个知识模板来满足知识录入和展现的需要。提供案例的图片展示，形成类似百度文库的案例直观显示，系统自动根据上传的案例抽取出案例图片，同时提供附件的在线浏览功能。2、系统智能的收集学员对知识的浏览和搜索等行为，结合系统和员工自身的标签属性池中的标签，自动发现知识，主动推送给学员；    学院和员工可以分配学员的业务方向、需要掌握的知识和提升技能方向，将这些方向对应的知识点配置到员工的标签属性池中，系统可以根据这些标签，自动发现知识并进行推送；当员工在浏览知识和搜索等行为时，系统自动汇聚、并分析和提取其中蕴含的知识点，通过先进的分析、淘汰、沉淀算法，与标签属性结合，形成员工的个人知识主题云，来自动发现知识，进行优秀案例和知识的推送。3、通过树立万达集团中的员工技能，结合万达学院内部多年的培训经验，构建出集团完整的专家库。    集团的专家主要是由万达学院的培训讲师来担任，全部为集团经理以上级别，目前树立出来的专家数量为200多个。系统同时支持根据案例库的使用情况，从普通学员中提升出集团的知识和案例专家。4、借助成熟的互联网搜索引擎技术，监控互联网的热点资讯    借助专业的智能处理技术：自动分类等，发现网络知识，并迅速汇聚到知识库中，然后借助智能推荐功能，以最快的速度实现互联网资讯与学员之间的同步，形成万达集团员工的智慧。',
'<p style="text-align:start">通过教学体系收集万达集团各业务系统的经典完整案例，提供多种使用介质和检索模式供各类用户查询使用，为业务发展提供有力保障，推动集团各业务绩效的提升；借助培训考试系统，形成一体化的培训系统，统一管理、统一服务；在为学员提供培训管理的同时，提高学员学习兴趣、充分发挥专家力量、建立良好的沟通交流平台。</p><p style="text-align:start">1、根据业务方向，生成集团八大业态方向的案例知识库</p><p style="text-align:start">&nbsp; &nbsp; 借助知识管理平台的多库管理功能，结合万达集团的特点，打造了：集团、商业地产、百货、酒店、商管、大歌星、院线、演艺八大案例库。</p><p style="text-align:start">&nbsp; &nbsp; 在八大案例库中，共配置出77个专业分类，每个专业下可自由扩展二级分类（扩展）。根据案例知识的特性，定制出多个知识模板来满足知识录入和展现的需要。提供案例的图片展示，形成类似百度文库的案例直观显示，系统自动根据上传的案例抽取出案例图片，同时提供附件的在线浏览功能。</p><p style="text-align:start">2、系统智能的收集学员对知识的浏览和搜索等行为，结合系统和员工自身的标签属性池中的标签，自动发现知识，主动推送给学员；</p><p style="text-align:start">&nbsp; &nbsp; 学院和员工可以分配学员的业务方向、需要掌握的知识和提升技能方向，将这些方向对应的知识点配置到员工的标签属性池中，系统可以根据这些标签，自动发现知识并进行推送；当员工在浏览知识和搜索等行为时，系统自动汇聚、并分析和提取其中蕴含的知识点，通过先进的分析、淘汰、沉淀算法，与标签属性结合，形成员工的个人知识主题云，来自动发现知识，进行优秀案例和知识的推送。</p><p style="text-align:start">3、通过树立万达集团中的员工技能，结合万达学院内部多年的培训经验，构建出集团完整的专家库。</p><p style="text-align:start">&nbsp; &nbsp; 集团的专家主要是由万达学院的培训讲师来担任，全部为集团经理以上级别，目前树立出来的专家数量为200多个。系统同时支持根据案例库的使用情况，从普通学员中提升出集团的知识和案例专家。</p><p style="text-align:start">4、借助成熟的互联网搜索引擎技术，监控互联网的热点资讯</p><p style="text-align:start">&nbsp; &nbsp; 借助专业的智能处理技术：自动分类等，发现网络知识，并迅速汇聚到知识库中，然后借助智能推荐功能，以最快的速度实现互联网资讯与学员之间的同步，形成万达集团员工的智慧。</p>',
'通过教学体系收集万达集团各业务系统的经典完整案例，提供多种使用介质和检索模式供各类用户查询使用','万达学院案例库',sysdate,'tfsadmin',1,sysdate, 0,
'<p style="text-align:start">通过教学体系收集万达集团各业务系统的经典完整案例，提供多种使用介质和检索模式供各类用户查询使用，为业务发展提供有力保障，推动集团各业务绩效的提升；借助培训考试系统，形成一体化的培训系统，统一管理、统一服务；在为学员提供培训管理的同时，提高学员学习兴趣、充分发挥专家力量、建立良好的沟通交流平台。</p><p style="text-align:start">1、根据业务方向，生成集团八大业态方向的案例知识库</p><p style="text-align:start">&nbsp; &nbsp; 借助知识管理平台的多库管理功能，结合万达集团的特点，打造了：集团、商业地产、百货、酒店、商管、大歌星、院线、演艺八大案例库。</p><p style="text-align:start">&nbsp; &nbsp; 在八大案例库中，共配置出77个专业分类，每个专业下可自由扩展二级分类（扩展）。根据案例知识的特性，定制出多个知识模板来满足知识录入和展现的需要。提供案例的图片展示，形成类似百度文库的案例直观显示，系统自动根据上传的案例抽取出案例图片，同时提供附件的在线浏览功能。</p><p style="text-align:start">2、系统智能的收集学员对知识的浏览和搜索等行为，结合系统和员工自身的标签属性池中的标签，自动发现知识，主动推送给学员；</p><p style="text-align:start">&nbsp; &nbsp; 学院和员工可以分配学员的业务方向、需要掌握的知识和提升技能方向，将这些方向对应的知识点配置到员工的标签属性池中，系统可以根据这些标签，自动发现知识并进行推送；当员工在浏览知识和搜索等行为时，系统自动汇聚、并分析和提取其中蕴含的知识点，通过先进的分析、淘汰、沉淀算法，与标签属性结合，形成员工的个人知识主题云，来自动发现知识，进行优秀案例和知识的推送。</p><p style="text-align:start">3、通过树立万达集团中的员工技能，结合万达学院内部多年的培训经验，构建出集团完整的专家库。</p><p style="text-align:start">&nbsp; &nbsp; 集团的专家主要是由万达学院的培训讲师来担任，全部为集团经理以上级别，目前树立出来的专家数量为200多个。系统同时支持根据案例库的使用情况，从普通学员中提升出集团的知识和案例专家。</p><p style="text-align:start">4、借助成熟的互联网搜索引擎技术，监控互联网的热点资讯</p><p style="text-align:start">&nbsp; &nbsp; 借助专业的智能处理技术：自动分类等，发现网络知识，并迅速汇聚到知识库中，然后借助智能推荐功能，以最快的速度实现互联网资讯与学员之间的同步，形成万达集团员工的智慧。</p>',
0,1,1,3);
INSERT INTO IRP_CHNL_DOC_LINK(CHNLDOCID,CHANNELID, DOCID,DOCTITLE,DOCSTATUS,CRTIME, DOCPUBTIME,MODAL,DOCCHANNEL, DOCFLAG,SITEID, CRUSERID,COMPLETESCORE,CRYSCORE)
VALUES(100,35,100,'万达学院案例库',10,sysdate,sysdate,10,0,0,2,1,1,1);


INSERT INTO IRP_DOCUMENT (DOCID,CHANNELID,SITEID,DOCTYPE,DOCTITLE, DOCSTATUS,DOCCONTENT, DOCHTMLCON, DOCABSTRACT,DOCKEYWORDS,DOCPUBTIME, CRUSER,CRUSERID,  CRTIME, DOCFLAG,ATTACHEDCONTENT,TRANSFORMNAME, COMPLETESCORE,CRYSCORE,GROUPID)
VALUES(101,35,2,10,'北京日报民生热线',10,'民生热线系统开办目的是通过京报网网站平台，收集网友对北京市政建设存在问题的投诉和建议，通过报社的沟通渠道，将网友的投诉和建议转办给相应的管理部门，同时将主管部门对网友的办理结果进行反馈，架起网友和市政管理者的沟通桥梁，发挥网络新媒体的优势。1、角色管理    民生热线系统角色包括：匿名用户、注册用户、管理用户、委办局用户。    匿名用户：所有浏览民生热线系统的用户    注册用户：注册为民生热线系统登录用户的网友    管理用户：对网友的投诉和建议进行审核、转办、回复的系统用户    委办局用户：负责回复网友投诉、建议的系统用户2、版块管理    民生热线系统，需要可以提供版块管理功能，以方便各种类型的反馈信息，比如需要包括：投诉、建议、咨询、爆料、维权等版块。3、表单管理    网友提交的投诉、建议等信息，需要包含标题、正文，附件（可选）等，用户在提交投诉建议的时候，可以指定委办局进行答复。4、信息提交包括匿名提交和注册提交匿名提交      匿名网友可以在线提交投诉和建议、爆料、咨询信息等。注册提交      注册网友可以在线提交投诉和建议、爆料、咨询信息等，同时可以在线回答其他网友的提问，可以对回答进行评价。5、信息审核    所有提交的信息都需要进行审核，审核通过的信息，可以显示在网页上，未审核通过的信息，可以进行删除。6、信息转办    对需要转办的信息，可以转给相应的委办局进行转办，进行转办操作后，该信息的状态为“已转办”7、信息回复    从相应的委办局接收到回复信息或答复后，可以利用各委办局的账号进行回复，或是给委办局开通账号，由委办局进行直接回复。8、信息检索    用户提交信息后，可以按照信息编号进行状态和结果查询。对于已经回复完成或解决的问题，用户可以通过关键词搜索的方式进行检索。',
'<p style="text-align:start">民生热线系统开办目的是通过京报网网站平台，收集网友对北京市政建设存在问题的投诉和建议，通过报社的沟通渠道，将网友的投诉和建议转办给相应的管理部门，同时将主管部门对网友的办理结果进行反馈，架起网友和市政管理者的沟通桥梁，发挥网络新媒体的优势。</p>

<p style="text-align:start">1、角色管理</p>

<p style="text-align:start">&nbsp; &nbsp; 民生热线系统角色包括：匿名用户、注册用户、管理用户、委办局用户。</p>

<p style="text-align:start">&nbsp; &nbsp; 匿名用户：所有浏览民生热线系统的用户</p>

<p style="text-align:start">&nbsp; &nbsp; 注册用户：注册为民生热线系统登录用户的网友</p>

<p style="text-align:start">&nbsp; &nbsp; 管理用户：对网友的投诉和建议进行审核、转办、回复的系统用户</p>

<p style="text-align:start">&nbsp; &nbsp; 委办局用户：负责回复网友投诉、建议的系统用户</p>

<p style="text-align:start">2、版块管理</p>

<p style="text-align:start">&nbsp; &nbsp; 民生热线系统，需要可以提供版块管理功能，以方便各种类型的反馈信息，比如需要包括：投诉、建议、咨询、爆料、维权等版块。</p>

<p style="text-align:start">3、表单管理</p>

<p style="text-align:start">&nbsp; &nbsp; 网友提交的投诉、建议等信息，需要包含标题、正文，附件（可选）等，用户在提交投诉建议的时候，可以指定委办局进行答复。</p>

<p style="text-align:start">4、信息提交包括匿名提交和注册提交</p>

<ul>
	<li>匿名提交</li>
</ul>

<p style="text-align:start">&nbsp; &nbsp; &nbsp; 匿名网友可以在线提交投诉和建议、爆料、咨询信息等。</p>

<ul>
	<li>注册提交</li>
</ul>

<p style="text-align:start">&nbsp; &nbsp; &nbsp; 注册网友可以在线提交投诉和建议、爆料、咨询信息等，同时可以在线回答其他网友的提问，可以对回答进行评价。</p>

<p style="text-align:start">5、信息审核</p>

<p style="text-align:start">&nbsp; &nbsp; 所有提交的信息都需要进行审核，审核通过的信息，可以显示在网页上，未审核通过的信息，可以进行删除。</p>

<p style="text-align:start">6、信息转办</p>

<p style="text-align:start">&nbsp; &nbsp; 对需要转办的信息，可以转给相应的委办局进行转办，进行转办操作后，该信息的状态为&ldquo;已转办&rdquo;</p>

<p style="text-align:start">7、信息回复</p>

<p style="text-align:start">&nbsp; &nbsp; 从相应的委办局接收到回复信息或答复后，可以利用各委办局的账号进行回复，或是给委办局开通账号，由委办局进行直接回复。</p>

<p style="text-align:start">8、信息检索</p>

<p style="text-align:start">&nbsp; &nbsp; 用户提交信息后，可以按照信息编号进行状态和结果查询。对于已经回复完成或解决的问题，用户可以通过关键词搜索的方式进行检索。</p>
',
'民生热线系统开办目的是通过京报网网站平台，收集网友对北京市政建设存在问题的投诉和建议，通过报社的沟通渠道，将网友的投诉和建议转办给相应的管理部门，同时将主管部门对网友的办理结果进行反馈，架起网友和市政管理者的沟通桥梁，发挥网络新媒体的优势。','北京日报民生热线',sysdate,'tfsadmin',1,sysdate, 0,
'<p style="text-align:start">民生热线系统开办目的是通过京报网网站平台，收集网友对北京市政建设存在问题的投诉和建议，通过报社的沟通渠道，将网友的投诉和建议转办给相应的管理部门，同时将主管部门对网友的办理结果进行反馈，架起网友和市政管理者的沟通桥梁，发挥网络新媒体的优势。</p>

<p style="text-align:start">1、角色管理</p>

<p style="text-align:start">&nbsp; &nbsp; 民生热线系统角色包括：匿名用户、注册用户、管理用户、委办局用户。</p>

<p style="text-align:start">&nbsp; &nbsp; 匿名用户：所有浏览民生热线系统的用户</p>

<p style="text-align:start">&nbsp; &nbsp; 注册用户：注册为民生热线系统登录用户的网友</p>

<p style="text-align:start">&nbsp; &nbsp; 管理用户：对网友的投诉和建议进行审核、转办、回复的系统用户</p>

<p style="text-align:start">&nbsp; &nbsp; 委办局用户：负责回复网友投诉、建议的系统用户</p>

<p style="text-align:start">2、版块管理</p>

<p style="text-align:start">&nbsp; &nbsp; 民生热线系统，需要可以提供版块管理功能，以方便各种类型的反馈信息，比如需要包括：投诉、建议、咨询、爆料、维权等版块。</p>

<p style="text-align:start">3、表单管理</p>

<p style="text-align:start">&nbsp; &nbsp; 网友提交的投诉、建议等信息，需要包含标题、正文，附件（可选）等，用户在提交投诉建议的时候，可以指定委办局进行答复。</p>

<p style="text-align:start">4、信息提交包括匿名提交和注册提交</p>

<ul>
	<li>匿名提交</li>
</ul>

<p style="text-align:start">&nbsp; &nbsp; &nbsp; 匿名网友可以在线提交投诉和建议、爆料、咨询信息等。</p>

<ul>
	<li>注册提交</li>
</ul>

<p style="text-align:start">&nbsp; &nbsp; &nbsp; 注册网友可以在线提交投诉和建议、爆料、咨询信息等，同时可以在线回答其他网友的提问，可以对回答进行评价。</p>

<p style="text-align:start">5、信息审核</p>

<p style="text-align:start">&nbsp; &nbsp; 所有提交的信息都需要进行审核，审核通过的信息，可以显示在网页上，未审核通过的信息，可以进行删除。</p>

<p style="text-align:start">6、信息转办</p>

<p style="text-align:start">&nbsp; &nbsp; 对需要转办的信息，可以转给相应的委办局进行转办，进行转办操作后，该信息的状态为&ldquo;已转办&rdquo;</p>

<p style="text-align:start">7、信息回复</p>

<p style="text-align:start">&nbsp; &nbsp; 从相应的委办局接收到回复信息或答复后，可以利用各委办局的账号进行回复，或是给委办局开通账号，由委办局进行直接回复。</p>

<p style="text-align:start">8、信息检索</p>

<p style="text-align:start">&nbsp; &nbsp; 用户提交信息后，可以按照信息编号进行状态和结果查询。对于已经回复完成或解决的问题，用户可以通过关键词搜索的方式进行检索。</p>',
0,1,1,3);
INSERT INTO IRP_CHNL_DOC_LINK(CHNLDOCID,CHANNELID, DOCID,DOCTITLE,DOCSTATUS,CRTIME, DOCPUBTIME,MODAL,DOCCHANNEL, DOCFLAG,SITEID, CRUSERID,COMPLETESCORE,CRYSCORE)
VALUES(101,35,101,'北京日报民生热线',10,sysdate,sysdate,10,0,0,2,1,1,1);

INSERT INTO IRP_DOCUMENT (DOCID,CHANNELID,SITEID,DOCTYPE,DOCTITLE, DOCSTATUS,DOCCONTENT, DOCHTMLCON, DOCABSTRACT,DOCKEYWORDS,DOCPUBTIME, CRUSER,CRUSERID,  CRTIME, DOCFLAG,ATTACHEDCONTENT,TRANSFORMNAME, COMPLETESCORE,CRYSCORE,GROUPID)
VALUES(102,35,2,10,'国家海洋信息中心',10,'国家海洋信息中心（简称“信息中心”），是国家海洋局直属的财政补助事业单位，主要职能是管理国家海洋信息资源，指导、协调全国海洋信息化业务工作，为海洋经济、海洋管理、公益服务和海洋安全提供海洋信息的业务保障、技术支撑与服务。　　本次项目实现了知识管理、知识地图、知识检索、行业词典、资源交换等主要功能，为海洋工程知识提供了专业知识的管理服务平台。在系统使用的过程中，逐渐挖掘出一些需要完善和提升的地方，为此需要在原有平台基础上进行个性化二次开发，完善平台功能，优化用户体验。通过对知识的采集、交互、对接，不断增加知识来源，丰富知识库中的知识；同时，按照海洋工程专业的业务流程，对知识进行重新梳理、重新规划，实现对海洋工程专业知识的高效整合，对知识资源有效、高效的开发利用；并且通过对知识、专家的关联，不断挖掘知识与知识之间，知识与专家之间的关联关系，最大化知识的价值，通过可视化的效果，为用户带来更好的体验。具体内容如下：1.信息资源重新组织；2.第三方文献资料入库；3.批量导入工具；4.与主中心的衔接；5.知识专家与知识作者关联；6.知识智能处理；7.海洋专题应用集成',
'<p style="text-align:start">国家海洋信息中心（简称&ldquo;信息中心&rdquo;），是国家海洋局直属的财政补助事业单位，主要职能是管理国家海洋信息资源，指导、协调全国海洋信息化业务工作，为海洋经济、海洋管理、公益服务和海洋安全提供海洋信息的业务保障、技术支撑与服务。</p>

<p style="text-align:start">　　本次项目实现了知识管理、知识地图、知识检索、行业词典、资源交换等主要功能，为海洋工程知识提供了专业知识的管理服务平台。在系统使用的过程中，逐渐挖掘出一些需要完善和提升的地方，为此需要在原有平台基础上进行个性化二次开发，完善平台功能，优化用户体验。通过对知识的采集、交互、对接，不断增加知识来源，丰富知识库中的知识；同时，按照海洋工程专业的业务流程，对知识进行重新梳理、重新规划，实现对海洋工程专业知识的高效整合，对知识资源有效、高效的开发利用；并且通过对知识、专家的关联，不断挖掘知识与知识之间，知识与专家之间的关联关系，最大化知识的价值，通过可视化的效果，为用户带来更好的体验。</p>

<p style="text-align:start"><span style="font-size:16px">具体内容如下：</span></p>

<p style="text-align:start">1.信息资源重新组织；</p>

<p style="text-align:start">2.第三方文献资料入库；</p>

<p style="text-align:start">3.批量导入工具；</p>

<p style="text-align:start">4.与主中心的衔接；</p>

<p style="text-align:start">5.知识专家与知识作者关联；</p>

<p style="text-align:start">6.知识智能处理；</p>

<p style="text-align:start">7.海洋专题应用集成</p>
',
'本次项目实现了知识管理、知识地图、知识检索、行业词典、资源交换等主要功能，为海洋工程知识提供了专业知识的管理服务平台。','国家海洋信息中心',sysdate,'tfsadmin',1,sysdate, 0,
'<p style="text-align:start">国家海洋信息中心（简称&ldquo;信息中心&rdquo;），是国家海洋局直属的财政补助事业单位，主要职能是管理国家海洋信息资源，指导、协调全国海洋信息化业务工作，为海洋经济、海洋管理、公益服务和海洋安全提供海洋信息的业务保障、技术支撑与服务。</p>

<p style="text-align:start">　　本次项目实现了知识管理、知识地图、知识检索、行业词典、资源交换等主要功能，为海洋工程知识提供了专业知识的管理服务平台。在系统使用的过程中，逐渐挖掘出一些需要完善和提升的地方，为此需要在原有平台基础上进行个性化二次开发，完善平台功能，优化用户体验。通过对知识的采集、交互、对接，不断增加知识来源，丰富知识库中的知识；同时，按照海洋工程专业的业务流程，对知识进行重新梳理、重新规划，实现对海洋工程专业知识的高效整合，对知识资源有效、高效的开发利用；并且通过对知识、专家的关联，不断挖掘知识与知识之间，知识与专家之间的关联关系，最大化知识的价值，通过可视化的效果，为用户带来更好的体验。</p>

<p style="text-align:start"><span style="font-size:16px">具体内容如下：</span></p>

<p style="text-align:start">1.信息资源重新组织；</p>

<p style="text-align:start">2.第三方文献资料入库；</p>

<p style="text-align:start">3.批量导入工具；</p>

<p style="text-align:start">4.与主中心的衔接；</p>

<p style="text-align:start">5.知识专家与知识作者关联；</p>

<p style="text-align:start">6.知识智能处理；</p>

<p style="text-align:start">7.海洋专题应用集成</p>
',
0,1,1,3);
INSERT INTO IRP_CHNL_DOC_LINK(CHNLDOCID,CHANNELID, DOCID,DOCTITLE,DOCSTATUS,CRTIME, DOCPUBTIME,MODAL,DOCCHANNEL, DOCFLAG,SITEID, CRUSERID,COMPLETESCORE,CRYSCORE)
VALUES(102,35,102,'国家海洋信息中心',10,sysdate,sysdate,10,0,0,2,1,1,1);


INSERT INTO IRP_DOCUMENT (DOCID,CHANNELID,SITEID,DOCTYPE,DOCTITLE, DOCSTATUS,DOCCONTENT, DOCHTMLCON, DOCABSTRACT,DOCKEYWORDS,DOCPUBTIME, CRUSER,CRUSERID,  CRTIME, DOCFLAG,ATTACHEDCONTENT,TRANSFORMNAME, COMPLETESCORE,CRYSCORE,GROUPID)
VALUES(103,35,2,10,'中国航空综合技术研究所',10,'中国航空综合技术研究所航空301所隶属于中国航空工业集团公司(AVIC)的航空综合环境航空科技重点实验室(设在中国航空综合技术研究所(航空301所))，是航空行业唯一从事环境与可靠性基础研究、应用基础研究、应用研究和关键技术攻关的航空科技重点实验室。该实验室多年来一直致力于可靠性设计与分析、环境预计与环境适应性设计、可靠性试验与评价、环境试验与评价、故障机理与环境效应分析、软件可靠性设计分析与测试、电磁效应和综合保障等方面的探索和研究工作。    质量大数据中心承担着质量数据过程文档收集整理，质量数据分析利用、质量报告生成管理、项目进度过程管理等重要任务，利用睿思鸣智力资源管理系统，完成了质量数据管理系统、质量数据采集理系统、企业知识社区系统的开发建设。    质量数据管理系统：完成了质量管理数据的采集、录入、权限管理等操作，系统同时提供数据库表自动发布为资源、网上交易等功能。系统建立一个数据管理平台，进行质量数据的展示、管理、授权和下载，同时提供内容管理功能，完成质量报告数据的上传和管理，完成质量数据专题的管理，为下一步的功能开发和运营管理积累经验。    质量管理数据采集系统：完成质量数据的分类采集和信息自动抽取，通过智能化手段进行自动分类和智能标引，将采集数据与自有数据结合，形成统计信息和图表，结合人工，完成质量报告的编写和使用。    企业知识社区：企业知识社区包括百科管理、微博管理、问答管理、专家管理和项目管理等模块，百科营造统一语境，形成行业知识管理骨架，以知识库收集、积累、沉淀显性知识，加强本地数据库文件的利用效率，以专家盘活隐性资源 ，使专家经验得以发现和继承，发挥专家优势，以圈子聚焦关注，破解“知识共享”和“知识保护”冲突难题，知识审计和知识管理体系建设促进平台持续运营。',
'<p style="text-align:start">中国航空综合技术研究所航空301所隶属于中国航空工业集团公司(AVIC)的航空综合环境航空科技重点实验室(设在中国航空综合技术研究所(航空301所))，是航空行业唯一从事环境与可靠性基础研究、应用基础研究、应用研究和关键技术攻关的航空科技重点实验室。该实验室多年来一直致力于可靠性设计与分析、环境预计与环境适应性设计、可靠性试验与评价、环境试验与评价、故障机理与环境效应分析、软件可靠性设计分析与测试、电磁效应和综合保障等方面的探索和研究工作。</p>

<p style="text-align:start">&nbsp; &nbsp; 质量大数据中心承担着质量数据过程文档收集整理，质量数据分析利用、质量报告生成管理、项目进度过程管理等重要任务，利用睿思鸣智力资源管理系统，完成了质量数据管理系统、质量数据采集理系统、企业知识社区系统的开发建设。</p>

<p style="text-align:start">&nbsp; &nbsp; 质量数据管理系统：完成了质量管理数据的采集、录入、权限管理等操作，系统同时提供数据库表自动发布为资源、网上交易等功能。系统建立一个数据管理平台，进行质量数据的展示、管理、授权和下载，同时提供内容管理功能，完成质量报告数据的上传和管理，完成质量数据专题的管理，为下一步的功能开发和运营管理积累经验。</p>

<p style="text-align:start">&nbsp; &nbsp; 质量管理数据采集系统：完成质量数据的分类采集和信息自动抽取，通过智能化手段进行自动分类和智能标引，将采集数据与自有数据结合，形成统计信息和图表，结合人工，完成质量报告的编写和使用。</p>

<p style="text-align:start">&nbsp; &nbsp; 企业知识社区：企业知识社区包括百科管理、微博管理、问答管理、专家管理和项目管理等模块，百科营造统一语境，形成行业知识管理骨架，以知识库收集、积累、沉淀显性知识，加强本地数据库文件的利用效率，以专家盘活隐性资源&nbsp;，使专家经验得以发现和继承，发挥专家优势，以圈子聚焦关注，破解&ldquo;知识共享&rdquo;和&ldquo;知识保护&rdquo;冲突难题，知识审计和知识管理体系建设促进平台持续运营。</p>
',
'质量大数据中心承担着质量数据过程文档收集整理，质量数据分析利用、质量报告生成管理、项目进度过程管理等重要任务，利用睿思鸣智力资源管理系统，完成了质量数据管理系统、质量数据采集理系统、企业知识社区系统的开发建设。','中国航空综合技术研究所',sysdate,'tfsadmin',1,sysdate, 0,
'<p style="text-align:start">中国航空综合技术研究所航空301所隶属于中国航空工业集团公司(AVIC)的航空综合环境航空科技重点实验室(设在中国航空综合技术研究所(航空301所))，是航空行业唯一从事环境与可靠性基础研究、应用基础研究、应用研究和关键技术攻关的航空科技重点实验室。该实验室多年来一直致力于可靠性设计与分析、环境预计与环境适应性设计、可靠性试验与评价、环境试验与评价、故障机理与环境效应分析、软件可靠性设计分析与测试、电磁效应和综合保障等方面的探索和研究工作。</p>

<p style="text-align:start">&nbsp; &nbsp; 质量大数据中心承担着质量数据过程文档收集整理，质量数据分析利用、质量报告生成管理、项目进度过程管理等重要任务，利用睿思鸣智力资源管理系统，完成了质量数据管理系统、质量数据采集理系统、企业知识社区系统的开发建设。</p>

<p style="text-align:start">&nbsp; &nbsp; 质量数据管理系统：完成了质量管理数据的采集、录入、权限管理等操作，系统同时提供数据库表自动发布为资源、网上交易等功能。系统建立一个数据管理平台，进行质量数据的展示、管理、授权和下载，同时提供内容管理功能，完成质量报告数据的上传和管理，完成质量数据专题的管理，为下一步的功能开发和运营管理积累经验。</p>

<p style="text-align:start">&nbsp; &nbsp; 质量管理数据采集系统：完成质量数据的分类采集和信息自动抽取，通过智能化手段进行自动分类和智能标引，将采集数据与自有数据结合，形成统计信息和图表，结合人工，完成质量报告的编写和使用。</p>

<p style="text-align:start">&nbsp; &nbsp; 企业知识社区：企业知识社区包括百科管理、微博管理、问答管理、专家管理和项目管理等模块，百科营造统一语境，形成行业知识管理骨架，以知识库收集、积累、沉淀显性知识，加强本地数据库文件的利用效率，以专家盘活隐性资源&nbsp;，使专家经验得以发现和继承，发挥专家优势，以圈子聚焦关注，破解&ldquo;知识共享&rdquo;和&ldquo;知识保护&rdquo;冲突难题，知识审计和知识管理体系建设促进平台持续运营。</p>
',
0,1,1,3);
INSERT INTO IRP_CHNL_DOC_LINK(CHNLDOCID,CHANNELID, DOCID,DOCTITLE,DOCSTATUS,CRTIME, DOCPUBTIME,MODAL,DOCCHANNEL, DOCFLAG,SITEID, CRUSERID,COMPLETESCORE,CRYSCORE)
VALUES(103,35,103,'中国航空综合技术研究所',10,sysdate,sysdate,10,0,0,2,1,1,1);



---首页百科
INSERT INTO IRP_DOCUMENT (DOCID,CHANNELID,SITEID,DOCTYPE,DOCTITLE, DOCSTATUS,DOCCONTENT, DOCHTMLCON, DOCABSTRACT,DOCKEYWORDS,DOCPUBTIME, CRUSER,CRUSERID,  CRTIME, DOCFLAG,ATTACHEDCONTENT,TRANSFORMNAME, COMPLETESCORE,CRYSCORE,GROUPID)
VALUES(1,25,2,10,'知识管理',10,'知识管理是以知识作为组织发展的关键因素，并采用现代信息技术和管理思想，对知识进行有序整合、有效吸收和传播，不断进行创新，并回馈到组织知识系统内，使得知识不断积累和循环，从而成为组织管理与应用的智力资本，最终提高组织核心竞争力的过程。','<p><span style="background-color:rgb(255, 255, 255); color:rgb(51, 51, 51); font-family:sans-serif,arial,verdana,trebuchet ms; font-size:14px">知识管理是以知识作为组织发展的关键因素，并采用现代信息技术和管理思想，对知识进行有序整合、有效吸收和传播，不断进行创新，并回馈到组织知识系统内，使得知识不断积累和循环，从而成为组织管理与应用的智力资本，最终提高组织核心竞争力的过程。</span></p>','知识管理','知识管理',sysdate,'tfsadmin',1,sysdate, 0,'<p><span style="background-color:rgb(255, 255, 255); color:rgb(51, 51, 51); font-family:sans-serif,arial,verdana,trebuchet ms; font-size:14px">知识管理是以知识作为组织发展的关键因素，并采用现代信息技术和管理思想，对知识进行有序整合、有效吸收和传播，不断进行创新，并回馈到组织知识系统内，使得知识不断积累和循环，从而成为组织管理与应用的智力资本，最终提高组织核心竞争力的过程。</span></p>',0,1,1,3);
INSERT INTO IRP_CHNL_DOC_LINK(CHNLDOCID,CHANNELID, DOCID,DOCTITLE,DOCSTATUS,CRTIME, DOCPUBTIME,MODAL,DOCCHANNEL, DOCFLAG,SITEID, CRUSERID,COMPLETESCORE,CRYSCORE)
VALUES(1,25,1,'知识管理',10,sysdate,sysdate,10,0,0,2,1,1,1);
INSERT INTO IRP_ATTACHED(ATTACHEDID,ATTDOCID,ATTFILE,TYPEID,ATTDESC,ATTLINKALT,ATTSERN,ATTPROP,ATTFLAG, ATTTIME,CRUSER,CRUSERID,CRTIME, FILEEXT,EDITVERSIONS)
VALUES(1,1,'AP201711025831431.png',2,'知识管理.png','知识管理.png',1,0,1,sysdate,'tfsadmin',1,sysdate,'png',1);

INSERT INTO IRP_DOCUMENT (DOCID,CHANNELID,SITEID,DOCTYPE,DOCTITLE, DOCSTATUS,DOCCONTENT, DOCHTMLCON, DOCABSTRACT,DOCKEYWORDS,DOCPUBTIME, CRUSER,CRUSERID,  CRTIME, DOCFLAG,ATTACHEDCONTENT,TRANSFORMNAME, COMPLETESCORE,CRYSCORE,GROUPID)
VALUES(2,25,2,10,'隐性知识 ',10,'隐性知识是迈克尔·波兰尼（Michael Polanyi）在1958年从哲学领域提出的概念。他在对人类知识的哪些方面依赖于信仰的考查中，偶然地发现这样一个事实，即这种信仰的因素是知识的隐性部分所固有的。波兰尼认为：“人类的知识有两种。通常被描述为知识的，即以书面文字、图表和数学公式加以表述的，只是一种类型的知识。而未被表述的知识，像我们在做某事的行动中所拥有的知识，是另一种知识。”他把前者称为显性知识，而将后者称为隐性知识，按照波兰尼的理解，显性知识是能够被人类以一定符码系统（最典型的是语言，也包括数学公式、各类图表、盲文、手势语、旗语等诸种符号形式）加以完整表述的知识。隐性知识和显性知识相对，是指那种我们知道但难以言述的知识。',
'<p><span style="background-color:rgb(255, 255, 255); color:rgb(51, 51, 51); font-family:sans-serif,arial,verdana,trebuchet ms; font-size:14px">隐性知识是迈克尔&middot;波兰尼（Michael Polanyi）在1958年从哲学领域提出的概念。他在对人类知识的哪些方面依赖于信仰的考查中，偶然地发现这样一个事实，即这种信仰的因素是知识的隐性部分所固有的。波兰尼认为：&ldquo;人类的知识有两种。通常被描述为知识的，即以书面文字、图表和数学公式加以表述的，只是一种类型的知识。而未被表述的知识，像我们在做某事的行动中所拥有的知识，是另一种知识。&rdquo;他把前者称为显性知识，而将后者称为隐性知识，按照波兰尼的理解，显性知识是能够被人类以一定符码系统（最典型的是语言，也包括数学公式、各类图表、盲文、手势语、旗语等诸种符号形式）加以完整表述的知识。隐性知识和显性知识相对，是指那种我们知道但难以言述的知识。</span></p>',
'隐性知识 ','隐性知识 ',sysdate,'tfsadmin',1,sysdate, 0,
'<p><span style="background-color:rgb(255, 255, 255); color:rgb(51, 51, 51); font-family:sans-serif,arial,verdana,trebuchet ms; font-size:14px">隐性知识是迈克尔&middot;波兰尼（Michael Polanyi）在1958年从哲学领域提出的概念。他在对人类知识的哪些方面依赖于信仰的考查中，偶然地发现这样一个事实，即这种信仰的因素是知识的隐性部分所固有的。波兰尼认为：&ldquo;人类的知识有两种。通常被描述为知识的，即以书面文字、图表和数学公式加以表述的，只是一种类型的知识。而未被表述的知识，像我们在做某事的行动中所拥有的知识，是另一种知识。&rdquo;他把前者称为显性知识，而将后者称为隐性知识，按照波兰尼的理解，显性知识是能够被人类以一定符码系统（最典型的是语言，也包括数学公式、各类图表、盲文、手势语、旗语等诸种符号形式）加以完整表述的知识。隐性知识和显性知识相对，是指那种我们知道但难以言述的知识。</span></p>',
0,1,1,3);
INSERT INTO IRP_CHNL_DOC_LINK(CHNLDOCID,CHANNELID, DOCID,DOCTITLE,DOCSTATUS,CRTIME, DOCPUBTIME,MODAL,DOCCHANNEL, DOCFLAG,SITEID, CRUSERID,COMPLETESCORE,CRYSCORE)
VALUES(2,25,2,'隐性知识 ',10,sysdate,sysdate,10,0,0,2,1,1,1);
INSERT INTO IRP_ATTACHED(ATTACHEDID,ATTDOCID,ATTFILE,TYPEID,ATTDESC,ATTLINKALT,ATTSERN,ATTPROP,ATTFLAG, ATTTIME,CRUSER,CRUSERID,CRTIME, FILEEXT,EDITVERSIONS)
VALUES(2,2,'AP201711028687288.png',2,'隐性知识 .png','隐性知识 .png',1,0,1,sysdate,'tfsadmin',1,sysdate,'png',1);
INSERT INTO IRP_DOCUMENT (DOCID,CHANNELID,SITEID,DOCTYPE,DOCTITLE, DOCSTATUS,DOCCONTENT, DOCHTMLCON, DOCABSTRACT,DOCKEYWORDS,DOCPUBTIME, CRUSER,CRUSERID,  CRTIME, DOCFLAG,ATTACHEDCONTENT,TRANSFORMNAME, COMPLETESCORE,CRYSCORE,GROUPID)
VALUES(3,25,2,10,'显性知识 ',10,'显性知识又称明晰知识、外显知识是指“能明确表达的知识”，即：人们可以通过口头传授、教科书、参考资料、期刊杂志、专利文献、视听媒体、软件和数据库等方式获取，以可以通过语言、书籍、文字、数据库等编码方式传播，也容易被人们学习。包括“可以写在书本和杂志上，能说出来的知识”。',
'<p><span style="background-color:rgb(255, 255, 255); color:rgb(51, 51, 51); font-family:sans-serif,arial,verdana,trebuchet ms; font-size:14px">显性知识又称明晰知识、外显知识是指“能明确表达的知识”，即：人们可以通过口头传授、教科书、参考资料、期刊杂志、专利文献、视听媒体、软件和数据库等方式获取，以可以通过语言、书籍、文字、数据库等编码方式传播，也容易被人们学习。包括“可以写在书本和杂志上，能说出来的知识”。</span></p>',
'显性知识 ','显性知识 ',sysdate,'tfsadmin',1,sysdate, 0,
'<p><span style="background-color:rgb(255, 255, 255); color:rgb(51, 51, 51); font-family:sans-serif,arial,verdana,trebuchet ms; font-size:14px">显性知识又称明晰知识、外显知识是指“能明确表达的知识”，即：人们可以通过口头传授、教科书、参考资料、期刊杂志、专利文献、视听媒体、软件和数据库等方式获取，以可以通过语言、书籍、文字、数据库等编码方式传播，也容易被人们学习。包括“可以写在书本和杂志上，能说出来的知识”。</span></p>',
0,1,1,3);
INSERT INTO IRP_CHNL_DOC_LINK(CHNLDOCID,CHANNELID, DOCID,DOCTITLE,DOCSTATUS,CRTIME, DOCPUBTIME,MODAL,DOCCHANNEL, DOCFLAG,SITEID, CRUSERID,COMPLETESCORE,CRYSCORE)
VALUES(3,25,3,'显性知识 ',10,sysdate,sysdate,10,0,0,2,1,1,1);
INSERT INTO IRP_ATTACHED(ATTACHEDID,ATTDOCID,ATTFILE,TYPEID,ATTDESC,ATTLINKALT,ATTSERN,ATTPROP,ATTFLAG, ATTTIME,CRUSER,CRUSERID,CRTIME, FILEEXT,EDITVERSIONS)
VALUES(3,3,'AP201711029801951.png',2,'显性知识 .png','显性知识 .png',1,0,1,sysdate,'tfsadmin',1,sysdate,'png',1);

INSERT INTO IRP_DOCUMENT (DOCID,CHANNELID,SITEID,DOCTYPE,DOCTITLE, DOCSTATUS,DOCCONTENT, DOCHTMLCON, DOCABSTRACT,DOCKEYWORDS,DOCPUBTIME, CRUSER,CRUSERID,  CRTIME, DOCFLAG,ATTACHEDCONTENT,TRANSFORMNAME, COMPLETESCORE,CRYSCORE,GROUPID)
VALUES(4,25,2,10,'知识 ',10,'知识是人类社会生产、生活和实践中产生、积累、总结出来的经验和理论，并用来进一步改造客观世界。',
'<p><span style="background-color:rgb(255, 255, 255); color:rgb(51, 51, 51); font-family:sans-serif,arial,verdana,trebuchet ms; font-size:14px">知识是人类社会生产、生活和实践中产生、积累、总结出来的经验和理论，并用来进一步改造客观世界。</span></p>',
'知识 ','知识 ',sysdate,'tfsadmin',1,sysdate, 0,
'<p><span style="background-color:rgb(255, 255, 255); color:rgb(51, 51, 51); font-family:sans-serif,arial,verdana,trebuchet ms; font-size:14px">知识是人类社会生产、生活和实践中产生、积累、总结出来的经验和理论，并用来进一步改造客观世界。</span></p>',
0,1,1,3);
INSERT INTO IRP_CHNL_DOC_LINK(CHNLDOCID,CHANNELID, DOCID,DOCTITLE,DOCSTATUS,CRTIME, DOCPUBTIME,MODAL,DOCCHANNEL, DOCFLAG,SITEID, CRUSERID,COMPLETESCORE,CRYSCORE)
VALUES(4,25,4,'知识 ',10,sysdate,sysdate,10,0,0,2,1,1,1);
INSERT INTO IRP_ATTACHED(ATTACHEDID,ATTDOCID,ATTFILE,TYPEID,ATTDESC,ATTLINKALT,ATTSERN,ATTPROP,ATTFLAG, ATTTIME,CRUSER,CRUSERID,CRTIME, FILEEXT,EDITVERSIONS)
VALUES(4,4,'AP201711021749044.png',2,'知识 .png','知识 .png',1,0,1,sysdate,'tfsadmin',1,sysdate,'png',1);
---首页专题
INSERT INTO IRP_DOCUMENT (DOCID,CHANNELID,SITEID,DOCTYPE,DOCTITLE, DOCSTATUS,DOCCONTENT, DOCHTMLCON, DOCABSTRACT,DOCKEYWORDS,DOCPUBTIME, CRUSER,CRUSERID,  CRTIME, DOCFLAG,ATTACHEDCONTENT,TRANSFORMNAME, COMPLETESCORE,CRYSCORE,GROUPID)
VALUES(5,24,2,10,'IRP智力资源管理系统产品说明 ',10,'IRP智力资源管理系统简称TFS IRP，是北京睿思鸣信息技术有限公司推出的基于社会化传播的知识（智力）资源管理系统。通过该系统，可以完成组织和个人的知识管理， 能够支撑组织的知识鉴别、知识获取、知识存储、知识共享、 知识应用和知识创造活动。系统包括知识库管理、微知识管理、知识问答、知识百科、专家地图、圈子管理、调查管理、通讯录、即时通讯、应用管理、多数据源发布、全文检索、知识审计，通过社会化传播的方式，完成知识的分享、转化、和运营。',
'<p><span style="background-color:rgb(255, 255, 255); color:rgb(51, 51, 51); font-family:sans-serif,arial,verdana,trebuchet ms; font-size:14px">IRP智力资源管理系统简称TFS IRP，是北京睿思鸣信息技术有限公司推出的基于社会化传播的知识（智力）资源管理系统。通过该系统，可以完成组织和个人的知识管理， 能够支撑组织的知识鉴别、知识获取、知识存储、知识共享、 知识应用和知识创造活动。系统包括知识库管理、微知识管理、知识问答、知识百科、专家地图、圈子管理、调查管理、通讯录、即时通讯、应用管理、多数据源发布、全文检索、知识审计，通过社会化传播的方式，完成知识的分享、转化、和运营。</span></p>',
'智力资源管理 ','系统产品说明 ',sysdate,'tfsadmin',1,sysdate, 0,
'<p><span style="background-color:rgb(255, 255, 255); color:rgb(51, 51, 51); font-family:sans-serif,arial,verdana,trebuchet ms; font-size:14px">IRP智力资源管理系统简称TFS IRP，是北京睿思鸣信息技术有限公司推出的基于社会化传播的知识（智力）资源管理系统。通过该系统，可以完成组织和个人的知识管理， 能够支撑组织的知识鉴别、知识获取、知识存储、知识共享、 知识应用和知识创造活动。系统包括知识库管理、微知识管理、知识问答、知识百科、专家地图、圈子管理、调查管理、通讯录、即时通讯、应用管理、多数据源发布、全文检索、知识审计，通过社会化传播的方式，完成知识的分享、转化、和运营。</span></p>',
0,1,1,3);
INSERT INTO IRP_CHNL_DOC_LINK(CHNLDOCID,CHANNELID, DOCID,DOCTITLE,DOCSTATUS,CRTIME, DOCPUBTIME,MODAL,DOCCHANNEL, DOCFLAG,SITEID, CRUSERID,COMPLETESCORE,CRYSCORE)
VALUES(5,24,5,'IRP智力资源管理系统产品说明 ',10,sysdate,sysdate,10,0,0,2,1,1,1);
INSERT INTO IRP_ATTACHED(ATTACHEDID,ATTDOCID,ATTFILE,TYPEID,ATTDESC,ATTLINKALT,ATTSERN,ATTPROP,ATTFLAG, ATTTIME,CRUSER,CRUSERID,CRTIME, FILEEXT,EDITVERSIONS)
VALUES(5,5,'AP201711026578960.jpg',2,'IRP智力资源管理系统产品说明.jpg','IRP智力资源管理系统产品说明.jpg',1,0,1,sysdate,'tfsadmin',1,sysdate,'jpg',1);
INSERT INTO IRP_ATTACHED(ATTACHEDID,ATTDOCID,ATTFILE,TYPEID,ATTDESC,ATTLINKALT,ATTSERN,ATTPROP,ATTFLAG, ATTTIME,CRUSER,CRUSERID,CRTIME, FILEEXT,EDITVERSIONS)
VALUES(6,5,'AF201711024677101.doc',1,'IRP智力资源管理系统产品说明.doc','IRP智力资源管理系统产品说明.doc',2,0,2,sysdate,'tfsadmin',1,sysdate,'doc',0);



INSERT INTO IRP_DOCUMENT (DOCID,CHANNELID,SITEID,DOCTYPE,DOCTITLE, DOCSTATUS,DOCCONTENT, DOCHTMLCON, DOCABSTRACT,DOCKEYWORDS,DOCPUBTIME, CRUSER,CRUSERID,  CRTIME, DOCFLAG,ATTACHEDCONTENT,TRANSFORMNAME, COMPLETESCORE,CRYSCORE,GROUPID)
VALUES(6,24,2,10,'企业知识管理平台如何进行运营推广 ',10,'运营，就需要有相应的组织或者专人负责，制订运营方案：平台由谁负责维护？用户问题由谁答复？知识的上传、更新、退出机制怎么设立？用户激励如何进行？——在这一步，开始有了推广的设计，要做好推广，很多时候是和产品即知识管理平台本身分不开的，机制的设立也需要在平台中，比如积分制、知识等级设计、奖惩制度等，可以参考游戏中的各种做法，也可以根据公司文化进行创新，借鉴互联网上的各种做法更是必不可少且有效的，比如有些社区为什么你愿意参与？为什么大家都愿意参与？把其中的模式研究出来，用于自身的运营规划即可。提到企业级的知识管理，以下有六套解决方案去推进企业知识管理，屡试不爽：1、知识仓库很多企业员工吐槽：“知识搜索虐我千百遍，我待知识如初恋。”养兵千日用兵一时，关键时刻，怎能找不到要用的知识。知识仓库让知识变得有序化，让一切搜索变得更简单！2、知识社区看得见的知识容易管理，看不见的经验知识可就没那么容易管了，主题头脑风暴、多方指导点评、专家地图、爱问百科甚至社区匿名吐槽……知识社区是员工分享经验，促进知识创新的最佳场所！3、关键岗位高手一旦要跳槽，老板心急如焚。这样的事情怎样才能把损失降到最小呢？关键岗位知识管理，最大程度减少组织智力资本的流失！4、核心业务如果说企业是一棵大树，核心能力是树干，那么核心业务便是果实。通过对核心业务知识进行梳理优化后，不管是相关操作说明，还是经验案例知识，全部都能够智能推送，知识与业务的完美结合才能实现最大的企业效益。5、知识管理规划咨询很多企业一开始遇到知识管理，刹那间，高山流水遇知音，发誓掏心掏肺也要好好干。但是很奇怪就是“雷声大、雨点小”，到底原因出在谁身上呢？做好知识管理，首先要对企业管理现状与知识管理发展做真实性分析，了解本组织对知识管理的真实需求，才不会种下悲剧的种子。6、专项知识提升行为设计站在巨人的肩膀上，就可以看得更高，看得更远。这个道理在知识管理工作中尤其凸显。专项知识提升行为解决方案，进行诸如最佳实践、知识转移、同行协助、知识创新等方面的专项方案设计和推进，复制最佳的模式，让每一次的工作都带来最好的效果。',
'<p><span style="background-color:rgb(255, 255, 255); color:rgb(51, 51, 51); font-family:sans-serif,arial,verdana,trebuchet ms; font-size:14px">  运营，就需要有相应的组织或者专人负责，制订运营方案：平台由谁负责维护？用户问题由谁答复？知识的上传、更新、退出机制怎么设立？用户激励如何进行？——在这一步，开始有了推广的设计，要做好推广，很多时候是和产品即知识管理平台本身分不开的，机制的设立也需要在平台中，比如积分制、知识等级设计、奖惩制度等，可以参考游戏中的各种做法，也可以根据公司文化进行创新，借鉴互联网上的各种做法更是必不可少且有效的，比如有些社区为什么你愿意参与？为什么大家都愿意参与？把其中的模式研究出来，用于自身的运营规划即可。提到企业级的知识管理，以下有六套解决方案去推进企业知识管理，屡试不爽：1、知识仓库很多企业员工吐槽：“知识搜索虐我千百遍，我待知识如初恋。”养兵千日用兵一时，关键时刻，怎能找不到要用的知识。知识仓库让知识变得有序化，让一切搜索变得更简单！2、知识社区看得见的知识容易管理，看不见的经验知识可就没那么容易管了，主题头脑风暴、多方指导点评、专家地图、爱问百科甚至社区匿名吐槽……知识社区是员工分享经验，促进知识创新的最佳场所！3、关键岗位高手一旦要跳槽，老板心急如焚。这样的事情怎样才能把损失降到最小呢？关键岗位知识管理，最大程度减少组织智力资本的流失！4、核心业务如果说企业是一棵大树，核心能力是树干，那么核心业务便是果实。通过对核心业务知识进行梳理优化后，不管是相关操作说明，还是经验案例知识，全部都能够智能推送，知识与业务的完美结合才能实现最大的企业效益。5、知识管理规划咨询很多企业一开始遇到知识管理，刹那间，高山流水遇知音，发誓掏心掏肺也要好好干。但是很奇怪就是“雷声大、雨点小”，到底原因出在谁身上呢？做好知识管理，首先要对企业管理现状与知识管理发展做真实性分析，了解本组织对知识管理的真实需求，才不会种下悲剧的种子。6、专项知识提升行为设计站在巨人的肩膀上，就可以看得更高，看得更远。这个道理在知识管理工作中尤其凸显。专项知识提升行为解决方案，进行诸如最佳实践、知识转移、同行协助、知识创新等方面的专项方案设计和推进，复制最佳的模式，让每一次的工作都带来最好的效果。</span></p>',
'企业知识管理 ','运营推广 ',sysdate,'tfsadmin',1,sysdate, 0,
'<p><span style="background-color:rgb(255, 255, 255); color:rgb(51, 51, 51); font-family:sans-serif,arial,verdana,trebuchet ms; font-size:14px">  运营，就需要有相应的组织或者专人负责，制订运营方案：平台由谁负责维护？用户问题由谁答复？知识的上传、更新、退出机制怎么设立？用户激励如何进行？——在这一步，开始有了推广的设计，要做好推广，很多时候是和产品即知识管理平台本身分不开的，机制的设立也需要在平台中，比如积分制、知识等级设计、奖惩制度等，可以参考游戏中的各种做法，也可以根据公司文化进行创新，借鉴互联网上的各种做法更是必不可少且有效的，比如有些社区为什么你愿意参与？为什么大家都愿意参与？把其中的模式研究出来，用于自身的运营规划即可。提到企业级的知识管理，以下有六套解决方案去推进企业知识管理，屡试不爽：1、知识仓库很多企业员工吐槽：“知识搜索虐我千百遍，我待知识如初恋。”养兵千日用兵一时，关键时刻，怎能找不到要用的知识。知识仓库让知识变得有序化，让一切搜索变得更简单！2、知识社区看得见的知识容易管理，看不见的经验知识可就没那么容易管了，主题头脑风暴、多方指导点评、专家地图、爱问百科甚至社区匿名吐槽……知识社区是员工分享经验，促进知识创新的最佳场所！3、关键岗位高手一旦要跳槽，老板心急如焚。这样的事情怎样才能把损失降到最小呢？关键岗位知识管理，最大程度减少组织智力资本的流失！4、核心业务如果说企业是一棵大树，核心能力是树干，那么核心业务便是果实。通过对核心业务知识进行梳理优化后，不管是相关操作说明，还是经验案例知识，全部都能够智能推送，知识与业务的完美结合才能实现最大的企业效益。5、知识管理规划咨询很多企业一开始遇到知识管理，刹那间，高山流水遇知音，发誓掏心掏肺也要好好干。但是很奇怪就是“雷声大、雨点小”，到底原因出在谁身上呢？做好知识管理，首先要对企业管理现状与知识管理发展做真实性分析，了解本组织对知识管理的真实需求，才不会种下悲剧的种子。6、专项知识提升行为设计站在巨人的肩膀上，就可以看得更高，看得更远。这个道理在知识管理工作中尤其凸显。专项知识提升行为解决方案，进行诸如最佳实践、知识转移、同行协助、知识创新等方面的专项方案设计和推进，复制最佳的模式，让每一次的工作都带来最好的效果。</span></p>',
0,1,1,3);
INSERT INTO IRP_CHNL_DOC_LINK(CHNLDOCID,CHANNELID, DOCID,DOCTITLE,DOCSTATUS,CRTIME, DOCPUBTIME,MODAL,DOCCHANNEL, DOCFLAG,SITEID, CRUSERID,COMPLETESCORE,CRYSCORE)
VALUES(6,24,6,'企业知识管理平台如何进行运营推广 ',10,sysdate,sysdate,10,0,0,2,1,1,1);
INSERT INTO IRP_ATTACHED(ATTACHEDID,ATTDOCID,ATTFILE,TYPEID,ATTDESC,ATTLINKALT,ATTSERN,ATTPROP,ATTFLAG, ATTTIME,CRUSER,CRUSERID,CRTIME, FILEEXT,EDITVERSIONS)
VALUES(7,6,'AP201711029219832.jpg',2,'企业知识管理平台如何进行运营推广.jpg','企业知识管理平台如何进行运营推广.jpg',1,0,1,sysdate,'tfsadmin',1,sysdate,'jpg',1);


INSERT INTO IRP_DOCUMENT (DOCID,CHANNELID,SITEID,DOCTYPE,DOCTITLE, DOCSTATUS,DOCCONTENT, DOCHTMLCON, DOCABSTRACT,DOCKEYWORDS,DOCPUBTIME, CRUSER,CRUSERID,  CRTIME, DOCFLAG,ATTACHEDCONTENT,TRANSFORMNAME, COMPLETESCORE,CRYSCORE,GROUPID)
VALUES(7,24,2,10,'IRP智力资源管理系统用户注册 ',10,'IRP智力资源管理系统的用户可以通过登录界面自行注册，也可以通过管理员在IRP后台管理中批量导入用户。1.在浏览器中输入地址访问IRP智力资源管理系统，在登录页面点击“注册”按钮2.页面跳转到注册信息填写页面，填写相关信息，点击“创建账号”，即可完成用户注册，注册成功之后，点击“登录”，输入登录名、密码，点击“登录”按钮，完成系统登录。3.管理员后台通过Excel批量导入用户',
'<p><span style="background-color:rgb(255, 255, 255); color:rgb(51, 51, 51); font-family:sans-serif,arial,verdana,trebuchet ms; font-size:14px">IRP智力资源管理系统的用户可以通过登录界面自行注册，也可以通过管理员在IRP后台管理中批量导入用户。1.在浏览器中输入地址访问IRP智力资源管理系统，在登录页面点击“注册”按钮2.页面跳转到注册信息填写页面，填写相关信息，点击“创建账号”，即可完成用户注册，注册成功之后，点击“登录”，输入登录名、密码，点击“登录”按钮，完成系统登录。3.管理员后台通过Excel批量导入用户</span></p>',
'智力资源管理 ','用户注册 ',sysdate,'tfsadmin',1,sysdate, 0,
'<p><span style="background-color:rgb(255, 255, 255); color:rgb(51, 51, 51); font-family:sans-serif,arial,verdana,trebuchet ms; font-size:14px">IRP智力资源管理系统的用户可以通过登录界面自行注册，也可以通过管理员在IRP后台管理中批量导入用户。1.在浏览器中输入地址访问IRP智力资源管理系统，在登录页面点击“注册”按钮2.页面跳转到注册信息填写页面，填写相关信息，点击“创建账号”，即可完成用户注册，注册成功之后，点击“登录”，输入登录名、密码，点击“登录”按钮，完成系统登录。3.管理员后台通过Excel批量导入用户</span></p>',
0,1,1,3);
INSERT INTO IRP_CHNL_DOC_LINK(CHNLDOCID,CHANNELID, DOCID,DOCTITLE,DOCSTATUS,CRTIME, DOCPUBTIME,MODAL,DOCCHANNEL, DOCFLAG,SITEID, CRUSERID,COMPLETESCORE,CRYSCORE)
VALUES(7,24,7,'IRP智力资源管理系统用户注册 ',10,sysdate,sysdate,10,0,0,2,1,1,1);
INSERT INTO IRP_ATTACHED(ATTACHEDID,ATTDOCID,ATTFILE,TYPEID,ATTDESC,ATTLINKALT,ATTSERN,ATTPROP,ATTFLAG, ATTTIME,CRUSER,CRUSERID,CRTIME, FILEEXT,EDITVERSIONS)
VALUES(8,7,'AP201711028987273.png',2,'IRP智力资源管理系统用户注册.png','IRP智力资源管理系统用户注册.png',1,0,1,sysdate,'tfsadmin',1,sysdate,'png',1);
INSERT INTO IRP_ATTACHED(ATTACHEDID,ATTDOCID,ATTFILE,TYPEID,ATTDESC,ATTLINKALT,ATTSERN,ATTPROP,ATTFLAG, ATTTIME,CRUSER,CRUSERID,CRTIME, FILEEXT,EDITVERSIONS)
VALUES(9,7,'AF201711021848232.doc',1,'IRP智力资源管理系统用户注册.doc','IRP智力资源管理系统用户注册.doc',2,0,2,sysdate,'tfsadmin',1,sysdate,'doc',0);

-----首页专家
INSERT INTO IRP_DOCUMENT (DOCID,CHANNELID,SITEID,DOCTYPE,DOCTITLE, DOCSTATUS,DOCCONTENT, DOCHTMLCON, DOCABSTRACT,DOCKEYWORDS,DOCPUBTIME, CRUSER,CRUSERID,  CRTIME, DOCFLAG,ATTACHEDCONTENT,TRANSFORMNAME, COMPLETESCORE,CRYSCORE,GROUPID)
VALUES(8,24,2,10,'产品专家 ',10,'',
'',
'对自己有更严格的要求 ','对自己有更严格的要求 ',sysdate,'tfsadmin',1,sysdate, 0,
'',
0,1,1,3);
INSERT INTO IRP_CHNL_DOC_LINK(CHNLDOCID,CHANNELID, DOCID,DOCTITLE,DOCSTATUS,CRTIME, DOCPUBTIME,MODAL,DOCCHANNEL, DOCFLAG,SITEID, CRUSERID,COMPLETESCORE,CRYSCORE)
VALUES(8,23,8,'产品专家 ',10,sysdate,sysdate,10,0,0,2,1,1,1);
INSERT INTO IRP_ATTACHED(ATTACHEDID,ATTDOCID,ATTFILE,TYPEID,ATTDESC,ATTLINKALT,ATTSERN,ATTPROP,ATTFLAG, ATTTIME,CRUSER,CRUSERID,CRTIME, FILEEXT,EDITVERSIONS)
VALUES(10,8,'AP201711025654632.jpg',2,'产品专家.jpg','产品专家.jpg',1,0,1,sysdate,'tfsadmin',1,sysdate,'jpg',1);
INSERT INTO IRP_DOCUMENT (DOCID,CHANNELID,SITEID,DOCTYPE,DOCTITLE, DOCSTATUS,DOCCONTENT, DOCHTMLCON, DOCABSTRACT,DOCKEYWORDS,DOCPUBTIME, CRUSER,CRUSERID,  CRTIME, DOCFLAG,ATTACHEDCONTENT,TRANSFORMNAME, COMPLETESCORE,CRYSCORE,GROUPID)
VALUES(9,23,2,10,'研发专家 ',10,'',
'',
'团队管理是至关重要的 ','团队管理是至关重要的 ',sysdate,'tfsadmin',1,sysdate, 0,
'',
0,1,1,3);
INSERT INTO IRP_CHNL_DOC_LINK(CHNLDOCID,CHANNELID, DOCID,DOCTITLE,DOCSTATUS,CRTIME, DOCPUBTIME,MODAL,DOCCHANNEL, DOCFLAG,SITEID, CRUSERID,COMPLETESCORE,CRYSCORE)
VALUES(9,23,9,'研发专家 ',10,sysdate,sysdate,10,0,0,2,1,1,1);
INSERT INTO IRP_ATTACHED(ATTACHEDID,ATTDOCID,ATTFILE,TYPEID,ATTDESC,ATTLINKALT,ATTSERN,ATTPROP,ATTFLAG, ATTTIME,CRUSER,CRUSERID,CRTIME, FILEEXT,EDITVERSIONS)
VALUES(11,9,'AP201711021046086.png',2,'研发专家.png','研发专家.png',1,0,1,sysdate,'tfsadmin',1,sysdate,'jpg',1);

INSERT INTO IRP_DOCUMENT (DOCID,CHANNELID,SITEID,DOCTYPE,DOCTITLE, DOCSTATUS,DOCCONTENT, DOCHTMLCON, DOCABSTRACT,DOCKEYWORDS,DOCPUBTIME, CRUSER,CRUSERID,  CRTIME, DOCFLAG,ATTACHEDCONTENT,TRANSFORMNAME, COMPLETESCORE,CRYSCORE,GROUPID)
VALUES(10,23,2,10,'运营专家 ',10,'',
'',
'建立产品的核心价值观并且传达给核心用户 ','建立产品的核心价值观并且传达给核心用户 ',sysdate,'tfsadmin',1,sysdate, 0,
'',
0,1,1,3);
INSERT INTO IRP_CHNL_DOC_LINK(CHNLDOCID,CHANNELID, DOCID,DOCTITLE,DOCSTATUS,CRTIME, DOCPUBTIME,MODAL,DOCCHANNEL, DOCFLAG,SITEID, CRUSERID,COMPLETESCORE,CRYSCORE)
VALUES(10,23,10,'运营专家 ',10,sysdate,sysdate,10,0,0,2,1,1,1);
INSERT INTO IRP_ATTACHED(ATTACHEDID,ATTDOCID,ATTFILE,TYPEID,ATTDESC,ATTLINKALT,ATTSERN,ATTPROP,ATTFLAG, ATTTIME,CRUSER,CRUSERID,CRTIME, FILEEXT,EDITVERSIONS)
VALUES(12,10,'AP201711029477310.png',2,'运营专家.png','运营专家.png',1,0,1,sysdate,'tfsadmin',1,sysdate,'jpg',1);

INSERT INTO IRP_DOCUMENT (DOCID,CHANNELID,SITEID,DOCTYPE,DOCTITLE, DOCSTATUS,DOCCONTENT, DOCHTMLCON, DOCABSTRACT,DOCKEYWORDS,DOCPUBTIME, CRUSER,CRUSERID,  CRTIME, DOCFLAG,ATTACHEDCONTENT,TRANSFORMNAME, COMPLETESCORE,CRYSCORE,GROUPID)
VALUES(11,23,2,10,'知识专家 ',10,'',
'',
'人生就是不断学习和探索的过程 ','人生就是不断学习和探索的过程 ',sysdate,'tfsadmin',1,sysdate, 0,
'',
0,1,1,3);
INSERT INTO IRP_CHNL_DOC_LINK(CHNLDOCID,CHANNELID, DOCID,DOCTITLE,DOCSTATUS,CRTIME, DOCPUBTIME,MODAL,DOCCHANNEL, DOCFLAG,SITEID, CRUSERID,COMPLETESCORE,CRYSCORE)
VALUES(11,23,11,'知识专家 ',10,sysdate,sysdate,10,0,0,2,1,1,1);
INSERT INTO IRP_ATTACHED(ATTACHEDID,ATTDOCID,ATTFILE,TYPEID,ATTDESC,ATTLINKALT,ATTSERN,ATTPROP,ATTFLAG, ATTTIME,CRUSER,CRUSERID,CRTIME, FILEEXT,EDITVERSIONS)
VALUES(13,11,'AP201711024585338.png',2,'知识专家.png','知识专家.png',1,0,1,sysdate,'tfsadmin',1,sysdate,'jpg',1);
INSERT INTO IRP_DOCUMENT (DOCID,CHANNELID,SITEID,DOCTYPE,DOCTITLE, DOCSTATUS,DOCCONTENT, DOCHTMLCON, DOCABSTRACT,DOCKEYWORDS,DOCPUBTIME, CRUSER,CRUSERID,  CRTIME, DOCFLAG,ATTACHEDCONTENT,TRANSFORMNAME, COMPLETESCORE,CRYSCORE,GROUPID)
VALUES(12,23,2,10,'系统专家 ',10,'',
'',
'知识管理','知识管理 ',sysdate,'tfsadmin',1,sysdate, 0,
'',
0,1,1,3);
INSERT INTO IRP_CHNL_DOC_LINK(CHNLDOCID,CHANNELID, DOCID,DOCTITLE,DOCSTATUS,CRTIME, DOCPUBTIME,MODAL,DOCCHANNEL, DOCFLAG,SITEID, CRUSERID,COMPLETESCORE,CRYSCORE)
VALUES(12,23,12,'系统专家 ',10,sysdate,sysdate,10,0,0,2,1,1,1);
INSERT INTO IRP_ATTACHED(ATTACHEDID,ATTDOCID,ATTFILE,TYPEID,ATTDESC,ATTLINKALT,ATTSERN,ATTPROP,ATTFLAG, ATTTIME,CRUSER,CRUSERID,CRTIME, FILEEXT,EDITVERSIONS)
VALUES(14,12,'AP201711022156271.png',2,'系统专家.png','系统专家.png',1,0,1,sysdate,'tfsadmin',1,sysdate,'jpg',1);
----首页问题
INSERT INTO IRP_DOCUMENT (DOCID,CHANNELID,SITEID,DOCTYPE,DOCTITLE, DOCSTATUS,DOCCONTENT, DOCHTMLCON, DOCABSTRACT,DOCKEYWORDS,DOCPUBTIME, CRUSER,CRUSERID,  CRTIME, DOCFLAG,ATTACHEDCONTENT,TRANSFORMNAME, COMPLETESCORE,CRYSCORE,GROUPID)
VALUES(13,21,2,10,'IRP智力资源管理系统的设计理念是什么?',10,'睿思鸣认为知识管理就像一个有规则的容器，不管组织中的人是否理解知识管理理念，有容器的存在，按照规则，把知识流导入容器，不断注入和积累，久而久之，不但可以积累大量知识，知识管理理念页内化到组织的文化和战略中去。IRP智力资源管理系统是以百科 / 词条营造统一语境，构建知识管理骨架；以知识库收集、积累、沉淀显性知识，形成知识集市；以问答推动隐/显转换，将员工经验 、教训显性化、系统化；以专家盘活隐性资源 使专家经验得以发现和继承；以圈子聚焦关注，破解“知识共享”和“知识保护”冲突难题；以社会化传播手段推进应用深入，实现学习型、应用型组织。',
'<p style="text-align:start">睿思鸣认为知识管理就像一个有规则的容器，不管组织中的人是否理解知识管理理念，有容器的存在，按照规则，把知识流导入容器，不断注入和积累，久而久之，不但可以积累大量知识，知识管理理念页内化到组织的文化和战略中去。</p><p style="text-align:start">IRP智力资源管理系统是以百科 / 词条营造统一语境，构建知识管理骨架；以知识库收集、积累、沉淀显性知识，形成知识集市；以问答推动隐/显转换，将员工经验 、教训显性化、系统化；以专家盘活隐性资源 使专家经验得以发现和继承；以圈子聚焦关注，破解&ldquo;知识共享&rdquo;和&ldquo;知识保护&rdquo;冲突难题；以社会化传播手段推进应用深入，实现学习型、应用型组织。</p>',
'IRP智力资源管理系统的设计理念是什么','IRP智力资源管理系统的设计理念是什么 ',sysdate,'tfsadmin',1,sysdate, 0,
'<p style="text-align:start">睿思鸣认为知识管理就像一个有规则的容器，不管组织中的人是否理解知识管理理念，有容器的存在，按照规则，把知识流导入容器，不断注入和积累，久而久之，不但可以积累大量知识，知识管理理念页内化到组织的文化和战略中去。</p><p style="text-align:start">IRP智力资源管理系统是以百科 / 词条营造统一语境，构建知识管理骨架；以知识库收集、积累、沉淀显性知识，形成知识集市；以问答推动隐/显转换，将员工经验 、教训显性化、系统化；以专家盘活隐性资源 使专家经验得以发现和继承；以圈子聚焦关注，破解&ldquo;知识共享&rdquo;和&ldquo;知识保护&rdquo;冲突难题；以社会化传播手段推进应用深入，实现学习型、应用型组织。</p>',
0,1,1,3);
INSERT INTO IRP_CHNL_DOC_LINK(CHNLDOCID,CHANNELID, DOCID,DOCTITLE,DOCSTATUS,CRTIME, DOCPUBTIME,MODAL,DOCCHANNEL, DOCFLAG,SITEID, CRUSERID,COMPLETESCORE,CRYSCORE)
VALUES(13,21,13,'IRP智力资源管理系统的设计理念是什么 ',10,sysdate,sysdate,10,0,0,2,1,1,1);
INSERT INTO IRP_ATTACHED(ATTACHEDID,ATTDOCID,ATTFILE,TYPEID,ATTDESC,ATTLINKALT,ATTSERN,ATTPROP,ATTFLAG, ATTTIME,CRUSER,CRUSERID,CRTIME, FILEEXT,EDITVERSIONS)
VALUES(15,13,'AP201711028742065.jpg',2,'IRP智力资源管理系统的设计理念是什么.jpg','IRP智力资源管理系统的设计理念是什么.jpg',1,0,1,sysdate,'tfsadmin',1,sysdate,'jpg',1);
INSERT INTO IRP_DOCUMENT (DOCID,CHANNELID,SITEID,DOCTYPE,DOCTITLE, DOCSTATUS,DOCCONTENT, DOCHTMLCON, DOCABSTRACT,DOCKEYWORDS,DOCPUBTIME, CRUSER,CRUSERID,  CRTIME, DOCFLAG,ATTACHEDCONTENT,TRANSFORMNAME, COMPLETESCORE,CRYSCORE,GROUPID)
VALUES(14,21,2,10,'IRP智力资源管理系统中的“知识库”有什么作用？ ',10,'睿思鸣认为知识管理就像一个有规则的容器，不管组织中的人是否理解知识管理理念，有容器的存在，按照规则，把知识流导入容器，不断注入和积累，久而久之，不但可以积累大量知识，知识管理理念页内化到组织的文化和战略中去。IRP智力资源管理系统是以百科 / 词条营造统一语境，构建知识管理骨架；以知识库收集、积累、沉淀显性知识，形成知识集市；以问答推动隐/显转换，将员工经验 、教训显性化、系统化；以专家盘活隐性资源 使专家经验得以发现和继承；以圈子聚焦关注，破解“知识共享”和“知识保护”冲突难题；以社会化传播手段推进应用深入，实现学习型、应用型组织。',
'<p style="text-align:start">睿思鸣认为知识管理就像一个有规则的容器，不管组织中的人是否理解知识管理理念，有容器的存在，按照规则，把知识流导入容器，不断注入和积累，久而久之，不但可以积累大量知识，知识管理理念页内化到组织的文化和战略中去。</p><p style="text-align:start">IRP智力资源管理系统是以百科 / 词条营造统一语境，构建知识管理骨架；以知识库收集、积累、沉淀显性知识，形成知识集市；以问答推动隐/显转换，将员工经验 、教训显性化、系统化；以专家盘活隐性资源 使专家经验得以发现和继承；以圈子聚焦关注，破解&ldquo;知识共享&rdquo;和&ldquo;知识保护&rdquo;冲突难题；以社会化传播手段推进应用深入，实现学习型、应用型组织。</p>',
'IRP智力资源管理系统中的“知识库”有什么作用？','IRP智力资源管理系统中的“知识库”有什么作用？ ',sysdate,'tfsadmin',1,sysdate, 0,
'<p style="text-align:start">睿思鸣认为知识管理就像一个有规则的容器，不管组织中的人是否理解知识管理理念，有容器的存在，按照规则，把知识流导入容器，不断注入和积累，久而久之，不但可以积累大量知识，知识管理理念页内化到组织的文化和战略中去。</p><p style="text-align:start">IRP智力资源管理系统是以百科 / 词条营造统一语境，构建知识管理骨架；以知识库收集、积累、沉淀显性知识，形成知识集市；以问答推动隐/显转换，将员工经验 、教训显性化、系统化；以专家盘活隐性资源 使专家经验得以发现和继承；以圈子聚焦关注，破解&ldquo;知识共享&rdquo;和&ldquo;知识保护&rdquo;冲突难题；以社会化传播手段推进应用深入，实现学习型、应用型组织。</p>',
0,1,1,3);
INSERT INTO IRP_CHNL_DOC_LINK(CHNLDOCID,CHANNELID, DOCID,DOCTITLE,DOCSTATUS,CRTIME, DOCPUBTIME,MODAL,DOCCHANNEL, DOCFLAG,SITEID, CRUSERID,COMPLETESCORE,CRYSCORE)
VALUES(14,21,14,'IRP智力资源管理系统中的“知识库”有什么作用？ ',10,sysdate,sysdate,10,0,0,2,1,1,1);
INSERT INTO IRP_ATTACHED(ATTACHEDID,ATTDOCID,ATTFILE,TYPEID,ATTDESC,ATTLINKALT,ATTSERN,ATTPROP,ATTFLAG, ATTTIME,CRUSER,CRUSERID,CRTIME, FILEEXT,EDITVERSIONS)
VALUES(16,14,'AP201711021405088.jpg',2,'IRP智力资源管理系统中的“知识库”有什么作用.jpg','IRP智力资源管理系统中的“知识库”有什么作用.jpg',1,0,1,sysdate,'tfsadmin',1,sysdate,'jpg',1);
INSERT INTO IRP_DOCUMENT (DOCID,CHANNELID,SITEID,DOCTYPE,DOCTITLE, DOCSTATUS,DOCCONTENT, DOCHTMLCON, DOCABSTRACT,DOCKEYWORDS,DOCPUBTIME, CRUSER,CRUSERID,  CRTIME, DOCFLAG,ATTACHEDCONTENT,TRANSFORMNAME, COMPLETESCORE,CRYSCORE,GROUPID)
VALUES(15,21,2,10,'成功的知识管理实施的关键是什么？',10,'与任何大型信息系统实施一样，高层的支持对于知识管理系统实施的成败是十分关键的。由于大部分企业或者组织中都没有专门的部门负责知识管理，在实施过程中，高层管理人员必须既要支持系统的实施，又要支持一个新的部门的成立——一个负责全组织内知识管理的部门。高层的支持必须是竭尽全力的，这种支持来自与高层对于知识管理的正确认识和对知识管理对企业价值的认知。信息的手工输入是知识管理系统中对信息进行分类和组织的关键问题。许多管理人员期望计算机可以自动产生一个令系统用户满意的分类（信息组织方案）。这是一个错误的设想，对新信息的分类和对关键词的组织都是决定系统成败的任务。在这个过程中，技术可以发挥部分作用，但主要的依靠力量还是组织内的员工。实现成功的知识管理体系的5项关键是：①制定企业知识管理战略，建立知识创新激励机制，塑造知识共享的企业文化氛围；②设置知识主管专门负责企业知识管理工作，开发知识创新能力；③与企业的业务流程相结合，调整企业知识结构；④建立企业知识管理系统，管理知识生产、交换、整合和内化；⑤对知识管理体系制定评价方法和原则，以期改进。',
'<p><span style="color:rgb(51, 51, 51); font-family:microsoft yahei,sans-serif; font-size:16px">与任何大型信息系统实施一样，高层的支持对于知识管理系统实施的成败是十分关键的。由于大部分企业或者组织中都没有专门的部门负责知识管理，在实施过程中，高层管理人员必须既要支持系统的实施，又要支持一个新的部门的成立&mdash;&mdash;一个负责全组织内知识管理的部门。高层的支持必须是竭尽全力的，这种支持来自与高层对于知识管理的正确认识和对知识管理对企业价值的认知。</span><br />',
'成功的知识管理实施的关键是什么？','成功的知识管理实施的关键是什么？',sysdate,'tfsadmin',1,sysdate, 0,
'<p><span style="color:rgb(51, 51, 51); font-family:microsoft yahei,sans-serif; font-size:16px">与任何大型信息系统实施一样，高层的支持对于知识管理系统实施的成败是十分关键的。由于大部分企业或者组织中都没有专门的部门负责知识管理，在实施过程中，高层管理人员必须既要支持系统的实施，又要支持一个新的部门的成立&mdash;&mdash;一个负责全组织内知识管理的部门。高层的支持必须是竭尽全力的，这种支持来自与高层对于知识管理的正确认识和对知识管理对企业价值的认知。</span><br />',
0,1,1,3);
INSERT INTO IRP_CHNL_DOC_LINK(CHNLDOCID,CHANNELID, DOCID,DOCTITLE,DOCSTATUS,CRTIME, DOCPUBTIME,MODAL,DOCCHANNEL, DOCFLAG,SITEID, CRUSERID,COMPLETESCORE,CRYSCORE)
VALUES(15,21,15,'成功的知识管理实施的关键是什么？',10,sysdate,sysdate,10,0,0,2,1,1,1);
INSERT INTO IRP_ATTACHED(ATTACHEDID,ATTDOCID,ATTFILE,TYPEID,ATTDESC,ATTLINKALT,ATTSERN,ATTPROP,ATTFLAG, ATTTIME,CRUSER,CRUSERID,CRTIME, FILEEXT,EDITVERSIONS)
VALUES(17,15,'AP201711024143133.jpg',2,'成功的知识管理实施的关键是什么.jpg','成功的知识管理实施的关键是什么.jpg',1,0,1,sysdate,'tfsadmin',1,sysdate,'jpg',1);
------首页大图
INSERT INTO IRP_DOCUMENT (DOCID,CHANNELID,SITEID,DOCTYPE,DOCTITLE, DOCSTATUS,DOCCONTENT, DOCHTMLCON, DOCABSTRACT,DOCKEYWORDS,DOCPUBTIME, CRUSER,CRUSERID,  CRTIME, DOCFLAG,ATTACHEDCONTENT,TRANSFORMNAME, COMPLETESCORE,CRYSCORE,GROUPID)
VALUES(16,20,2,10,'知识管理实施推进制度',10,'',
'',
'知识管理实施推进制度','知识管理实施推进制度',sysdate,'tfsadmin',1,sysdate, 0,
'',
0,1,1,3);
INSERT INTO IRP_CHNL_DOC_LINK(CHNLDOCID,CHANNELID, DOCID,DOCTITLE,DOCSTATUS,CRTIME, DOCPUBTIME,MODAL,DOCCHANNEL, DOCFLAG,SITEID, CRUSERID,COMPLETESCORE,CRYSCORE)
VALUES(16,20,16,'知识管理实施推进制度',10,sysdate,sysdate,10,0,0,2,1,1,1);
INSERT INTO IRP_ATTACHED(ATTACHEDID,ATTDOCID,ATTFILE,TYPEID,ATTDESC,ATTLINKALT,ATTSERN,ATTPROP,ATTFLAG, ATTTIME,CRUSER,CRUSERID,CRTIME, FILEEXT,EDITVERSIONS)
VALUES(18,16,'AP201711023332959.png',2,'知识管理实施推进制度.png','知识管理实施推进制度.png',1,0,1,sysdate,'tfsadmin',1,sysdate,'png',1);
INSERT INTO IRP_ATTACHED(ATTACHEDID,ATTDOCID,ATTFILE,TYPEID,ATTDESC,ATTLINKALT,ATTSERN,ATTPROP,ATTFLAG, ATTTIME,CRUSER,CRUSERID,CRTIME, FILEEXT,EDITVERSIONS)
VALUES(19,16,'AF201711028858875.doc',1,'知识管理实施推进制度.doc','知识管理实施推进制度.doc',2,0,2,sysdate,'tfsadmin',1,sysdate,'doc',0);

INSERT INTO IRP_DOCUMENT (DOCID,CHANNELID,SITEID,DOCTYPE,DOCTITLE, DOCSTATUS,DOCCONTENT, DOCHTMLCON, DOCABSTRACT,DOCKEYWORDS,DOCPUBTIME, CRUSER,CRUSERID,  CRTIME, DOCFLAG,ATTACHEDCONTENT,TRANSFORMNAME, COMPLETESCORE,CRYSCORE,GROUPID)
VALUES(17,20,2,10,'IRP智力资源管理系统 管理员使用手册',10,'',
'',
'IRP智力资源管理系统 管理员使用手册','IRP智力资源管理系统 管理员使用手册',sysdate,'tfsadmin',1,sysdate, 0,
'',
0,1,1,3);
INSERT INTO IRP_CHNL_DOC_LINK(CHNLDOCID,CHANNELID, DOCID,DOCTITLE,DOCSTATUS,CRTIME, DOCPUBTIME,MODAL,DOCCHANNEL, DOCFLAG,SITEID, CRUSERID,COMPLETESCORE,CRYSCORE)
VALUES(17,20,17,'IRP智力资源管理系统 管理员使用手册',10,sysdate,sysdate,10,0,0,2,1,1,1);
INSERT INTO IRP_ATTACHED(ATTACHEDID,ATTDOCID,ATTFILE,TYPEID,ATTDESC,ATTLINKALT,ATTSERN,ATTPROP,ATTFLAG, ATTTIME,CRUSER,CRUSERID,CRTIME, FILEEXT,EDITVERSIONS)
VALUES(20,17,'AP201711021004817.png',2,'IRP智力资源管理系统 管理员使用手册.png','IRP智力资源管理系统 管理员使用手册.png',1,0,1,sysdate,'tfsadmin',1,sysdate,'png',1);
INSERT INTO IRP_ATTACHED(ATTACHEDID,ATTDOCID,ATTFILE,TYPEID,ATTDESC,ATTLINKALT,ATTSERN,ATTPROP,ATTFLAG, ATTTIME,CRUSER,CRUSERID,CRTIME, FILEEXT,EDITVERSIONS)
VALUES(21,17,'AF201711026724473.pdf',1,'IRP智力资源管理系统 管理员使用手册.pdf','IRP智力资源管理系统 管理员使用手册.pdf',2,0,2,sysdate,'tfsadmin',1,sysdate,'pdf',0);
----专题，热门专题

INSERT INTO IRP_DOCUMENT (DOCID,CHANNELID,SITEID,DOCTYPE,DOCTITLE, DOCSTATUS,DOCCONTENT, DOCHTMLCON, DOCABSTRACT,DOCKEYWORDS,DOCPUBTIME, CRUSER,CRUSERID,  CRTIME, DOCFLAG,ATTACHEDCONTENT,TRANSFORMNAME, COMPLETESCORE,CRYSCORE,GROUPID)
VALUES(38,29,2,10,'IRP智力资源管理系统的知识采集 ',10,'',
'',
'知识采集 ','智力资源管理系统 ',sysdate,'tfsadmin',1,sysdate, 0,
'',
0,1,1,3);
INSERT INTO IRP_CHNL_DOC_LINK(CHNLDOCID,CHANNELID, DOCID,DOCTITLE,DOCSTATUS,CRTIME, DOCPUBTIME,MODAL,DOCCHANNEL, DOCFLAG,SITEID, CRUSERID,COMPLETESCORE,CRYSCORE)
VALUES(38,29,38,'IRP智力资源管理系统的知识采集 ',10,sysdate,sysdate,10,0,0,2,1,1,1);
INSERT INTO IRP_ATTACHED(ATTACHEDID,ATTDOCID,ATTFILE,TYPEID,ATTDESC,ATTLINKALT,ATTSERN,ATTPROP,ATTFLAG, ATTTIME,CRUSER,CRUSERID,CRTIME, FILEEXT,EDITVERSIONS)
VALUES(42,38,'AP201711026428475.jpg',2,'IRP智力资源管理系统的知识采集.jpg','IRP智力资源管理系统的知识采集.jpg',1,0,1,sysdate,'tfsadmin',1,sysdate,'jpg',1);
INSERT INTO IRP_ATTACHED(ATTACHEDID,ATTDOCID,ATTFILE,TYPEID,ATTDESC,ATTLINKALT,ATTSERN,ATTPROP,ATTFLAG, ATTTIME,CRUSER,CRUSERID,CRTIME, FILEEXT,EDITVERSIONS)
VALUES(43,38,'AF20171102603542.doc',1,'IRP智力资源管理系统的知识采集.doc','IRP智力资源管理系统的知识采集.doc',2,0,2,sysdate,'tfsadmin',1,sysdate,'doc',0);


INSERT INTO IRP_DOCUMENT (DOCID,CHANNELID,SITEID,DOCTYPE,DOCTITLE, DOCSTATUS,DOCCONTENT, DOCHTMLCON, DOCABSTRACT,DOCKEYWORDS,DOCPUBTIME, CRUSER,CRUSERID,  CRTIME, DOCFLAG,ATTACHEDCONTENT,TRANSFORMNAME, COMPLETESCORE,CRYSCORE,GROUPID)
VALUES(87,29,2,10,'企业知识管理平台如何进行运营推广 ',10,'运营，就需要有相应的组织或者专人负责，制订运营方案：平台由谁负责维护？用户问题由谁答复？知识的上传、更新、退出机制怎么设立？用户激励如何进行？——在这一步，开始有了推广的设计，要做好推广，很多时候是和产品即知识管理平台本身分不开的，机制的设立也需要在平台中，比如积分制、知识等级设计、奖惩制度等，可以参考游戏中的各种做法，也可以根据公司文化进行创新，借鉴互联网上的各种做法更是必不可少且有效的，比如有些社区为什么你愿意参与？为什么大家都愿意参与？把其中的模式研究出来，用于自身的运营规划即可。提到企业级的知识管理，以下有六套解决方案去推进企业知识管理，屡试不爽：1、知识仓库很多企业员工吐槽：“知识搜索虐我千百遍，我待知识如初恋。”养兵千日用兵一时，关键时刻，怎能找不到要用的知识。知识仓库让知识变得有序化，让一切搜索变得更简单！2、知识社区看得见的知识容易管理，看不见的经验知识可就没那么容易管了，主题头脑风暴、多方指导点评、专家地图、爱问百科甚至社区匿名吐槽……知识社区是员工分享经验，促进知识创新的最佳场所！3、关键岗位高手一旦要跳槽，老板心急如焚。这样的事情怎样才能把损失降到最小呢？关键岗位知识管理，最大程度减少组织智力资本的流失！4、核心业务如果说企业是一棵大树，核心能力是树干，那么核心业务便是果实。通过对核心业务知识进行梳理优化后，不管是相关操作说明，还是经验案例知识，全部都能够智能推送，知识与业务的完美结合才能实现最大的企业效益。5、知识管理规划咨询很多企业一开始遇到知识管理，刹那间，高山流水遇知音，发誓掏心掏肺也要好好干。但是很奇怪就是“雷声大、雨点小”，到底原因出在谁身上呢？做好知识管理，首先要对企业管理现状与知识管理发展做真实性分析，了解本组织对知识管理的真实需求，才不会种下悲剧的种子。6、专项知识提升行为设计站在巨人的肩膀上，就可以看得更高，看得更远。这个道理在知识管理工作中尤其凸显。专项知识提升行为解决方案，进行诸如最佳实践、知识转移、同行协助、知识创新等方面的专项方案设计和推进，复制最佳的模式，让每一次的工作都带来最好的效果。',
'<p><span style="background-color:rgb(255, 255, 255); color:rgb(51, 51, 51); font-family:sans-serif,arial,verdana,trebuchet ms; font-size:14px">  运营，就需要有相应的组织或者专人负责，制订运营方案：平台由谁负责维护？用户问题由谁答复？知识的上传、更新、退出机制怎么设立？用户激励如何进行？——在这一步，开始有了推广的设计，要做好推广，很多时候是和产品即知识管理平台本身分不开的，机制的设立也需要在平台中，比如积分制、知识等级设计、奖惩制度等，可以参考游戏中的各种做法，也可以根据公司文化进行创新，借鉴互联网上的各种做法更是必不可少且有效的，比如有些社区为什么你愿意参与？为什么大家都愿意参与？把其中的模式研究出来，用于自身的运营规划即可。提到企业级的知识管理，以下有六套解决方案去推进企业知识管理，屡试不爽：1、知识仓库很多企业员工吐槽：“知识搜索虐我千百遍，我待知识如初恋。”养兵千日用兵一时，关键时刻，怎能找不到要用的知识。知识仓库让知识变得有序化，让一切搜索变得更简单！2、知识社区看得见的知识容易管理，看不见的经验知识可就没那么容易管了，主题头脑风暴、多方指导点评、专家地图、爱问百科甚至社区匿名吐槽……知识社区是员工分享经验，促进知识创新的最佳场所！3、关键岗位高手一旦要跳槽，老板心急如焚。这样的事情怎样才能把损失降到最小呢？关键岗位知识管理，最大程度减少组织智力资本的流失！4、核心业务如果说企业是一棵大树，核心能力是树干，那么核心业务便是果实。通过对核心业务知识进行梳理优化后，不管是相关操作说明，还是经验案例知识，全部都能够智能推送，知识与业务的完美结合才能实现最大的企业效益。5、知识管理规划咨询很多企业一开始遇到知识管理，刹那间，高山流水遇知音，发誓掏心掏肺也要好好干。但是很奇怪就是“雷声大、雨点小”，到底原因出在谁身上呢？做好知识管理，首先要对企业管理现状与知识管理发展做真实性分析，了解本组织对知识管理的真实需求，才不会种下悲剧的种子。6、专项知识提升行为设计站在巨人的肩膀上，就可以看得更高，看得更远。这个道理在知识管理工作中尤其凸显。专项知识提升行为解决方案，进行诸如最佳实践、知识转移、同行协助、知识创新等方面的专项方案设计和推进，复制最佳的模式，让每一次的工作都带来最好的效果。</span></p>',
'企业知识管理 ','运营推广 ',sysdate,'tfsadmin',1,sysdate, 0,
'<p><span style="background-color:rgb(255, 255, 255); color:rgb(51, 51, 51); font-family:sans-serif,arial,verdana,trebuchet ms; font-size:14px">  运营，就需要有相应的组织或者专人负责，制订运营方案：平台由谁负责维护？用户问题由谁答复？知识的上传、更新、退出机制怎么设立？用户激励如何进行？——在这一步，开始有了推广的设计，要做好推广，很多时候是和产品即知识管理平台本身分不开的，机制的设立也需要在平台中，比如积分制、知识等级设计、奖惩制度等，可以参考游戏中的各种做法，也可以根据公司文化进行创新，借鉴互联网上的各种做法更是必不可少且有效的，比如有些社区为什么你愿意参与？为什么大家都愿意参与？把其中的模式研究出来，用于自身的运营规划即可。提到企业级的知识管理，以下有六套解决方案去推进企业知识管理，屡试不爽：1、知识仓库很多企业员工吐槽：“知识搜索虐我千百遍，我待知识如初恋。”养兵千日用兵一时，关键时刻，怎能找不到要用的知识。知识仓库让知识变得有序化，让一切搜索变得更简单！2、知识社区看得见的知识容易管理，看不见的经验知识可就没那么容易管了，主题头脑风暴、多方指导点评、专家地图、爱问百科甚至社区匿名吐槽……知识社区是员工分享经验，促进知识创新的最佳场所！3、关键岗位高手一旦要跳槽，老板心急如焚。这样的事情怎样才能把损失降到最小呢？关键岗位知识管理，最大程度减少组织智力资本的流失！4、核心业务如果说企业是一棵大树，核心能力是树干，那么核心业务便是果实。通过对核心业务知识进行梳理优化后，不管是相关操作说明，还是经验案例知识，全部都能够智能推送，知识与业务的完美结合才能实现最大的企业效益。5、知识管理规划咨询很多企业一开始遇到知识管理，刹那间，高山流水遇知音，发誓掏心掏肺也要好好干。但是很奇怪就是“雷声大、雨点小”，到底原因出在谁身上呢？做好知识管理，首先要对企业管理现状与知识管理发展做真实性分析，了解本组织对知识管理的真实需求，才不会种下悲剧的种子。6、专项知识提升行为设计站在巨人的肩膀上，就可以看得更高，看得更远。这个道理在知识管理工作中尤其凸显。专项知识提升行为解决方案，进行诸如最佳实践、知识转移、同行协助、知识创新等方面的专项方案设计和推进，复制最佳的模式，让每一次的工作都带来最好的效果。</span></p>',
0,1,1,3);
INSERT INTO IRP_CHNL_DOC_LINK(CHNLDOCID,CHANNELID, DOCID,DOCTITLE,DOCSTATUS,CRTIME, DOCPUBTIME,MODAL,DOCCHANNEL, DOCFLAG,SITEID, CRUSERID,COMPLETESCORE,CRYSCORE)
VALUES(87,29,87,'企业知识管理平台如何进行运营推广 ',10,sysdate,sysdate,10,0,0,2,1,1,1);
INSERT INTO IRP_ATTACHED(ATTACHEDID,ATTDOCID,ATTFILE,TYPEID,ATTDESC,ATTLINKALT,ATTSERN,ATTPROP,ATTFLAG, ATTTIME,CRUSER,CRUSERID,CRTIME, FILEEXT,EDITVERSIONS)
VALUES(49,87,'AP201711029219832.jpg',2,'企业知识管理平台如何进行运营推广.jpg','企业知识管理平台如何进行运营推广.jpg',1,0,1,sysdate,'tfsadmin',1,sysdate,'jpg',1);




INSERT INTO IRP_DOCUMENT (DOCID,CHANNELID,SITEID,DOCTYPE,DOCTITLE, DOCSTATUS,DOCCONTENT, DOCHTMLCON, DOCABSTRACT,DOCKEYWORDS,DOCPUBTIME, CRUSER,CRUSERID,  CRTIME, DOCFLAG,ATTACHEDCONTENT,TRANSFORMNAME, COMPLETESCORE,CRYSCORE,GROUPID)
VALUES(88,30,2,10,'企业知识管理平台如何进行运营推广 ',10,'运营，就需要有相应的组织或者专人负责，制订运营方案：平台由谁负责维护？用户问题由谁答复？知识的上传、更新、退出机制怎么设立？用户激励如何进行？——在这一步，开始有了推广的设计，要做好推广，很多时候是和产品即知识管理平台本身分不开的，机制的设立也需要在平台中，比如积分制、知识等级设计、奖惩制度等，可以参考游戏中的各种做法，也可以根据公司文化进行创新，借鉴互联网上的各种做法更是必不可少且有效的，比如有些社区为什么你愿意参与？为什么大家都愿意参与？把其中的模式研究出来，用于自身的运营规划即可。提到企业级的知识管理，以下有六套解决方案去推进企业知识管理，屡试不爽：1、知识仓库很多企业员工吐槽：“知识搜索虐我千百遍，我待知识如初恋。”养兵千日用兵一时，关键时刻，怎能找不到要用的知识。知识仓库让知识变得有序化，让一切搜索变得更简单！2、知识社区看得见的知识容易管理，看不见的经验知识可就没那么容易管了，主题头脑风暴、多方指导点评、专家地图、爱问百科甚至社区匿名吐槽……知识社区是员工分享经验，促进知识创新的最佳场所！3、关键岗位高手一旦要跳槽，老板心急如焚。这样的事情怎样才能把损失降到最小呢？关键岗位知识管理，最大程度减少组织智力资本的流失！4、核心业务如果说企业是一棵大树，核心能力是树干，那么核心业务便是果实。通过对核心业务知识进行梳理优化后，不管是相关操作说明，还是经验案例知识，全部都能够智能推送，知识与业务的完美结合才能实现最大的企业效益。5、知识管理规划咨询很多企业一开始遇到知识管理，刹那间，高山流水遇知音，发誓掏心掏肺也要好好干。但是很奇怪就是“雷声大、雨点小”，到底原因出在谁身上呢？做好知识管理，首先要对企业管理现状与知识管理发展做真实性分析，了解本组织对知识管理的真实需求，才不会种下悲剧的种子。6、专项知识提升行为设计站在巨人的肩膀上，就可以看得更高，看得更远。这个道理在知识管理工作中尤其凸显。专项知识提升行为解决方案，进行诸如最佳实践、知识转移、同行协助、知识创新等方面的专项方案设计和推进，复制最佳的模式，让每一次的工作都带来最好的效果。',
'<p><span style="background-color:rgb(255, 255, 255); color:rgb(51, 51, 51); font-family:sans-serif,arial,verdana,trebuchet ms; font-size:14px">  运营，就需要有相应的组织或者专人负责，制订运营方案：平台由谁负责维护？用户问题由谁答复？知识的上传、更新、退出机制怎么设立？用户激励如何进行？——在这一步，开始有了推广的设计，要做好推广，很多时候是和产品即知识管理平台本身分不开的，机制的设立也需要在平台中，比如积分制、知识等级设计、奖惩制度等，可以参考游戏中的各种做法，也可以根据公司文化进行创新，借鉴互联网上的各种做法更是必不可少且有效的，比如有些社区为什么你愿意参与？为什么大家都愿意参与？把其中的模式研究出来，用于自身的运营规划即可。提到企业级的知识管理，以下有六套解决方案去推进企业知识管理，屡试不爽：1、知识仓库很多企业员工吐槽：“知识搜索虐我千百遍，我待知识如初恋。”养兵千日用兵一时，关键时刻，怎能找不到要用的知识。知识仓库让知识变得有序化，让一切搜索变得更简单！2、知识社区看得见的知识容易管理，看不见的经验知识可就没那么容易管了，主题头脑风暴、多方指导点评、专家地图、爱问百科甚至社区匿名吐槽……知识社区是员工分享经验，促进知识创新的最佳场所！3、关键岗位高手一旦要跳槽，老板心急如焚。这样的事情怎样才能把损失降到最小呢？关键岗位知识管理，最大程度减少组织智力资本的流失！4、核心业务如果说企业是一棵大树，核心能力是树干，那么核心业务便是果实。通过对核心业务知识进行梳理优化后，不管是相关操作说明，还是经验案例知识，全部都能够智能推送，知识与业务的完美结合才能实现最大的企业效益。5、知识管理规划咨询很多企业一开始遇到知识管理，刹那间，高山流水遇知音，发誓掏心掏肺也要好好干。但是很奇怪就是“雷声大、雨点小”，到底原因出在谁身上呢？做好知识管理，首先要对企业管理现状与知识管理发展做真实性分析，了解本组织对知识管理的真实需求，才不会种下悲剧的种子。6、专项知识提升行为设计站在巨人的肩膀上，就可以看得更高，看得更远。这个道理在知识管理工作中尤其凸显。专项知识提升行为解决方案，进行诸如最佳实践、知识转移、同行协助、知识创新等方面的专项方案设计和推进，复制最佳的模式，让每一次的工作都带来最好的效果。</span></p>',
'企业知识管理 ','运营推广 ',sysdate,'tfsadmin',1,sysdate, 0,
'<p><span style="background-color:rgb(255, 255, 255); color:rgb(51, 51, 51); font-family:sans-serif,arial,verdana,trebuchet ms; font-size:14px">  运营，就需要有相应的组织或者专人负责，制订运营方案：平台由谁负责维护？用户问题由谁答复？知识的上传、更新、退出机制怎么设立？用户激励如何进行？——在这一步，开始有了推广的设计，要做好推广，很多时候是和产品即知识管理平台本身分不开的，机制的设立也需要在平台中，比如积分制、知识等级设计、奖惩制度等，可以参考游戏中的各种做法，也可以根据公司文化进行创新，借鉴互联网上的各种做法更是必不可少且有效的，比如有些社区为什么你愿意参与？为什么大家都愿意参与？把其中的模式研究出来，用于自身的运营规划即可。提到企业级的知识管理，以下有六套解决方案去推进企业知识管理，屡试不爽：1、知识仓库很多企业员工吐槽：“知识搜索虐我千百遍，我待知识如初恋。”养兵千日用兵一时，关键时刻，怎能找不到要用的知识。知识仓库让知识变得有序化，让一切搜索变得更简单！2、知识社区看得见的知识容易管理，看不见的经验知识可就没那么容易管了，主题头脑风暴、多方指导点评、专家地图、爱问百科甚至社区匿名吐槽……知识社区是员工分享经验，促进知识创新的最佳场所！3、关键岗位高手一旦要跳槽，老板心急如焚。这样的事情怎样才能把损失降到最小呢？关键岗位知识管理，最大程度减少组织智力资本的流失！4、核心业务如果说企业是一棵大树，核心能力是树干，那么核心业务便是果实。通过对核心业务知识进行梳理优化后，不管是相关操作说明，还是经验案例知识，全部都能够智能推送，知识与业务的完美结合才能实现最大的企业效益。5、知识管理规划咨询很多企业一开始遇到知识管理，刹那间，高山流水遇知音，发誓掏心掏肺也要好好干。但是很奇怪就是“雷声大、雨点小”，到底原因出在谁身上呢？做好知识管理，首先要对企业管理现状与知识管理发展做真实性分析，了解本组织对知识管理的真实需求，才不会种下悲剧的种子。6、专项知识提升行为设计站在巨人的肩膀上，就可以看得更高，看得更远。这个道理在知识管理工作中尤其凸显。专项知识提升行为解决方案，进行诸如最佳实践、知识转移、同行协助、知识创新等方面的专项方案设计和推进，复制最佳的模式，让每一次的工作都带来最好的效果。</span></p>',
0,1,1,3);
INSERT INTO IRP_CHNL_DOC_LINK(CHNLDOCID,CHANNELID, DOCID,DOCTITLE,DOCSTATUS,CRTIME, DOCPUBTIME,MODAL,DOCCHANNEL, DOCFLAG,SITEID, CRUSERID,COMPLETESCORE,CRYSCORE)
VALUES(88,30,88,'企业知识管理平台如何进行运营推广 ',10,sysdate,sysdate,10,0,0,2,1,1,1);
INSERT INTO IRP_ATTACHED(ATTACHEDID,ATTDOCID,ATTFILE,TYPEID,ATTDESC,ATTLINKALT,ATTSERN,ATTPROP,ATTFLAG, ATTTIME,CRUSER,CRUSERID,CRTIME, FILEEXT,EDITVERSIONS)
VALUES(50,88,'AP201711029219832.jpg',2,'企业知识管理平台如何进行运营推广.jpg','企业知识管理平台如何进行运营推广.jpg',1,0,1,sysdate,'tfsadmin',1,sysdate,'jpg',1);

INSERT INTO IRP_DOCUMENT (DOCID,CHANNELID,SITEID,DOCTYPE,DOCTITLE, DOCSTATUS,DOCCONTENT, DOCHTMLCON, DOCABSTRACT,DOCKEYWORDS,DOCPUBTIME, CRUSER,CRUSERID,  CRTIME, DOCFLAG,ATTACHEDCONTENT,TRANSFORMNAME, COMPLETESCORE,CRYSCORE,GROUPID)
VALUES(89,29,2,10,'IRP智力资源管理系统产品说明 ',10,'IRP智力资源管理系统简称TFS IRP，是北京睿思鸣信息技术有限公司推出的基于社会化传播的知识（智力）资源管理系统。通过该系统，可以完成组织和个人的知识管理， 能够支撑组织的知识鉴别、知识获取、知识存储、知识共享、 知识应用和知识创造活动。系统包括知识库管理、微知识管理、知识问答、知识百科、专家地图、圈子管理、调查管理、通讯录、即时通讯、应用管理、多数据源发布、全文检索、知识审计，通过社会化传播的方式，完成知识的分享、转化、和运营。',
'<p><span style="background-color:rgb(2589, 2589, 255); color:rgb(51, 51, 51); font-family:sans-serif,arial,verdana,trebuchet ms; font-size:14px">IRP智力资源管理系统简称TFS IRP，是北京睿思鸣信息技术有限公司推出的基于社会化传播的知识（智力）资源管理系统。通过该系统，可以完成组织和个人的知识管理， 能够支撑组织的知识鉴别、知识获取、知识存储、知识共享、 知识应用和知识创造活动。系统包括知识库管理、微知识管理、知识问答、知识百科、专家地图、圈子管理、调查管理、通讯录、即时通讯、应用管理、多数据源发布、全文检索、知识审计，通过社会化传播的方式，完成知识的分享、转化、和运营。</span></p>',
'智力资源管理 ','系统产品说明 ',sysdate,'tfsadmin',1,sysdate, 0,
'<p><span style="background-color:rgb(2589, 2589, 255); color:rgb(51, 51, 51); font-family:sans-serif,arial,verdana,trebuchet ms; font-size:14px">IRP智力资源管理系统简称TFS IRP，是北京睿思鸣信息技术有限公司推出的基于社会化传播的知识（智力）资源管理系统。通过该系统，可以完成组织和个人的知识管理， 能够支撑组织的知识鉴别、知识获取、知识存储、知识共享、 知识应用和知识创造活动。系统包括知识库管理、微知识管理、知识问答、知识百科、专家地图、圈子管理、调查管理、通讯录、即时通讯、应用管理、多数据源发布、全文检索、知识审计，通过社会化传播的方式，完成知识的分享、转化、和运营。</span></p>',
0,1,1,3);
INSERT INTO IRP_CHNL_DOC_LINK(CHNLDOCID,CHANNELID, DOCID,DOCTITLE,DOCSTATUS,CRTIME, DOCPUBTIME,MODAL,DOCCHANNEL, DOCFLAG,SITEID, CRUSERID,COMPLETESCORE,CRYSCORE)
VALUES(89,29,89,'IRP智力资源管理系统产品说明 ',10,sysdate,sysdate,10,0,0,2,1,1,1);
INSERT INTO IRP_ATTACHED(ATTACHEDID,ATTDOCID,ATTFILE,TYPEID,ATTDESC,ATTLINKALT,ATTSERN,ATTPROP,ATTFLAG, ATTTIME,CRUSER,CRUSERID,CRTIME, FILEEXT,EDITVERSIONS)
VALUES(51,89,'AP201711026578960.jpg',2,'IRP智力资源管理系统产品说明.jpg','IRP智力资源管理系统产品说明.jpg',1,0,1,sysdate,'tfsadmin',1,sysdate,'jpg',1);
INSERT INTO IRP_ATTACHED(ATTACHEDID,ATTDOCID,ATTFILE,TYPEID,ATTDESC,ATTLINKALT,ATTSERN,ATTPROP,ATTFLAG, ATTTIME,CRUSER,CRUSERID,CRTIME, FILEEXT,EDITVERSIONS)
VALUES(52,89,'AF201711024677101.doc',1,'IRP智力资源管理系统产品说明.doc','IRP智力资源管理系统产品说明.doc',2,0,2,sysdate,'tfsadmin',1,sysdate,'doc',0);


INSERT INTO IRP_DOCUMENT (DOCID,CHANNELID,SITEID,DOCTYPE,DOCTITLE, DOCSTATUS,DOCCONTENT, DOCHTMLCON, DOCABSTRACT,DOCKEYWORDS,DOCPUBTIME, CRUSER,CRUSERID,  CRTIME, DOCFLAG,ATTACHEDCONTENT,TRANSFORMNAME, COMPLETESCORE,CRYSCORE,GROUPID)
VALUES(90,30,2,10,'IRP智力资源管理系统产品说明 ',10,'IRP智力资源管理系统简称TFS IRP，是北京睿思鸣信息技术有限公司推出的基于社会化传播的知识（智力）资源管理系统。通过该系统，可以完成组织和个人的知识管理， 能够支撑组织的知识鉴别、知识获取、知识存储、知识共享、 知识应用和知识创造活动。系统包括知识库管理、微知识管理、知识问答、知识百科、专家地图、圈子管理、调查管理、通讯录、即时通讯、应用管理、多数据源发布、全文检索、知识审计，通过社会化传播的方式，完成知识的分享、转化、和运营。',
'<p><span style="background-color:rgb(2590, 2590, 255); color:rgb(51, 51, 51); font-family:sans-serif,arial,verdana,trebuchet ms; font-size:14px">IRP智力资源管理系统简称TFS IRP，是北京睿思鸣信息技术有限公司推出的基于社会化传播的知识（智力）资源管理系统。通过该系统，可以完成组织和个人的知识管理， 能够支撑组织的知识鉴别、知识获取、知识存储、知识共享、 知识应用和知识创造活动。系统包括知识库管理、微知识管理、知识问答、知识百科、专家地图、圈子管理、调查管理、通讯录、即时通讯、应用管理、多数据源发布、全文检索、知识审计，通过社会化传播的方式，完成知识的分享、转化、和运营。</span></p>',
'智力资源管理 ','系统产品说明 ',sysdate,'tfsadmin',1,sysdate, 0,
'<p><span style="background-color:rgb(2590, 2590, 255); color:rgb(51, 51, 51); font-family:sans-serif,arial,verdana,trebuchet ms; font-size:14px">IRP智力资源管理系统简称TFS IRP，是北京睿思鸣信息技术有限公司推出的基于社会化传播的知识（智力）资源管理系统。通过该系统，可以完成组织和个人的知识管理， 能够支撑组织的知识鉴别、知识获取、知识存储、知识共享、 知识应用和知识创造活动。系统包括知识库管理、微知识管理、知识问答、知识百科、专家地图、圈子管理、调查管理、通讯录、即时通讯、应用管理、多数据源发布、全文检索、知识审计，通过社会化传播的方式，完成知识的分享、转化、和运营。</span></p>',
0,1,1,3);
INSERT INTO IRP_CHNL_DOC_LINK(CHNLDOCID,CHANNELID, DOCID,DOCTITLE,DOCSTATUS,CRTIME, DOCPUBTIME,MODAL,DOCCHANNEL, DOCFLAG,SITEID, CRUSERID,COMPLETESCORE,CRYSCORE)
VALUES(90,30,90,'IRP智力资源管理系统产品说明 ',10,sysdate,sysdate,10,0,0,2,1,1,1);
INSERT INTO IRP_ATTACHED(ATTACHEDID,ATTDOCID,ATTFILE,TYPEID,ATTDESC,ATTLINKALT,ATTSERN,ATTPROP,ATTFLAG, ATTTIME,CRUSER,CRUSERID,CRTIME, FILEEXT,EDITVERSIONS)
VALUES(53,90,'AP201711026578960.jpg',2,'IRP智力资源管理系统产品说明.jpg','IRP智力资源管理系统产品说明.jpg',1,0,1,sysdate,'tfsadmin',1,sysdate,'jpg',1);
INSERT INTO IRP_ATTACHED(ATTACHEDID,ATTDOCID,ATTFILE,TYPEID,ATTDESC,ATTLINKALT,ATTSERN,ATTPROP,ATTFLAG, ATTTIME,CRUSER,CRUSERID,CRTIME, FILEEXT,EDITVERSIONS)
VALUES(54,90,'AF201711024677101.doc',1,'IRP智力资源管理系统产品说明.doc','IRP智力资源管理系统产品说明.doc',2,0,2,sysdate,'tfsadmin',1,sysdate,'doc',0);

INSERT INTO IRP_DOCUMENT (DOCID,CHANNELID,SITEID,DOCTYPE,DOCTITLE, DOCSTATUS,DOCCONTENT, DOCHTMLCON, DOCABSTRACT,DOCKEYWORDS,DOCPUBTIME, CRUSER,CRUSERID,  CRTIME, DOCFLAG,ATTACHEDCONTENT,TRANSFORMNAME, COMPLETESCORE,CRYSCORE,GROUPID)
VALUES(91,29,2,10,'IRP智力资源管理系统用户注册 ',10,'IRP智力资源管理系统的用户可以通过登录界面自行注册，也可以通过管理员在IRP后台管理中批量导入用户。1.在浏览器中输入地址访问IRP智力资源管理系统，在登录页面点击“注册”按钮2.页面跳转到注册信息填写页面，填写相关信息，点击“创建账号”，即可完成用户注册，注册成功之后，点击“登录”，输入登录名、密码，点击“登录”按钮，完成系统登录。3.管理员后台通过Excel批量导入用户',
'<p><span style="background-color:rgb(255, 255, 255); color:rgb(51, 51, 51); font-family:sans-serif,arial,verdana,trebuchet ms; font-size:14px">IRP智力资源管理系统的用户可以通过登录界面自行注册，也可以通过管理员在IRP后台管理中批量导入用户。1.在浏览器中输入地址访问IRP智力资源管理系统，在登录页面点击“注册”按钮2.页面跳转到注册信息填写页面，填写相关信息，点击“创建账号”，即可完成用户注册，注册成功之后，点击“登录”，输入登录名、密码，点击“登录”按钮，完成系统登录。3.管理员后台通过Excel批量导入用户</span></p>',
'智力资源管理 ','用户注册 ',sysdate,'tfsadmin',1,sysdate, 0,
'<p><span style="background-color:rgb(255, 255, 255); color:rgb(51, 51, 51); font-family:sans-serif,arial,verdana,trebuchet ms; font-size:14px">IRP智力资源管理系统的用户可以通过登录界面自行注册，也可以通过管理员在IRP后台管理中批量导入用户。1.在浏览器中输入地址访问IRP智力资源管理系统，在登录页面点击“注册”按钮2.页面跳转到注册信息填写页面，填写相关信息，点击“创建账号”，即可完成用户注册，注册成功之后，点击“登录”，输入登录名、密码，点击“登录”按钮，完成系统登录。3.管理员后台通过Excel批量导入用户</span></p>',
0,1,1,3);
INSERT INTO IRP_CHNL_DOC_LINK(CHNLDOCID,CHANNELID, DOCID,DOCTITLE,DOCSTATUS,CRTIME, DOCPUBTIME,MODAL,DOCCHANNEL, DOCFLAG,SITEID, CRUSERID,COMPLETESCORE,CRYSCORE)
VALUES(91,29,91,'IRP智力资源管理系统用户注册 ',10,sysdate,sysdate,10,0,0,2,1,1,1);
INSERT INTO IRP_ATTACHED(ATTACHEDID,ATTDOCID,ATTFILE,TYPEID,ATTDESC,ATTLINKALT,ATTSERN,ATTPROP,ATTFLAG, ATTTIME,CRUSER,CRUSERID,CRTIME, FILEEXT,EDITVERSIONS)
VALUES(55,91,'AP201711028987273.png',2,'IRP智力资源管理系统用户注册.png','IRP智力资源管理系统用户注册.png',1,0,1,sysdate,'tfsadmin',1,sysdate,'png',1);
INSERT INTO IRP_ATTACHED(ATTACHEDID,ATTDOCID,ATTFILE,TYPEID,ATTDESC,ATTLINKALT,ATTSERN,ATTPROP,ATTFLAG, ATTTIME,CRUSER,CRUSERID,CRTIME, FILEEXT,EDITVERSIONS)
VALUES(56,91,'AF201711021848232.doc',1,'IRP智力资源管理系统用户注册.doc','IRP智力资源管理系统用户注册.doc',2,0,2,sysdate,'tfsadmin',1,sysdate,'doc',0);

-----专家观点
INSERT INTO IRP_DOCUMENT (DOCID,CHANNELID,SITEID,DOCTYPE,DOCTITLE, DOCSTATUS,DOCCONTENT, DOCHTMLCON, DOCABSTRACT,DOCKEYWORDS,DOCPUBTIME, CRUSER,CRUSERID,  CRTIME, DOCFLAG,ATTACHEDCONTENT,TRANSFORMNAME, COMPLETESCORE,CRYSCORE,GROUPID)
VALUES(93,27,2,10,'2017中国企业知识管理发展的六个趋势 ',10,'',
' ',
'智力资源管理 ','用户注册 ',sysdate,'tfsadmin',1,sysdate, 0,
' ',
0,1,1,3);
INSERT INTO IRP_CHNL_DOC_LINK(CHNLDOCID,CHANNELID, DOCID,DOCTITLE,DOCSTATUS,CRTIME, DOCPUBTIME,MODAL,DOCCHANNEL, DOCFLAG,SITEID, CRUSERID,COMPLETESCORE,CRYSCORE)
VALUES(93,27,93,'2017中国企业知识管理发展的六个趋势',10,sysdate,sysdate,10,0,0,2,1,1,1);
INSERT INTO IRP_ATTACHED(ATTACHEDID,ATTDOCID,ATTFILE,TYPEID,ATTDESC,ATTLINKALT,ATTSERN,ATTPROP,ATTFLAG, ATTTIME,CRUSER,CRUSERID,CRTIME, FILEEXT,EDITVERSIONS)
VALUES(63,93,'AP201711028248516.jpg',2,'2017中国企业知识管理发展的六个趋势.jpg','2017中国企业知识管理发展的六个趋势.jpg',1,0,1,sysdate,'tfsadmin',1,sysdate,'jpg',1);


INSERT INTO IRP_DOCUMENT (DOCID,CHANNELID,SITEID,DOCTYPE,DOCTITLE, DOCSTATUS,DOCCONTENT, DOCHTMLCON, DOCABSTRACT,DOCKEYWORDS,DOCPUBTIME, CRUSER,CRUSERID,  CRTIME, DOCFLAG,ATTACHEDCONTENT,TRANSFORMNAME, COMPLETESCORE,CRYSCORE,GROUPID)
VALUES(94,27,2,10,'怎样成为知识经济时代富有竞争力的企业？ ',10,'',
' ',
'智力资源管理 ','用户注册 ',sysdate,'tfsadmin',1,sysdate, 0,
' ',
0,1,1,3);
INSERT INTO IRP_CHNL_DOC_LINK(CHNLDOCID,CHANNELID, DOCID,DOCTITLE,DOCSTATUS,CRTIME, DOCPUBTIME,MODAL,DOCCHANNEL, DOCFLAG,SITEID, CRUSERID,COMPLETESCORE,CRYSCORE)
VALUES(94,27,94,'怎样成为知识经济时代富有竞争力的企业？',10,sysdate,sysdate,10,0,0,2,1,1,1);
INSERT INTO IRP_ATTACHED(ATTACHEDID,ATTDOCID,ATTFILE,TYPEID,ATTDESC,ATTLINKALT,ATTSERN,ATTPROP,ATTFLAG, ATTTIME,CRUSER,CRUSERID,CRTIME, FILEEXT,EDITVERSIONS)
VALUES(64,94,'AP201711026440784.jpg',2,'怎样成为知识经济时代富有竞争力的企业.jpg','怎样成为知识经济时代富有竞争力的企业.jpg',1,0,1,sysdate,'tfsadmin',1,sysdate,'jpg',1);


-----专家访谈
INSERT INTO IRP_DOCUMENT (DOCID,CHANNELID,SITEID,DOCTYPE,DOCTITLE, DOCSTATUS,DOCCONTENT, DOCHTMLCON, DOCABSTRACT,DOCKEYWORDS,DOCPUBTIME, CRUSER,CRUSERID,  CRTIME, DOCFLAG,ATTACHEDCONTENT,TRANSFORMNAME, COMPLETESCORE,CRYSCORE,GROUPID)
VALUES(92,28,2,10,'如何真正建立你的知识体系？ ',10,'',
' ',
'智力资源管理 ','用户注册 ',sysdate,'tfsadmin',1,sysdate, 0,
' ',
0,1,1,3);
INSERT INTO IRP_CHNL_DOC_LINK(CHNLDOCID,CHANNELID, DOCID,DOCTITLE,DOCSTATUS,CRTIME, DOCPUBTIME,MODAL,DOCCHANNEL, DOCFLAG,SITEID, CRUSERID,COMPLETESCORE,CRYSCORE)
VALUES(92,28,92,'如何真正建立你的知识体系',10,sysdate,sysdate,10,0,0,2,1,1,1);
INSERT INTO IRP_ATTACHED(ATTACHEDID,ATTDOCID,ATTFILE,TYPEID,ATTDESC,ATTLINKALT,ATTSERN,ATTPROP,ATTFLAG, ATTTIME,CRUSER,CRUSERID,CRTIME, FILEEXT,EDITVERSIONS)
VALUES(62,92,'AP201711024713970.jpg',2,'如何真正建立你的知识体系.jpg','如何真正建立你的知识体系.jpg',1,0,1,sysdate,'tfsadmin',1,sysdate,'jpg',1);

INSERT INTO IRP_DOCUMENT (DOCID,CHANNELID,SITEID,DOCTYPE,DOCTITLE, DOCSTATUS,DOCCONTENT, DOCHTMLCON, DOCABSTRACT,DOCKEYWORDS,DOCPUBTIME, CRUSER,CRUSERID,  CRTIME, DOCFLAG,ATTACHEDCONTENT,TRANSFORMNAME, COMPLETESCORE,CRYSCORE,GROUPID)
VALUES(95,28,2,10,'企业知识管理平台如何进行运营推广 ',10,'运营，就需要有相应的组织或者专人负责，制订运营方案：平台由谁负责维护？用户问题由谁答复？知识的上传、更新、退出机制怎么设立？用户激励如何进行？——在这一步，开始有了推广的设计，要做好推广，很多时候是和产品即知识管理平台本身分不开的，机制的设立也需要在平台中，比如积分制、知识等级设计、奖惩制度等，可以参考游戏中的各种做法，也可以根据公司文化进行创新，借鉴互联网上的各种做法更是必不可少且有效的，比如有些社区为什么你愿意参与？为什么大家都愿意参与？把其中的模式研究出来，用于自身的运营规划即可。提到企业级的知识管理，以下有六套解决方案去推进企业知识管理，屡试不爽：1、知识仓库很多企业员工吐槽：“知识搜索虐我千百遍，我待知识如初恋。”养兵千日用兵一时，关键时刻，怎能找不到要用的知识。知识仓库让知识变得有序化，让一切搜索变得更简单！2、知识社区看得见的知识容易管理，看不见的经验知识可就没那么容易管了，主题头脑风暴、多方指导点评、专家地图、爱问百科甚至社区匿名吐槽……知识社区是员工分享经验，促进知识创新的最佳场所！3、关键岗位高手一旦要跳槽，老板心急如焚。这样的事情怎样才能把损失降到最小呢？关键岗位知识管理，最大程度减少组织智力资本的流失！4、核心业务如果说企业是一棵大树，核心能力是树干，那么核心业务便是果实。通过对核心业务知识进行梳理优化后，不管是相关操作说明，还是经验案例知识，全部都能够智能推送，知识与业务的完美结合才能实现最大的企业效益。5、知识管理规划咨询很多企业一开始遇到知识管理，刹那间，高山流水遇知音，发誓掏心掏肺也要好好干。但是很奇怪就是“雷声大、雨点小”，到底原因出在谁身上呢？做好知识管理，首先要对企业管理现状与知识管理发展做真实性分析，了解本组织对知识管理的真实需求，才不会种下悲剧的种子。6、专项知识提升行为设计站在巨人的肩膀上，就可以看得更高，看得更远。这个道理在知识管理工作中尤其凸显。专项知识提升行为解决方案，进行诸如最佳实践、知识转移、同行协助、知识创新等方面的专项方案设计和推进，复制最佳的模式，让每一次的工作都带来最好的效果。',
'<p><span style="background-color:rgb(255, 255, 255); color:rgb(51, 51, 51); font-family:sans-serif,arial,verdana,trebuchet ms; font-size:14px">  运营，就需要有相应的组织或者专人负责，制订运营方案：平台由谁负责维护？用户问题由谁答复？知识的上传、更新、退出机制怎么设立？用户激励如何进行？——在这一步，开始有了推广的设计，要做好推广，很多时候是和产品即知识管理平台本身分不开的，机制的设立也需要在平台中，比如积分制、知识等级设计、奖惩制度等，可以参考游戏中的各种做法，也可以根据公司文化进行创新，借鉴互联网上的各种做法更是必不可少且有效的，比如有些社区为什么你愿意参与？为什么大家都愿意参与？把其中的模式研究出来，用于自身的运营规划即可。提到企业级的知识管理，以下有六套解决方案去推进企业知识管理，屡试不爽：1、知识仓库很多企业员工吐槽：“知识搜索虐我千百遍，我待知识如初恋。”养兵千日用兵一时，关键时刻，怎能找不到要用的知识。知识仓库让知识变得有序化，让一切搜索变得更简单！2、知识社区看得见的知识容易管理，看不见的经验知识可就没那么容易管了，主题头脑风暴、多方指导点评、专家地图、爱问百科甚至社区匿名吐槽……知识社区是员工分享经验，促进知识创新的最佳场所！3、关键岗位高手一旦要跳槽，老板心急如焚。这样的事情怎样才能把损失降到最小呢？关键岗位知识管理，最大程度减少组织智力资本的流失！4、核心业务如果说企业是一棵大树，核心能力是树干，那么核心业务便是果实。通过对核心业务知识进行梳理优化后，不管是相关操作说明，还是经验案例知识，全部都能够智能推送，知识与业务的完美结合才能实现最大的企业效益。5、知识管理规划咨询很多企业一开始遇到知识管理，刹那间，高山流水遇知音，发誓掏心掏肺也要好好干。但是很奇怪就是“雷声大、雨点小”，到底原因出在谁身上呢？做好知识管理，首先要对企业管理现状与知识管理发展做真实性分析，了解本组织对知识管理的真实需求，才不会种下悲剧的种子。6、专项知识提升行为设计站在巨人的肩膀上，就可以看得更高，看得更远。这个道理在知识管理工作中尤其凸显。专项知识提升行为解决方案，进行诸如最佳实践、知识转移、同行协助、知识创新等方面的专项方案设计和推进，复制最佳的模式，让每一次的工作都带来最好的效果。</span></p>',
'企业知识管理 ','运营推广 ',sysdate,'tfsadmin',1,sysdate, 0,
'<p><span style="background-color:rgb(255, 255, 255); color:rgb(51, 51, 51); font-family:sans-serif,arial,verdana,trebuchet ms; font-size:14px">  运营，就需要有相应的组织或者专人负责，制订运营方案：平台由谁负责维护？用户问题由谁答复？知识的上传、更新、退出机制怎么设立？用户激励如何进行？——在这一步，开始有了推广的设计，要做好推广，很多时候是和产品即知识管理平台本身分不开的，机制的设立也需要在平台中，比如积分制、知识等级设计、奖惩制度等，可以参考游戏中的各种做法，也可以根据公司文化进行创新，借鉴互联网上的各种做法更是必不可少且有效的，比如有些社区为什么你愿意参与？为什么大家都愿意参与？把其中的模式研究出来，用于自身的运营规划即可。提到企业级的知识管理，以下有六套解决方案去推进企业知识管理，屡试不爽：1、知识仓库很多企业员工吐槽：“知识搜索虐我千百遍，我待知识如初恋。”养兵千日用兵一时，关键时刻，怎能找不到要用的知识。知识仓库让知识变得有序化，让一切搜索变得更简单！2、知识社区看得见的知识容易管理，看不见的经验知识可就没那么容易管了，主题头脑风暴、多方指导点评、专家地图、爱问百科甚至社区匿名吐槽……知识社区是员工分享经验，促进知识创新的最佳场所！3、关键岗位高手一旦要跳槽，老板心急如焚。这样的事情怎样才能把损失降到最小呢？关键岗位知识管理，最大程度减少组织智力资本的流失！4、核心业务如果说企业是一棵大树，核心能力是树干，那么核心业务便是果实。通过对核心业务知识进行梳理优化后，不管是相关操作说明，还是经验案例知识，全部都能够智能推送，知识与业务的完美结合才能实现最大的企业效益。5、知识管理规划咨询很多企业一开始遇到知识管理，刹那间，高山流水遇知音，发誓掏心掏肺也要好好干。但是很奇怪就是“雷声大、雨点小”，到底原因出在谁身上呢？做好知识管理，首先要对企业管理现状与知识管理发展做真实性分析，了解本组织对知识管理的真实需求，才不会种下悲剧的种子。6、专项知识提升行为设计站在巨人的肩膀上，就可以看得更高，看得更远。这个道理在知识管理工作中尤其凸显。专项知识提升行为解决方案，进行诸如最佳实践、知识转移、同行协助、知识创新等方面的专项方案设计和推进，复制最佳的模式，让每一次的工作都带来最好的效果。</span></p>',
0,1,1,3);
INSERT INTO IRP_CHNL_DOC_LINK(CHNLDOCID,CHANNELID, DOCID,DOCTITLE,DOCSTATUS,CRTIME, DOCPUBTIME,MODAL,DOCCHANNEL, DOCFLAG,SITEID, CRUSERID,COMPLETESCORE,CRYSCORE)
VALUES(95,28,95,'企业知识管理平台如何进行运营推广 ',10,sysdate,sysdate,10,0,0,2,1,1,1);
INSERT INTO IRP_ATTACHED(ATTACHEDID,ATTDOCID,ATTFILE,TYPEID,ATTDESC,ATTLINKALT,ATTSERN,ATTPROP,ATTFLAG, ATTTIME,CRUSER,CRUSERID,CRTIME, FILEEXT,EDITVERSIONS)
VALUES(65,95,'AP201711029219832.jpg',2,'企业知识管理平台如何进行运营推广.jpg','企业知识管理平台如何进行运营推广.jpg',1,0,1,sysdate,'tfsadmin',1,sysdate,'jpg',1);



-----专家大图

INSERT INTO IRP_DOCUMENT (DOCID,CHANNELID,SITEID,DOCTYPE,DOCTITLE, DOCSTATUS,DOCCONTENT, DOCHTMLCON, DOCABSTRACT,DOCKEYWORDS,DOCPUBTIME, CRUSER,CRUSERID,  CRTIME, DOCFLAG,ATTACHEDCONTENT,TRANSFORMNAME, COMPLETESCORE,CRYSCORE,GROUPID)
VALUES(96,31,2,10,'怎样成为知识经济时代富有竞争力的企业？ ',10,'',
' ',
'知识经济 ','企业 ',sysdate,'tfsadmin',1,sysdate, 0,
' ',
0,1,1,3);
INSERT INTO IRP_CHNL_DOC_LINK(CHNLDOCID,CHANNELID, DOCID,DOCTITLE,DOCSTATUS,CRTIME, DOCPUBTIME,MODAL,DOCCHANNEL, DOCFLAG,SITEID, CRUSERID,COMPLETESCORE,CRYSCORE)
VALUES(96,31,96,'怎样成为知识经济时代富有竞争力的企业？',10,sysdate,sysdate,10,0,0,2,1,1,1);
INSERT INTO IRP_ATTACHED(ATTACHEDID,ATTDOCID,ATTFILE,TYPEID,ATTDESC,ATTLINKALT,ATTSERN,ATTPROP,ATTFLAG, ATTTIME,CRUSER,CRUSERID,CRTIME, FILEEXT,EDITVERSIONS)
VALUES(66,96,'AP201711026440784.jpg',2,'怎样成为知识经济时代富有竞争力的企业.jpg','怎样成为知识经济时代富有竞争力的企业.jpg',1,0,1,sysdate,'tfsadmin',1,sysdate,'jpg',1);




INSERT INTO IRP_DOCUMENT (DOCID,CHANNELID,SITEID,DOCTYPE,DOCTITLE, DOCSTATUS,DOCCONTENT, DOCHTMLCON, DOCABSTRACT,DOCKEYWORDS,DOCPUBTIME, CRUSER,CRUSERID,  CRTIME, DOCFLAG,ATTACHEDCONTENT,TRANSFORMNAME, COMPLETESCORE,CRYSCORE,GROUPID)
VALUES(97,31,2,10,'如何真正建立你的知识体系？ ',10,'',
' ',
'知识体系 ','知识体系 ',sysdate,'tfsadmin',1,sysdate, 0,
' ',
0,1,1,3);
INSERT INTO IRP_CHNL_DOC_LINK(CHNLDOCID,CHANNELID, DOCID,DOCTITLE,DOCSTATUS,CRTIME, DOCPUBTIME,MODAL,DOCCHANNEL, DOCFLAG,SITEID, CRUSERID,COMPLETESCORE,CRYSCORE)
VALUES(97,31,97,'如何真正建立你的知识体系',10,sysdate,sysdate,10,0,0,2,1,1,1);
INSERT INTO IRP_ATTACHED(ATTACHEDID,ATTDOCID,ATTFILE,TYPEID,ATTDESC,ATTLINKALT,ATTSERN,ATTPROP,ATTFLAG, ATTTIME,CRUSER,CRUSERID,CRTIME, FILEEXT,EDITVERSIONS)
VALUES(67,97,'AP201711024713970.jpg',2,'如何真正建立你的知识体系.jpg','如何真正建立你的知识体系.jpg',1,0,1,sysdate,'tfsadmin',1,sysdate,'jpg',1);

---论坛大图

INSERT INTO IRP_DOCUMENT (DOCID,CHANNELID,SITEID,DOCTYPE,DOCTITLE, DOCSTATUS,DOCCONTENT, DOCHTMLCON, DOCABSTRACT,DOCKEYWORDS,DOCPUBTIME, CRUSER,CRUSERID,  CRTIME, DOCFLAG,ATTACHEDCONTENT,TRANSFORMNAME, COMPLETESCORE,CRYSCORE,GROUPID)
VALUES(98,33,2,10,'IRP智力资源管理系统的设计理念是什么?',10,'睿思鸣认为知识管理就像一个有规则的容器，不管组织中的人是否理解知识管理理念，有容器的存在，按照规则，把知识流导入容器，不断注入和积累，久而久之，不但可以积累大量知识，知识管理理念页内化到组织的文化和战略中去。IRP智力资源管理系统是以百科 / 词条营造统一语境，构建知识管理骨架；以知识库收集、积累、沉淀显性知识，形成知识集市；以问答推动隐/显转换，将员工经验 、教训显性化、系统化；以专家盘活隐性资源 使专家经验得以发现和继承；以圈子聚焦关注，破解“知识共享”和“知识保护”冲突难题；以社会化传播手段推进应用深入，实现学习型、应用型组织。',
'<p style="text-align:start">睿思鸣认为知识管理就像一个有规则的容器，不管组织中的人是否理解知识管理理念，有容器的存在，按照规则，把知识流导入容器，不断注入和积累，久而久之，不但可以积累大量知识，知识管理理念页内化到组织的文化和战略中去。</p><p style="text-align:start">IRP智力资源管理系统是以百科 / 词条营造统一语境，构建知识管理骨架；以知识库收集、积累、沉淀显性知识，形成知识集市；以问答推动隐/显转换，将员工经验 、教训显性化、系统化；以专家盘活隐性资源 使专家经验得以发现和继承；以圈子聚焦关注，破解&ldquo;知识共享&rdquo;和&ldquo;知识保护&rdquo;冲突难题；以社会化传播手段推进应用深入，实现学习型、应用型组织。</p>',
'IRP智力资源管理系统的设计理念是什么','IRP智力资源管理系统的设计理念是什么 ',sysdate,'tfsadmin',1,sysdate, 0,
'<p style="text-align:start">睿思鸣认为知识管理就像一个有规则的容器，不管组织中的人是否理解知识管理理念，有容器的存在，按照规则，把知识流导入容器，不断注入和积累，久而久之，不但可以积累大量知识，知识管理理念页内化到组织的文化和战略中去。</p><p style="text-align:start">IRP智力资源管理系统是以百科 / 词条营造统一语境，构建知识管理骨架；以知识库收集、积累、沉淀显性知识，形成知识集市；以问答推动隐/显转换，将员工经验 、教训显性化、系统化；以专家盘活隐性资源 使专家经验得以发现和继承；以圈子聚焦关注，破解&ldquo;知识共享&rdquo;和&ldquo;知识保护&rdquo;冲突难题；以社会化传播手段推进应用深入，实现学习型、应用型组织。</p>',
0,1,1,3);
INSERT INTO IRP_CHNL_DOC_LINK(CHNLDOCID,CHANNELID, DOCID,DOCTITLE,DOCSTATUS,CRTIME, DOCPUBTIME,MODAL,DOCCHANNEL, DOCFLAG,SITEID, CRUSERID,COMPLETESCORE,CRYSCORE)
VALUES(98,33,98,'IRP智力资源管理系统的设计理念是什么 ',10,sysdate,sysdate,10,0,0,2,1,1,1);
INSERT INTO IRP_ATTACHED(ATTACHEDID,ATTDOCID,ATTFILE,TYPEID,ATTDESC,ATTLINKALT,ATTSERN,ATTPROP,ATTFLAG, ATTTIME,CRUSER,CRUSERID,CRTIME, FILEEXT,EDITVERSIONS)
VALUES(68,98,'AP201711028742065.jpg',2,'IRP智力资源管理系统的设计理念是什么.jpg','IRP智力资源管理系统的设计理念是什么.jpg',1,0,1,sysdate,'tfsadmin',1,sysdate,'jpg',1);





INSERT INTO IRP_DOCUMENT (DOCID,CHANNELID,SITEID,DOCTYPE,DOCTITLE, DOCSTATUS,DOCCONTENT, DOCHTMLCON, DOCABSTRACT,DOCKEYWORDS,DOCPUBTIME, CRUSER,CRUSERID,  CRTIME, DOCFLAG,ATTACHEDCONTENT,TRANSFORMNAME, COMPLETESCORE,CRYSCORE,GROUPID)
VALUES(99,33,2,10,'成功的知识管理实施的关键是什么？',10,'与任何大型信息系统实施一样，高层的支持对于知识管理系统实施的成败是十分关键的。由于大部分企业或者组织中都没有专门的部门负责知识管理，在实施过程中，高层管理人员必须既要支持系统的实施，又要支持一个新的部门的成立——一个负责全组织内知识管理的部门。高层的支持必须是竭尽全力的，这种支持来自与高层对于知识管理的正确认识和对知识管理对企业价值的认知。信息的手工输入是知识管理系统中对信息进行分类和组织的关键问题。许多管理人员期望计算机可以自动产生一个令系统用户满意的分类（信息组织方案）。这是一个错误的设想，对新信息的分类和对关键词的组织都是决定系统成败的任务。在这个过程中，技术可以发挥部分作用，但主要的依靠力量还是组织内的员工。实现成功的知识管理体系的5项关键是：①制定企业知识管理战略，建立知识创新激励机制，塑造知识共享的企业文化氛围；②设置知识主管专门负责企业知识管理工作，开发知识创新能力；③与企业的业务流程相结合，调整企业知识结构；④建立企业知识管理系统，管理知识生产、交换、整合和内化；⑤对知识管理体系制定评价方法和原则，以期改进。',
'<p><span style="color:rgb(51, 51, 51); font-family:microsoft yahei,sans-serif; font-size:16px">与任何大型信息系统实施一样，高层的支持对于知识管理系统实施的成败是十分关键的。由于大部分企业或者组织中都没有专门的部门负责知识管理，在实施过程中，高层管理人员必须既要支持系统的实施，又要支持一个新的部门的成立&mdash;&mdash;一个负责全组织内知识管理的部门。高层的支持必须是竭尽全力的，这种支持来自与高层对于知识管理的正确认识和对知识管理对企业价值的认知。</span><br />',
'成功的知识管理实施的关键是什么？','成功的知识管理实施的关键是什么？',sysdate,'tfsadmin',1,sysdate, 0,
'<p><span style="color:rgb(51, 51, 51); font-family:microsoft yahei,sans-serif; font-size:16px">与任何大型信息系统实施一样，高层的支持对于知识管理系统实施的成败是十分关键的。由于大部分企业或者组织中都没有专门的部门负责知识管理，在实施过程中，高层管理人员必须既要支持系统的实施，又要支持一个新的部门的成立&mdash;&mdash;一个负责全组织内知识管理的部门。高层的支持必须是竭尽全力的，这种支持来自与高层对于知识管理的正确认识和对知识管理对企业价值的认知。</span><br />',
0,1,1,3);
INSERT INTO IRP_CHNL_DOC_LINK(CHNLDOCID,CHANNELID, DOCID,DOCTITLE,DOCSTATUS,CRTIME, DOCPUBTIME,MODAL,DOCCHANNEL, DOCFLAG,SITEID, CRUSERID,COMPLETESCORE,CRYSCORE)
VALUES(99,33,99,'成功的知识管理实施的关键是什么？',10,sysdate,sysdate,10,0,0,2,1,1,1);
INSERT INTO IRP_ATTACHED(ATTACHEDID,ATTDOCID,ATTFILE,TYPEID,ATTDESC,ATTLINKALT,ATTSERN,ATTPROP,ATTFLAG, ATTTIME,CRUSER,CRUSERID,CRTIME, FILEEXT,EDITVERSIONS)
VALUES(70,99,'AP201711024143133.jpg',2,'成功的知识管理实施的关键是什么.jpg','成功的知识管理实施的关键是什么.jpg',1,0,1,sysdate,'tfsadmin',1,sysdate,'jpg',1);














---地图专题数据
--知识运营
INSERT INTO  IRP_DOCUMENT_MAP(MID,DOCID,CHANNELID,CRTIME,TYPE) VALUES(1,32,79,sysdate,'2');
INSERT INTO  IRP_DOCUMENT_MAP(MID,DOCID,CHANNELID,CRTIME,TYPE) VALUES(2,33,79,sysdate,'2');
INSERT INTO  IRP_DOCUMENT_MAP(MID,DOCID,CHANNELID,CRTIME,TYPE) VALUES(3,34,79,sysdate,'2');
INSERT INTO  IRP_DOCUMENT_MAP(MID,DOCID,CHANNELID,CRTIME,TYPE) VALUES(4,37,80,sysdate,'2');
INSERT INTO  IRP_DOCUMENT_MAP(MID,DOCID,CHANNELID,CRTIME,TYPE) VALUES(5,37,81,sysdate,'2');
INSERT INTO  IRP_DOCUMENT_MAP(MID,DOCID,CHANNELID,CRTIME,TYPE) VALUES(6,36,81,sysdate,'2');
INSERT INTO  IRP_DOCUMENT_MAP(MID,DOCID,CHANNELID,CRTIME,TYPE) VALUES(7,35,82,sysdate,'2');
INSERT INTO  IRP_DOCUMENT_MAP(MID,DOCID,CHANNELID,CRTIME,TYPE) VALUES(8,41,82,sysdate,'2');
---地图
INSERT INTO  IRP_DOCUMENT_MAP(MID,DOCID,CHANNELID,CRTIME,TYPE) VALUES(9,41,62,sysdate,'1');
INSERT INTO  IRP_DOCUMENT_MAP(MID,DOCID,CHANNELID,CRTIME,TYPE) VALUES(10,39,60,sysdate,'1');
INSERT INTO  IRP_DOCUMENT_MAP(MID,DOCID,CHANNELID,CRTIME,TYPE) VALUES(11,40,61,sysdate,'1');
INSERT INTO  IRP_DOCUMENT_MAP(MID,DOCID,CHANNELID,CRTIME,TYPE) VALUES(12,42,59,sysdate,'1');

INSERT INTO  IRP_DOCUMENT_MAP(MID,DOCID,CHANNELID,CRTIME,TYPE) VALUES((SELECT max(MID)+1 from IRP_DOCUMENT_MAP ),43,65,sysdate,'1');
INSERT INTO  IRP_DOCUMENT_MAP(MID,DOCID,CHANNELID,CRTIME,TYPE) VALUES((SELECT max(MID)+1 from IRP_DOCUMENT_MAP ),43,74,sysdate,'1');
INSERT INTO  IRP_DOCUMENT_MAP(MID,DOCID,CHANNELID,CRTIME,TYPE) VALUES((SELECT max(MID)+1 from IRP_DOCUMENT_MAP ),44,65,sysdate,'1');
INSERT INTO  IRP_DOCUMENT_MAP(MID,DOCID,CHANNELID,CRTIME,TYPE) VALUES((SELECT max(MID)+1 from IRP_DOCUMENT_MAP ),44,74,sysdate,'1');

INSERT INTO  IRP_DOCUMENT_MAP(MID,DOCID,CHANNELID,CRTIME,TYPE) VALUES((SELECT max(MID)+1 from IRP_DOCUMENT_MAP ),45,65,sysdate,'1');
INSERT INTO  IRP_DOCUMENT_MAP(MID,DOCID,CHANNELID,CRTIME,TYPE) VALUES((SELECT max(MID)+1 from IRP_DOCUMENT_MAP ),45,75,sysdate,'1');

INSERT INTO  IRP_DOCUMENT_MAP(MID,DOCID,CHANNELID,CRTIME,TYPE) VALUES((SELECT max(MID)+1 from IRP_DOCUMENT_MAP ),46,65,sysdate,'1');
INSERT INTO  IRP_DOCUMENT_MAP(MID,DOCID,CHANNELID,CRTIME,TYPE) VALUES((SELECT max(MID)+1 from IRP_DOCUMENT_MAP ),46,76,sysdate,'1');

INSERT INTO  IRP_DOCUMENT_MAP(MID,DOCID,CHANNELID,CRTIME,TYPE) VALUES((SELECT max(MID)+1 from IRP_DOCUMENT_MAP ),47,65,sysdate,'1');
INSERT INTO  IRP_DOCUMENT_MAP(MID,DOCID,CHANNELID,CRTIME,TYPE) VALUES((SELECT max(MID)+1 from IRP_DOCUMENT_MAP ),47,77,sysdate,'1');
INSERT INTO  IRP_DOCUMENT_MAP(MID,DOCID,CHANNELID,CRTIME,TYPE) VALUES((SELECT max(MID)+1 from IRP_DOCUMENT_MAP ),48,65,sysdate,'1');
INSERT INTO  IRP_DOCUMENT_MAP(MID,DOCID,CHANNELID,CRTIME,TYPE) VALUES((SELECT max(MID)+1 from IRP_DOCUMENT_MAP ),48,77,sysdate,'1');

INSERT INTO  IRP_DOCUMENT_MAP(MID,DOCID,CHANNELID,CRTIME,TYPE) VALUES((SELECT max(MID)+1 from IRP_DOCUMENT_MAP ),49,65,sysdate,'1');
INSERT INTO  IRP_DOCUMENT_MAP(MID,DOCID,CHANNELID,CRTIME,TYPE) VALUES((SELECT max(MID)+1 from IRP_DOCUMENT_MAP ),49,78,sysdate,'1');

--------------------------------------------------------------------------------

INSERT INTO  IRP_DOCUMENT_MAP(MID,DOCID,CHANNELID,CRTIME,TYPE) VALUES((SELECT max(MID)+1 from IRP_DOCUMENT_MAP ),50,66,sysdate,'1');
INSERT INTO  IRP_DOCUMENT_MAP(MID,DOCID,CHANNELID,CRTIME,TYPE) VALUES((SELECT max(MID)+1 from IRP_DOCUMENT_MAP ),50,75,sysdate,'1');
INSERT INTO  IRP_DOCUMENT_MAP(MID,DOCID,CHANNELID,CRTIME,TYPE) VALUES((SELECT max(MID)+1 from IRP_DOCUMENT_MAP ),51,66,sysdate,'1');
INSERT INTO  IRP_DOCUMENT_MAP(MID,DOCID,CHANNELID,CRTIME,TYPE) VALUES((SELECT max(MID)+1 from IRP_DOCUMENT_MAP ),51,75,sysdate,'1');

INSERT INTO  IRP_DOCUMENT_MAP(MID,DOCID,CHANNELID,CRTIME,TYPE) VALUES((SELECT max(MID)+1 from IRP_DOCUMENT_MAP ),52,66,sysdate,'1');
INSERT INTO  IRP_DOCUMENT_MAP(MID,DOCID,CHANNELID,CRTIME,TYPE) VALUES((SELECT max(MID)+1 from IRP_DOCUMENT_MAP ),52,75,sysdate,'1');

INSERT INTO  IRP_DOCUMENT_MAP(MID,DOCID,CHANNELID,CRTIME,TYPE) VALUES((SELECT max(MID)+1 from IRP_DOCUMENT_MAP ),53,66,sysdate,'1');
INSERT INTO  IRP_DOCUMENT_MAP(MID,DOCID,CHANNELID,CRTIME,TYPE) VALUES((SELECT max(MID)+1 from IRP_DOCUMENT_MAP ),53,77,sysdate,'1');
INSERT INTO  IRP_DOCUMENT_MAP(MID,DOCID,CHANNELID,CRTIME,TYPE) VALUES((SELECT max(MID)+1 from IRP_DOCUMENT_MAP ),54,66,sysdate,'1');
INSERT INTO  IRP_DOCUMENT_MAP(MID,DOCID,CHANNELID,CRTIME,TYPE) VALUES((SELECT max(MID)+1 from IRP_DOCUMENT_MAP ),54,77,sysdate,'1');

--------------------------------------------------------------------------------

INSERT INTO  IRP_DOCUMENT_MAP(MID,DOCID,CHANNELID,CRTIME,TYPE) VALUES((SELECT max(MID)+1 from IRP_DOCUMENT_MAP ),55,67,sysdate,'1');
INSERT INTO  IRP_DOCUMENT_MAP(MID,DOCID,CHANNELID,CRTIME,TYPE) VALUES((SELECT max(MID)+1 from IRP_DOCUMENT_MAP ),55,75,sysdate,'1');
INSERT INTO  IRP_DOCUMENT_MAP(MID,DOCID,CHANNELID,CRTIME,TYPE) VALUES((SELECT max(MID)+1 from IRP_DOCUMENT_MAP ),56,67,sysdate,'1');
INSERT INTO  IRP_DOCUMENT_MAP(MID,DOCID,CHANNELID,CRTIME,TYPE) VALUES((SELECT max(MID)+1 from IRP_DOCUMENT_MAP ),56,75,sysdate,'1');

INSERT INTO  IRP_DOCUMENT_MAP(MID,DOCID,CHANNELID,CRTIME,TYPE) VALUES((SELECT max(MID)+1 from IRP_DOCUMENT_MAP ),57,67,sysdate,'1');
INSERT INTO  IRP_DOCUMENT_MAP(MID,DOCID,CHANNELID,CRTIME,TYPE) VALUES((SELECT max(MID)+1 from IRP_DOCUMENT_MAP ),57,75,sysdate,'1');
INSERT INTO  IRP_DOCUMENT_MAP(MID,DOCID,CHANNELID,CRTIME,TYPE) VALUES((SELECT max(MID)+1 from IRP_DOCUMENT_MAP ),58,67,sysdate,'1');
INSERT INTO  IRP_DOCUMENT_MAP(MID,DOCID,CHANNELID,CRTIME,TYPE) VALUES((SELECT max(MID)+1 from IRP_DOCUMENT_MAP ),58,75,sysdate,'1');
INSERT INTO  IRP_DOCUMENT_MAP(MID,DOCID,CHANNELID,CRTIME,TYPE) VALUES((SELECT max(MID)+1 from IRP_DOCUMENT_MAP ),59,67,sysdate,'1');
INSERT INTO  IRP_DOCUMENT_MAP(MID,DOCID,CHANNELID,CRTIME,TYPE) VALUES((SELECT max(MID)+1 from IRP_DOCUMENT_MAP ),59,75,sysdate,'1');

INSERT INTO  IRP_DOCUMENT_MAP(MID,DOCID,CHANNELID,CRTIME,TYPE) VALUES((SELECT max(MID)+1 from IRP_DOCUMENT_MAP ),60,67,sysdate,'1');
INSERT INTO  IRP_DOCUMENT_MAP(MID,DOCID,CHANNELID,CRTIME,TYPE) VALUES((SELECT max(MID)+1 from IRP_DOCUMENT_MAP ),60,77,sysdate,'1');

--------------------------------------------------------------------------------

INSERT INTO  IRP_DOCUMENT_MAP(MID,DOCID,CHANNELID,CRTIME,TYPE) VALUES((SELECT max(MID)+1 from IRP_DOCUMENT_MAP ),61,68,sysdate,'1');
INSERT INTO  IRP_DOCUMENT_MAP(MID,DOCID,CHANNELID,CRTIME,TYPE) VALUES((SELECT max(MID)+1 from IRP_DOCUMENT_MAP ),61,75,sysdate,'1');
INSERT INTO  IRP_DOCUMENT_MAP(MID,DOCID,CHANNELID,CRTIME,TYPE) VALUES((SELECT max(MID)+1 from IRP_DOCUMENT_MAP ),62,68,sysdate,'1');
INSERT INTO  IRP_DOCUMENT_MAP(MID,DOCID,CHANNELID,CRTIME,TYPE) VALUES((SELECT max(MID)+1 from IRP_DOCUMENT_MAP ),62,75,sysdate,'1');

INSERT INTO  IRP_DOCUMENT_MAP(MID,DOCID,CHANNELID,CRTIME,TYPE) VALUES((SELECT max(MID)+1 from IRP_DOCUMENT_MAP ),63,68,sysdate,'1');
INSERT INTO  IRP_DOCUMENT_MAP(MID,DOCID,CHANNELID,CRTIME,TYPE) VALUES((SELECT max(MID)+1 from IRP_DOCUMENT_MAP ),63,77,sysdate,'1');

--------------------------------------------------------------------------------

INSERT INTO  IRP_DOCUMENT_MAP(MID,DOCID,CHANNELID,CRTIME,TYPE) VALUES((SELECT max(MID)+1 from IRP_DOCUMENT_MAP ),64,69,sysdate,'1');
INSERT INTO  IRP_DOCUMENT_MAP(MID,DOCID,CHANNELID,CRTIME,TYPE) VALUES((SELECT max(MID)+1 from IRP_DOCUMENT_MAP ),64,75,sysdate,'1');

INSERT INTO  IRP_DOCUMENT_MAP(MID,DOCID,CHANNELID,CRTIME,TYPE) VALUES((SELECT max(MID)+1 from IRP_DOCUMENT_MAP ),65,69,sysdate,'1');
INSERT INTO  IRP_DOCUMENT_MAP(MID,DOCID,CHANNELID,CRTIME,TYPE) VALUES((SELECT max(MID)+1 from IRP_DOCUMENT_MAP ),65,76,sysdate,'1');

INSERT INTO  IRP_DOCUMENT_MAP(MID,DOCID,CHANNELID,CRTIME,TYPE) VALUES((SELECT max(MID)+1 from IRP_DOCUMENT_MAP ),66,69,sysdate,'1');
INSERT INTO  IRP_DOCUMENT_MAP(MID,DOCID,CHANNELID,CRTIME,TYPE) VALUES((SELECT max(MID)+1 from IRP_DOCUMENT_MAP ),66,77,sysdate,'1');

--------------------------------------------------------------------------------

INSERT INTO  IRP_DOCUMENT_MAP(MID,DOCID,CHANNELID,CRTIME,TYPE) VALUES((SELECT max(MID)+1 from IRP_DOCUMENT_MAP ),67,70,sysdate,'1');
INSERT INTO  IRP_DOCUMENT_MAP(MID,DOCID,CHANNELID,CRTIME,TYPE) VALUES((SELECT max(MID)+1 from IRP_DOCUMENT_MAP ),67,75,sysdate,'1');

INSERT INTO  IRP_DOCUMENT_MAP(MID,DOCID,CHANNELID,CRTIME,TYPE) VALUES((SELECT max(MID)+1 from IRP_DOCUMENT_MAP ),68,70,sysdate,'1');
INSERT INTO  IRP_DOCUMENT_MAP(MID,DOCID,CHANNELID,CRTIME,TYPE) VALUES((SELECT max(MID)+1 from IRP_DOCUMENT_MAP ),68,76,sysdate,'1');
INSERT INTO  IRP_DOCUMENT_MAP(MID,DOCID,CHANNELID,CRTIME,TYPE) VALUES((SELECT max(MID)+1 from IRP_DOCUMENT_MAP ),69,70,sysdate,'1');
INSERT INTO  IRP_DOCUMENT_MAP(MID,DOCID,CHANNELID,CRTIME,TYPE) VALUES((SELECT max(MID)+1 from IRP_DOCUMENT_MAP ),69,76,sysdate,'1');

INSERT INTO  IRP_DOCUMENT_MAP(MID,DOCID,CHANNELID,CRTIME,TYPE) VALUES((SELECT max(MID)+1 from IRP_DOCUMENT_MAP ),70,70,sysdate,'1');
INSERT INTO  IRP_DOCUMENT_MAP(MID,DOCID,CHANNELID,CRTIME,TYPE) VALUES((SELECT max(MID)+1 from IRP_DOCUMENT_MAP ),70,77,sysdate,'1');


--------------------------------------------------------------------------------

INSERT INTO  IRP_DOCUMENT_MAP(MID,DOCID,CHANNELID,CRTIME,TYPE) VALUES((SELECT max(MID)+1 from IRP_DOCUMENT_MAP ),71,71,sysdate,'1');
INSERT INTO  IRP_DOCUMENT_MAP(MID,DOCID,CHANNELID,CRTIME,TYPE) VALUES((SELECT max(MID)+1 from IRP_DOCUMENT_MAP ),71,75,sysdate,'1');


INSERT INTO  IRP_DOCUMENT_MAP(MID,DOCID,CHANNELID,CRTIME,TYPE) VALUES((SELECT max(MID)+1 from IRP_DOCUMENT_MAP ),72,71,sysdate,'1');
INSERT INTO  IRP_DOCUMENT_MAP(MID,DOCID,CHANNELID,CRTIME,TYPE) VALUES((SELECT max(MID)+1 from IRP_DOCUMENT_MAP ),72,76,sysdate,'1');
INSERT INTO  IRP_DOCUMENT_MAP(MID,DOCID,CHANNELID,CRTIME,TYPE) VALUES((SELECT max(MID)+1 from IRP_DOCUMENT_MAP ),73,71,sysdate,'1');
INSERT INTO  IRP_DOCUMENT_MAP(MID,DOCID,CHANNELID,CRTIME,TYPE) VALUES((SELECT max(MID)+1 from IRP_DOCUMENT_MAP ),73,77,sysdate,'1');

INSERT INTO  IRP_DOCUMENT_MAP(MID,DOCID,CHANNELID,CRTIME,TYPE) VALUES((SELECT max(MID)+1 from IRP_DOCUMENT_MAP ),74,71,sysdate,'1');
INSERT INTO  IRP_DOCUMENT_MAP(MID,DOCID,CHANNELID,CRTIME,TYPE) VALUES((SELECT max(MID)+1 from IRP_DOCUMENT_MAP ),74,77,sysdate,'1');

--------------------------------------------------------------------------------

INSERT INTO  IRP_DOCUMENT_MAP(MID,DOCID,CHANNELID,CRTIME,TYPE) VALUES((SELECT max(MID)+1 from IRP_DOCUMENT_MAP ),75,72,sysdate,'1');
INSERT INTO  IRP_DOCUMENT_MAP(MID,DOCID,CHANNELID,CRTIME,TYPE) VALUES((SELECT max(MID)+1 from IRP_DOCUMENT_MAP ),75,75,sysdate,'1');


INSERT INTO  IRP_DOCUMENT_MAP(MID,DOCID,CHANNELID,CRTIME,TYPE) VALUES((SELECT max(MID)+1 from IRP_DOCUMENT_MAP ),76,72,sysdate,'1');
INSERT INTO  IRP_DOCUMENT_MAP(MID,DOCID,CHANNELID,CRTIME,TYPE) VALUES((SELECT max(MID)+1 from IRP_DOCUMENT_MAP ),76,75,sysdate,'1');

INSERT INTO  IRP_DOCUMENT_MAP(MID,DOCID,CHANNELID,CRTIME,TYPE) VALUES((SELECT max(MID)+1 from IRP_DOCUMENT_MAP ),77,72,sysdate,'1');
INSERT INTO  IRP_DOCUMENT_MAP(MID,DOCID,CHANNELID,CRTIME,TYPE) VALUES((SELECT max(MID)+1 from IRP_DOCUMENT_MAP ),77,75,sysdate,'1');


INSERT INTO  IRP_DOCUMENT_MAP(MID,DOCID,CHANNELID,CRTIME,TYPE) VALUES((SELECT max(MID)+1 from IRP_DOCUMENT_MAP ),78,72,sysdate,'1');
INSERT INTO  IRP_DOCUMENT_MAP(MID,DOCID,CHANNELID,CRTIME,TYPE) VALUES((SELECT max(MID)+1 from IRP_DOCUMENT_MAP ),78,75,sysdate,'1');

INSERT INTO  IRP_DOCUMENT_MAP(MID,DOCID,CHANNELID,CRTIME,TYPE) VALUES((SELECT max(MID)+1 from IRP_DOCUMENT_MAP ),79,72,sysdate,'1');
INSERT INTO  IRP_DOCUMENT_MAP(MID,DOCID,CHANNELID,CRTIME,TYPE) VALUES((SELECT max(MID)+1 from IRP_DOCUMENT_MAP ),79,75,sysdate,'1');



INSERT INTO  IRP_DOCUMENT_MAP(MID,DOCID,CHANNELID,CRTIME,TYPE) VALUES((SELECT max(MID)+1 from IRP_DOCUMENT_MAP ),80,72,sysdate,'1');
INSERT INTO  IRP_DOCUMENT_MAP(MID,DOCID,CHANNELID,CRTIME,TYPE) VALUES((SELECT max(MID)+1 from IRP_DOCUMENT_MAP ),80,77,sysdate,'1');


--------------------------------------------------------------------------------

INSERT INTO  IRP_DOCUMENT_MAP(MID,DOCID,CHANNELID,CRTIME,TYPE) VALUES((SELECT max(MID)+1 from IRP_DOCUMENT_MAP ),81,73,sysdate,'1');
INSERT INTO  IRP_DOCUMENT_MAP(MID,DOCID,CHANNELID,CRTIME,TYPE) VALUES((SELECT max(MID)+1 from IRP_DOCUMENT_MAP ),81,75,sysdate,'1');

INSERT INTO  IRP_DOCUMENT_MAP(MID,DOCID,CHANNELID,CRTIME,TYPE) VALUES((SELECT max(MID)+1 from IRP_DOCUMENT_MAP ),82,73,sysdate,'1');
INSERT INTO  IRP_DOCUMENT_MAP(MID,DOCID,CHANNELID,CRTIME,TYPE) VALUES((SELECT max(MID)+1 from IRP_DOCUMENT_MAP ),82,75,sysdate,'1');


INSERT INTO  IRP_DOCUMENT_MAP(MID,DOCID,CHANNELID,CRTIME,TYPE) VALUES((SELECT max(MID)+1 from IRP_DOCUMENT_MAP ),84,73,sysdate,'1');
INSERT INTO  IRP_DOCUMENT_MAP(MID,DOCID,CHANNELID,CRTIME,TYPE) VALUES((SELECT max(MID)+1 from IRP_DOCUMENT_MAP ),84,78,sysdate,'1');
INSERT INTO  IRP_DOCUMENT_MAP(MID,DOCID,CHANNELID,CRTIME,TYPE) VALUES((SELECT max(MID)+1 from IRP_DOCUMENT_MAP ),83,73,sysdate,'1');
INSERT INTO  IRP_DOCUMENT_MAP(MID,DOCID,CHANNELID,CRTIME,TYPE) VALUES((SELECT max(MID)+1 from IRP_DOCUMENT_MAP ),83,77,sysdate,'1');


INSERT INTO  IRP_DOCUMENT_MAP(MID,DOCID,CHANNELID,CRTIME,TYPE) VALUES((SELECT max(MID)+1 from IRP_DOCUMENT_MAP ),86,73,sysdate,'1');
INSERT INTO  IRP_DOCUMENT_MAP(MID,DOCID,CHANNELID,CRTIME,TYPE) VALUES((SELECT max(MID)+1 from IRP_DOCUMENT_MAP ),86,76,sysdate,'1');

INSERT INTO  IRP_DOCUMENT_MAP(MID,DOCID,CHANNELID,CRTIME,TYPE) VALUES((SELECT max(MID)+1 from IRP_DOCUMENT_MAP ),85,73,sysdate,'1');
INSERT INTO  IRP_DOCUMENT_MAP(MID,DOCID,CHANNELID,CRTIME,TYPE) VALUES((SELECT max(MID)+1 from IRP_DOCUMENT_MAP ),85,76,sysdate,'1');













--百科数据


INSERT INTO  IRP_TERM(TERMID,TERMNAME,TERMSTATUS,CRTIME,CRUSERID,TERMVERSION,QUOTECLASSIFY,TERMISDEL,QLETTER)
VALUES(1,'知识',10,sysdate,1,'1.0',4,10,'Z');
INSERT INTO IRP_TERM (TERMID,TERMSTATUS,TERMEXPLAIN,CRTIME,CRUSERID,TERMQID,TERMVERSION,TERMISDEL,EIDTCAUSE)
VALUES(2,10,
'<p><span style="color:rgb(102, 102, 102); font-family:微软雅黑,黑体; font-size:14px">知识是人类社会生产、生活和实践中产生、积累、总结出来的经验和理论，并用来进一步改造客观世界。</span><br></p>'
,sysdate,1,1,'1.0',10,'创建词条');

INSERT INTO  IRP_TERM(TERMID,TERMNAME,TERMSTATUS,CRTIME,CRUSERID,TERMVERSION,QUOTECLASSIFY,TERMISDEL,QLETTER)
VALUES(3,'隐性知识',10,sysdate,2,'1.0',4,10,'Z');
INSERT INTO IRP_TERM (TERMID,TERMSTATUS,TERMEXPLAIN,CRTIME,CRUSERID,TERMQID,TERMVERSION,TERMISDEL,EIDTCAUSE)
VALUES(4,10,
'<p><span style="color:rgb(102, 102, 102); font-family:微软雅黑,黑体; font-size:14px">隐性知识是迈克尔·波兰尼（Michael Polanyi）在1958年从哲学领域提出的概念。他在对人类知识的哪些方面依赖于信仰的考查中，偶然地发现这样一个事实，即这种信仰的因素是知识的隐性部分所固有的。波兰尼认为：“人类的知识有两种。通常被描述为知识的，即以书面文字、图表和数学公式加以表述的，只是一种类型的知识。而未被表述的知识，像我们在做某事的行动中所拥有的知识，是另一种知识。”他把前者称为显性知识，而将后者称为隐性知识，按照波兰尼的理解，显性知识是能够被人类以一定符码系统（最典型的是语言，也包括数学公式、各类图表、盲文、手势语、旗语等诸种符号形式）加以完整表述的知识。隐性知识和显性知识相对，是指那种我们知道但难以言述的知识。</span><br></p>'
,sysdate,2,3,'1.0',10,'创建词条');

INSERT INTO  IRP_TERM(TERMID,TERMNAME,TERMSTATUS,CRTIME,CRUSERID,TERMVERSION,QUOTECLASSIFY,TERMISDEL,QLETTER)
VALUES(5,'知识库',10,sysdate,3,'1.0',4,10,'Z');
INSERT INTO IRP_TERM (TERMID,TERMSTATUS,TERMEXPLAIN,CRTIME,CRUSERID,TERMQID,TERMVERSION,TERMISDEL,EIDTCAUSE)
VALUES(6,10,
'<p><span style="color:rgb(102, 102, 102); font-family:微软雅黑,黑体; font-size:14px">实现求解问题所需领域知识的集合、分类管理与维护，支持各类知识文档（如规范制度、工作总结、技术论文等）的获取、存储、搜索、学习、版本控制、点评、推荐等，促进企业知识的沉淀、共享、学习、应用和创新。</span><br></p>'
,sysdate,3,5,'1.0',10,'创建词条');

INSERT INTO  IRP_TERM(TERMID,TERMNAME,TERMSTATUS,CRTIME,CRUSERID,TERMVERSION,QUOTECLASSIFY,TERMISDEL,QLETTER)
VALUES(7,'显性知识',10,sysdate,3,'1.0',4,10,'Z');
INSERT INTO IRP_TERM (TERMID,TERMSTATUS,TERMEXPLAIN,CRTIME,CRUSERID,TERMQID,TERMVERSION,TERMISDEL,EIDTCAUSE)
VALUES(8,10,
'<p>显性知识又称明晰知识、外显知识是指“能明确表达的知识”，即：人们可以通过口头传授、教科书、参考资料、期刊杂志、专利文献、视听媒体、软件和数据库等方式获取，以可以通过语言、书籍、文字、数据库等编码方式传播，也容易被人们学习。包括“可以写在书本和杂志上，能说出来的知识”。<br></p>'
,sysdate,3,7,'1.0',10,'创建词条');



INSERT INTO  IRP_TERM(TERMID,TERMNAME,TERMSTATUS,CRTIME,CRUSERID,TERMVERSION,QUOTECLASSIFY,TERMISDEL,QLETTER)
VALUES(9,'知识管理',10,sysdate,3,'1.0',4,10,'Z');
INSERT INTO IRP_TERM (TERMID,TERMSTATUS,TERMEXPLAIN,CRTIME,CRUSERID,TERMQID,TERMVERSION,TERMISDEL,EIDTCAUSE)
VALUES(10,10,
'<p>知识管理是以知识作为组织发展的关键因素，并采用现代信息技术和管理思想，对知识进行有序整合、有效吸收和传播，不断进行创新，并回馈到组织知识系统内，使得知识不断积累和循环，从而成为组织管理与应用的智力资本，最终提高组织核心竞争力的过程。<br></p>'
,sysdate,4,9,'1.0',10,'创建词条');

INSERT INTO IRP_TERMEDIT_LOG (TERMEDITLOGID, TERMEDITUSERID,TERMID, TERMEDITDATE)
VALUES(1,2,1,sysdate);


INSERT INTO IRP_TERMEDIT_LOG (TERMEDITLOGID, TERMEDITUSERID,TERMID, TERMEDITDATE)
VALUES(2,3,3,sysdate);


INSERT INTO IRP_TERMEDIT_LOG (TERMEDITLOGID, TERMEDITUSERID,TERMID, TERMEDITDATE)
VALUES(3,4,5,sysdate);

INSERT INTO IRP_TERMEDIT_LOG (TERMEDITLOGID, TERMEDITUSERID,TERMID, TERMEDITDATE)
VALUES(4,5,7,sysdate);





---问答数据
INSERT INTO IRP_QUESTION(QUESTIONID, TITLE, STATUS,EXPERTANSWERID,ISEXPERTANSWER,BROWSECOUNT,CRUSERID,CRUSER,CRTIME)
VALUES (1,'您的组织是否需要一个知识管理系统？',1,1,1,1,1,'tfsadmin',sysdate);
INSERT INTO  IRP_CATEGORY_FILE_LINK(CATEGORYFILEID ,CID,FID,CRUSERID,CRTIME)
VALUES (1,5,1,1,sysdate);
INSERT INTO IRP_QUESTION(QUESTIONID, HTMLCONTENT,TEXTCONTENT, STATUS,PARENTID,ISBESTANSWER,ISEXPERTANSWER,BROWSECOUNT,CRUSERID,CRUSER,CRTIME)
VALUES (2,'<p>在很多的公司中都存在着很好的“知识管理系统”，当然这种系统是一种非正式的、零散的、不系统的应用，同时这种自发的系统主要是手工操作的系统。例如企业的经理们经常使用网络上的共享硬盘或者是Exchange中的公用文件夹来储存重要的资料，同时经理们主要通过电话或者电子邮件的形式对于企业内人员进行观察，从而发现那些专业技能方面的行家里手。<br>这些非正式的、零散的、不系统的应用可以解决部分企业知识管理中的问题，但是随着组织或企业的成长，特别是地域的扩张，一个自动化的知识管理系统就显示出非常重要的意义，相对与原始的手工知识管理它可以为企业带来更加巨大的利益。它通过更好的组织信息、分享信息、使用信息以及提供搜寻功能，使得企业的员工和各级经理们可以容易的在最合适的时间找到最合适的文档并能找到拥有某种核心能力的最合适职员。<br>知识管理是适应知识经济时代发展的需求而产生的，是管理学科的思想与理念向纵深发展的结果，是随着人们对资源认识的不断深化和企业管理能力的不断提高而发展起来的。知识管理是以知识为中心的管理，旨在通过知识共享，获取和利用知识来提升企业竞争力和反应能力，以迎接经济全球化竞争的挑战。因此，知识管理是企业--ADV_CONTENT--在知识经济时代构造新的管理机制的指导思想和理念，是企业赢取竞争优势的重要手段与工具。<br>企业知识管理的实质就是对知识链进行管理，使企业的知识在运动中不断增值。一个企业要进行有效的知识管理，关键在于建立起一个适合的知识管理体系。<br>知识管理体系总体上分为知识管理理念和知识管理的软硬件两大部分。其中，知识管理理念分为企业制度和企业文化两个方面。企业制度包括确立企业的知识资产和制定员工激励机制，从而加强管理者对知识管理的重视并鼓励员工积极共享和学习知识。企业文化包括企业共享文化、团队文化和学习文化，帮助员工破除传统独占观念，加强协作和学习；知识管理的硬件对应的是知识管理平台，它是一个支撑企业知识收集、加工、存储、传递和利用的平台，通过因特网、内联网、外联网和知识门户等技术工具将知识和应用有机整合。知识管理的软件对应的是知识管理系统，它是一个建立在管理信息系统基础之上的实现知识的获取、存储、共享和应用的综合系统，通过文件管理系统、群件技术、搜索引擎、专家系统和知识库等技术工具，使企业显性知识和隐性知识得到相互转化。<br>国外对知识管理理论的研究日臻成熟，关注的焦点从理念的认识转移到应用研究方面，企业知识管理体系研究已成为国外知识管理研究的发展趋势之一。许多著名的公司已经建立了自己的知识管理体系，利用“知识资源”来获得竞争优势，巩固其行业领袖地位。<br></p>',
'在很多的公司中都存在着很好的“知识管理系统”，当然这种系统是一种非正式的、零散的、不系统的应用，同时这种自发的系统主要是手工操作的系统。例如企业的经理们经常使用网络上的共享硬盘或者是Exchange中的公用文件夹来储存重要的资料，同时经理们主要通过电话或者电子邮件的形式对于企业内人员进行观察，从而发现那些专业技能方面的行家里手。这些非正式的、零散的、不系统的应用可以解决部分企业知识管理中的问题，但是随着组织或企业的成长，特别是地域的扩张，一个自动化的知识管理系统就显示出非常重要的意义，相对与原始的手工知识管理它可以为企业带来更加巨大的利益。它通过更好的组织信息、分享信息、使用信息以及提供搜寻功能，使得企业的员工和各级经理们可以容易的在最合适的时间找到最合适的文档并能找到拥有某种核心能力的最合适职员。知识管理是适应知识经济时代发展的需求而产生的，是管理学科的思想与理念向纵深发展的结果，是随着人们对资源认识的不断深化和企业管理能力的不断提高而发展起来的。知识管理是以知识为中心的管理，旨在通过知识共享，获取和利用知识来提升企业竞争力和反应能力，以迎接经济全球化竞争的挑战。因此，知识管理是企业--ADV_CONTENT--在知识经济时代构造新的管理机制的指导思想和理念，是企业赢取竞争优势的重要手段与工具。企业知识管理的实质就是对知识链进行管理，使企业的知识在运动中不断增值。一个企业要进行有效的知识管理，关键在于建立起一个适合的知识管理体系。知识管理体系总体上分为知识管理理念和知识管理的软硬件两大部分。其中，知识管理理念分为企业制度和企业文化两个方面。企业制度包括确立企业的知识资产和制定员工激励机制，从而加强管理者对知识管理的重视并鼓励员工积极共享和学习知识。企业文化包括企业共享文化、团队文化和学习文化，帮助员工破除传统独占观念，加强协作和学习；知识管理的硬件对应的是知识管理平台，它是一个支撑企业知识收集、加工、存储、传递和利用的平台，通过因特网、内联网、外联网和知识门户等技术工具将知识和应用有机整合。知识管理的软件对应的是知识管理系统，它是一个建立在管理信息系统基础之上的实现知识的获取、存储、共享和应用的综合系统，通过文件管理系统、群件技术、搜索引擎、专家系统和知识库等技术工具，使企业显性知识和隐性知识得到相互转化。国外对知识管理理论的研究日臻成熟，关注的焦点从理念的认识转移到应用研究方面，企业知识管理体系研究已成为国外知识管理研究的发展趋势之一。许多著名的公司已经建立了自己的知识管理体系，利用“知识资源”来获得竞争优势，巩固其行业领袖地位。',
1,1,0,0,0,1,'tfsadmin',sysdate);


INSERT INTO IRP_QUESTION(QUESTIONID, TITLE, STATUS,EXPERTANSWERID,ISEXPERTANSWER,BROWSECOUNT,CRUSERID,CRUSER,CRTIME)
VALUES (3,'成功的知识管理实施的关键是什么？',1,1,1,1,1,'tfsadmin',sysdate);
INSERT INTO  IRP_CATEGORY_FILE_LINK(CATEGORYFILEID ,CID,FID,CRUSERID,CRTIME)
VALUES (2,5,3,1,sysdate);
INSERT INTO IRP_QUESTION(QUESTIONID, HTMLCONTENT,TEXTCONTENT, STATUS,PARENTID,ISBESTANSWER,ISEXPERTANSWER,BROWSECOUNT,CRUSERID,CRUSER,CRTIME)
VALUES (4,'<p>与任何大型信息系统实施一样，高层的支持对于知识管理系统实施的成败是十分关键的。由于大部分企业或者组织中都没有专门的部门负责知识管理，在实施过程中，高层管理人员必须既要支持系统的实施，又要支持一个新的部门的成立——一个负责全组织内知识管理的部门。高层的支持必须是竭尽全力的，这种支持来自与高层对于知识管理的正确认识和对知识管理对企业价值的认知。<br>信息的手工输入是知识管理系统中对信息进行分类和组织的关键问题。许多管理人员期望计算机可以自动产生一个令系统用户满意的分类（信息组织方案）。这是一个错误的设想，对新信息的分类和对关键词的组织都是决定系统成败的任务。在这个过程中，技术可以发挥部分作用，但主要的依靠力量还是组织内的员工。<br>实现成功的知识管理体系的5项关键是：<br>①制定企业知识管理战略，建立知识创新激励机制，塑造知识共享的企业文化氛围；<br>②设置知识主管专门负责企业知识管理工作，开发知识创新能力；<br>③与企业的业务流程相结合，调整企业知识结构；<br>④建立企业知识管理系统，管理知识生产、交换、整合和内化；<br>⑤对知识管理体系制定评价方法和原则，以期改进。<br></p>',
'与任何大型信息系统实施一样，高层的支持对于知识管理系统实施的成败是十分关键的。由于大部分企业或者组织中都没有专门的部门负责知识管理，在实施过程中，高层管理人员必须既要支持系统的实施，又要支持一个新的部门的成立——一个负责全组织内知识管理的部门。高层的支持必须是竭尽全力的，这种支持来自与高层对于知识管理的正确认识和对知识管理对企业价值的认知。信息的手工输入是知识管理系统中对信息进行分类和组织的关键问题。许多管理人员期望计算机可以自动产生一个令系统用户满意的分类（信息组织方案）。这是一个错误的设想，对新信息的分类和对关键词的组织都是决定系统成败的任务。在这个过程中，技术可以发挥部分作用，但主要的依靠力量还是组织内的员工。实现成功的知识管理体系的5项关键是：①制定企业知识管理战略，建立知识创新激励机制，塑造知识共享的企业文化氛围；②设置知识主管专门负责企业知识管理工作，开发知识创新能力；③与企业的业务流程相结合，调整企业知识结构；④建立企业知识管理系统，管理知识生产、交换、整合和内化；⑤对知识管理体系制定评价方法和原则，以期改进。',
1,3,0,0,0,1,'tfsadmin',sysdate);


INSERT INTO IRP_QUESTION(QUESTIONID, TITLE, STATUS,EXPERTANSWERID,ISEXPERTANSWER,BROWSECOUNT,CRUSERID,CRUSER,CRTIME)
VALUES (5,'知识管理的建设目标有哪些？',1,1,1,1,2,'cko',sysdate);
INSERT INTO  IRP_CATEGORY_FILE_LINK(CATEGORYFILEID ,CID,FID,CRUSERID,CRTIME)
VALUES (3,5,5,2,sysdate);
INSERT INTO IRP_QUESTION(QUESTIONID, HTMLCONTENT,TEXTCONTENT, STATUS,PARENTID,ISBESTANSWER,ISEXPERTANSWER,BROWSECOUNT,CRUSERID,CRUSER,CRTIME)
VALUES (6,'<p>第一、知识管理系统的构建必须要求速度快、查询准，进而在最大程度上缩短工作人员的查询时间，并且有效实现知识共享。构建起客服部门同业务部门的沟通渠道，及时将相关业务知识作出注解后纳入知识库中，以增加知识存储，实现知识沉淀。<br>第二、不同部门中的工作人员可以通过知识管理系统，将日常工作中遇到的各种典型问题、好的解决问题的方法、最新的业务知识积累到知识库中，当有类似的问题出现时，工作人员可以直接在知识库中进行查找，进而以最快速度解决问题，同时保证解决问题的质量。<br>第三、围绕各自的业务、管理、文化等诸多领域进行知识库的建设，以知识库作为建设的核心内容，运用当前先进的技术手段，促进管理制度的完善，存进学习型文化的导入并实施，加强知识分享在企业中的完善和发展，最终使得企业竞争力得以提高。<br>第四、在企业内部，人员岗位发生变动是不可避免的。知识管理系统这时的工作就是要将岗位经验进行沉淀和积累，使原工作人员的经验得以妥善保存，以使得新上岗的工作人员可以尽快熟悉和掌握相关技能，很好的适应工作岗位。<br></p>',
'
			
				第一、知识管理系统的构建必须要求速度快、查询准，进而在最大程度上缩短工作人员的查询时间，并且有效实现知识共享。构建起客服部门同业务部门的沟通渠道，及时将相关业务知识作出注解后纳入知识库中，以增加知识存储，实现知识沉淀。第二、不同部门中的工作人员可以通过知识管理系统，将日常工作中遇到的各种典型问题、好的解决问题的方法、最新的业务知识积累到知识库中，当有类似的问题出现时，工作人员可以直接在知识库中进行查找，进而以最快速度解决问题，同时保证解决问题的质量。第三、围绕各自的业务、管理、文化等诸多领域进行知识库的建设，以知识库作为建设的核心内容，运用当前先进的技术手段，促进管理制度的完善，存进学习型文化的导入并实施，加强知识分享在企业中的完善和发展，最终使得企业竞争力得以提高。第四、在企业内部，人员岗位发生变动是不可避免的。知识管理系统这时的工作就是要将岗位经验进行沉淀和积累，使原工作人员的经验得以妥善保存，以使得新上岗的工作人员可以尽快熟悉和掌握相关技能，很好的适应工作岗位。
		',
1,5,0,0,0,2,'cko',sysdate);
INSERT INTO IRP_QUESTION(QUESTIONID, TITLE, STATUS,EXPERTANSWERID,ISEXPERTANSWER,BROWSECOUNT,CRUSERID,CRUSER,CRTIME)
VALUES (7,'IRP智力资源管理系统的设计理念是什么？',1,1,3,1,3,'运营专家',sysdate);
INSERT INTO  IRP_CATEGORY_FILE_LINK(CATEGORYFILEID ,CID,FID,CRUSERID,CRTIME)
VALUES (4,5,7,3,sysdate);
INSERT INTO IRP_QUESTION(QUESTIONID, HTMLCONTENT,TEXTCONTENT, STATUS,PARENTID,ISBESTANSWER,ISEXPERTANSWER,BROWSECOUNT,CRUSERID,CRUSER,CRTIME)
VALUES (8,'<p>睿思鸣认为知识管理就像一个有规则的容器，不管组织中的人是否理解知识管理理念，有容器的存在，按照规则，把知识流导入容器，不断注入和积累，久而久之，不但可以积累大量知识，知识管理理念页内化到组织的文化和战略中去。</p><p>IRP智力资源管理系统是以百科 / 词条营造统一语境，构建知识管理骨架；以知识库收集、积累、沉淀显性知识，形成知识集市；以问答推动隐/显转换，将员工经验 、教训显性化、系统化；以专家盘活隐性资源 使专家经验得以发现和继承；以圈子聚焦关注，破解“知识共享”和“知识保护”冲突难题；以社会化传播手段推进应用深入，实现学习型、应用型组织。<br></p>',
'睿思鸣认为知识管理就像一个有规则的容器，不管组织中的人是否理解知识管理理念，有容器的存在，按照规则，把知识流导入容器，不断注入和积累，久而久之，不但可以积累大量知识，知识管理理念页内化到组织的文化和战略中去。IRP智力资源管理系统是以百科 / 词条营造统一语境，构建知识管理骨架；以知识库收集、积累、沉淀显性知识，形成知识集市；以问答推动隐/显转换，将员工经验 、教训显性化、系统化；以专家盘活隐性资源 使专家经验得以发现和继承；以圈子聚焦关注，破解“知识共享”和“知识保护”冲突难题；以社会化传播手段推进应用深入，实现学习型、应用型组织。			
',
1,7,0,0,0,3,'运营专家',sysdate);

INSERT INTO IRP_QUESTION(QUESTIONID, TITLE, STATUS,EXPERTANSWERID,ISEXPERTANSWER,BROWSECOUNT,CRUSERID,CRUSER,CRTIME)
VALUES (9,'IRP智力资源管理系统中的“知识库”有什么作用？',1,1,3,1,3,'运营专家',sysdate);
INSERT INTO  IRP_CATEGORY_FILE_LINK(CATEGORYFILEID ,CID,FID,CRUSERID,CRTIME)
VALUES (5,5,9,3,sysdate);
INSERT INTO IRP_QUESTION(QUESTIONID, HTMLCONTENT,TEXTCONTENT, STATUS,PARENTID,ISBESTANSWER,ISEXPERTANSWER,BROWSECOUNT,CRUSERID,CRUSER,CRTIME)
VALUES (10,'
<p>实现求解问题所需领域知识的集合、分类管理与维护，支持各类知识文档（如规范制度、工作总结、技术论文等）的获取、存储、搜索、学习、版本控制、点评、推荐等，促进企业知识的沉淀、共享、学习、应用和创新。？<br></p><p>睿思鸣认为知识管理就像一个有规则的容器，不管组织中的人是否理解知识管理理念，有容器的存在，按照规则，把知识流导入容器，不断注入和积累，久而久之，不但可以积累大量知识，知识管理理念页内化到组织的文化和战略中去。</p><p>IRP智力资源管理系统是以百科 / 词条营造统一语境，构建知识管理骨架；以知识库收集、积累、沉淀显性知识，形成知识集市；以问答推动隐/显转换，将员工经验 、教训显性化、系统化；以专家盘活隐性资源 使专家经验得以发现和继承；以圈子聚焦关注，破解“知识共享”和“知识保护”冲突难题；以社会化传播手段推进应用深入，实现学习型、应用型组织。<br></p>
',
'实现求解问题所需领域知识的集合、分类管理与维护，支持各类知识文档（如规范制度、工作总结、技术论文等）的获取、存储、搜索、学习、版本控制、点评、推荐等，促进企业知识的沉淀、共享、学习、应用和创新。？',
1,9,0,0,0,3,'运营专家',sysdate);
INSERT INTO IRP_QUESTION(QUESTIONID, TITLE, STATUS,EXPERTANSWERID,ISEXPERTANSWER,BROWSECOUNT,CRUSERID,CRUSER,CRTIME)
VALUES (11,'知识管理系统的软件有哪几种？知识管理系统的厂商分为几类？睿思鸣的IRP属于哪一种类型？',1,1,3,1,3,'运营专家',sysdate);
INSERT INTO  IRP_CATEGORY_FILE_LINK(CATEGORYFILEID ,CID,FID,CRUSERID,CRTIME)
VALUES (6,5,11,3,sysdate);
INSERT INTO IRP_QUESTION(QUESTIONID, HTMLCONTENT,TEXTCONTENT, STATUS,PARENTID,ISBESTANSWER,ISEXPERTANSWER,BROWSECOUNT,CRUSERID,CRUSER,CRTIME)
VALUES (12,'
<p>目前的知识管理系统分为文档型、搜索型、咨询型、协同办公型、综合应用型五大类：</p><p><strong>1、文档型</strong></p><p><em>核心观点：</em>客户需要管理的知识绝大部分是文档，把文档管理起来基本上就可以把企业的知识管理任务完成；</p><p><em>适合企业：</em>以数据为导向，适合知识类型较为单一，以文档形式为主的企业。</p><p><strong>2、搜索型</strong></p><p><em>核心观点：</em>&nbsp;强调通过搜索引擎对知识数据进行智能分类、查找和分析，定位到所需的知识；</p><p><em>适合企业：</em>以搜索为导向，适合原始数据较多，难以分类处理，对信息获取准确性不是特别高的企业。</p><p><strong>3、咨询型</strong></p><p><em>核心观点：</em>知识管理需要进行深入的理念咨询，通过管理咨询，为客户量身定做知识管理的战略，让知识管理的理念融入企业的每个环节，IT系统只是一个辅助；</p><p><em>适合企业：</em>以咨询为导向，适合知识管理上升到企业战略高度、希望有外脑指导实施的大型企业。</p><p><strong>4、协同办公型</strong></p><p><em>核心观点：</em>把OA、PM甚至CRM、EHR等系统杂糅起来，形成一个协同办公平台；</p><p><em>适合企业：</em>以办公为导向，适合希望集中打包实施一系列办公软件，知识管理是其中一个模块。</p><p><strong>5、综合应用型</strong></p><p><em>核心观点：</em>&nbsp;知识管理的目标是打造多方共赢的生态圈，让知识管理系统成为员工能力展示、职务晋升、职业规划和智力提升的平台，通过培养用户使用习惯，聚焦核心业务流程，众包协作，打造属于用户的服务体系；</p><p><em>适合企业：</em>以IT应用为导向，适合重点实施知识管理项目，注重系统功能、性能和体验，希望通过系统规范和推动企业的知识管理工作的企业。</p><p>睿思鸣的IRP智力资源管理系统功能齐全，注重用户的使用体验，属于综合应用型的厂商。<br></p>',
'目前的知识管理系统分为文档型、搜索型、咨询型、协同办公型、综合应用型五大类：1、文档型核心观点：客户需要管理的知识绝大部分是文档，把文档管理起来基本上就可以把企业的知识管理任务完成；适合企业：以数据为导向，适合知识类型较为单一，以文档形式为主的企业。2、搜索型核心观点： 强调通过搜索引擎对知识数据进行智能分类、查找和分析，定位到所需的知识；适合企业：以搜索为导向，适合原始数据较多，难以分类处理，对信息获取准确性不是特别高的企业。3、咨询型核心观点：知识管理需要进行深入的理念咨询，通过管理咨询，为客户量身定做知识管理的战略，让知识管理的理念融入企业的每个环节，IT系统只是一个辅助；适合企业：以咨询为导向，适合知识管理上升到企业战略高度、希望有外脑指导实施的大型企业。4、协同办公型核心观点：把OA、PM甚至CRM、EHR等系统杂糅起来，形成一个协同办公平台；适合企业：以办公为导向，适合希望集中打包实施一系列办公软件，知识管理是其中一个模块。5、综合应用型核心观点： 知识管理的目标是打造多方共赢的生态圈，让知识管理系统成为员工能力展示、职务晋升、职业规划和智力提升的平台，通过培养用户使用习惯，聚焦核心业务流程，众包协作，打造属于用户的服务体系；适合企业：以IT应用为导向，适合重点实施知识管理项目，注重系统功能、性能和体验，希望通过系统规范和推动企业的知识管理工作的企业。睿思鸣的IRP智力资源管理系统功能齐全，注重用户的使用体验，属于综合应用型的厂商。',
1,11,0,0,0,3,'运营专家',sysdate);



--论坛数据

INSERT INTO IRP_FORUM (FORUMID,FORUMCONTENT,FORUMCRUSERID,FORUMCRTIME,FORUMSTATUS,FORUMVIEWCOUNT,FORUMTITLE,FORUMCATEGORYID)
VALUES(1,'<p style="text-align:start">目前的知识管理系统分为文档型、搜索型、咨询型、协同办公型、综合应用型五大类：</p><p style="text-align:start">1、文档型</p><p style="text-align:start">核心观点：客户需要管理的知识绝大部分是文档，把文档管理起来基本上就可以把企业的知识管理任务完成；</p><p style="text-align:start">适合企业：以数据为导向，适合知识类型较为单一，以文档形式为主的企业。</p><p style="text-align:start">2、搜索型</p><p style="text-align:start">核心观点： 强调通过搜索引擎对知识数据进行智能分类、查找和分析，定位到所需的知识；</p><p style="text-align:start">适合企业：以搜索为导向，适合原始数据较多，难以分类处理，对信息获取准确性不是特别高的企业。</p><p style="text-align:start">3、咨询型</p><p style="text-align:start">核心观点：知识管理需要进行深入的理念咨询，通过管理咨询，为客户量身定做知识管理的战略，让知识管理的理念融入企业的每个环节，IT系统只是一个辅助；</p><p style="text-align:start">适合企业：以咨询为导向，适合知识管理上升到企业战略高度、希望有外脑指导实施的大型企业。</p><p style="text-align:start">4、协同办公型</p><p style="text-align:start">核心观点：把OA、PM甚至CRM、EHR等系统杂糅起来，形成一个协同办公平台；</p><p style="text-align:start">适合企业：以办公为导向，适合希望集中打包实施一系列办公软件，知识管理是其中一个模块。</p><p style="text-align:start">5、综合应用型</p><p style="text-align:start">核心观点： 知识管理的目标是打造多方共赢的生态圈，让知识管理系统成为员工能力展示、职务晋升、职业规划和智力提升的平台，通过培养用户使用习惯，聚焦核心业务流程，众包协作，打造属于用户的服务体系；</p><p style="text-align:start">适合企业：以IT应用为导向，适合重点实施知识管理项目，注重系统功能、性能和体验，希望通过系统规范和推动企业的知识管理工作的企业。</p><p style="text-align:start">睿思鸣的IRP智力资源管理系统功能齐全，注重用户的使用体验，属于综合应用型的厂商。<br></p>',
2,sysdate,1,0,'知识管理系统的软件有哪几种？',7);

INSERT INTO IRP_FORUM (FORUMID,FORUMCONTENT,FORUMCRUSERID,FORUMCRTIME,FORUMSTATUS,FORUMVIEWCOUNT,FORUMTITLE,FORUMCATEGORYID)
VALUES(2,'
<p style="text-align:start">睿思鸣认为知识管理就像一个有规则的容器，不管组织中的人是否理解知识管理理念，有容器的存在，按照规则，把知识流导入容器，不断注入和积累，久而久之，不但可以积累大量知识，知识管理理念页内化到组织的文化和战略中去。</p><p style="text-align:start">IRP智力资源管理系统是以百科 / 词条营造统一语境，构建知识管理骨架；以知识库收集、积累、沉淀显性知识，形成知识集市；以问答推动隐/显转换，将员工经验 、教训显性化、系统化；以专家盘活隐性资源 使专家经验得以发现和继承；以圈子聚焦关注，破解“知识共享”和“知识保护”冲突难题；以社会化传播手段推进应用深入，实现学习型、应用型组织。<br></p>
',
3,sysdate,1,0,'IRP智力资源管理系统的设计理念是什么？',7);

INSERT INTO IRP_FORUM (FORUMID,FORUMCONTENT,FORUMCRUSERID,FORUMCRTIME,FORUMSTATUS,FORUMVIEWCOUNT,FORUMTITLE,FORUMCATEGORYID)
VALUES(3,'
<p><span style="background-color:rgb(255, 255, 255); color:rgb(71, 71, 71); font-family:微软雅黑,黑体; font-size:14px">知识库实现了求解问题所需领域知识的集合、分类管理与维护，支持各类知识文档（如规范制度、工作总结、技术论文等）的获取、存储、搜索、学习、版本控制、点评、推荐等，促进企业知识的沉淀、共享、学习、应用和创新；</span><br></p>',
4,sysdate,1,0,'知识库是做什么的？',7);


INSERT INTO IRP_FORUM (FORUMID,FORUMCONTENT,FORUMCRUSERID,FORUMCRTIME,FORUMSTATUS,FORUMVIEWCOUNT,FORUMTITLE,FORUMCATEGORYID)
VALUES(4,'
<p><span style="background-color:rgb(255, 255, 255); color:rgb(71, 71, 71); font-family:微软雅黑,黑体; font-size:14px">微知识以基于用户互相关注的方式设计，推动知识的社会化传播。由个人管理，用户可以不定期地发布日常的碎片知识，在工作、生活中所看到的，听到的，想到的，都可以浓缩成一句话进行记录整理。有效的促进个人知识在组织内的流转。</span><br></p>',
5,sysdate,1,0,'微知识是做什么的？',7);














--微知识数据

INSERT INTO IRP_MICROBLOG (MICROBLOGID,USERID,MICROBLOGCONTENT,CRTIME,FROMDATA)
VALUES (1,2,'隐形知识的共享途径：创建学习型设计开发组织，构建组织内部的信任机制，组织隐性知识的编码化，加强隐性知识学习和分享，建立限制知识垄断的机制，通过利益驱动，创建以人为本的组织文化。',sysdate,'网页');
 
INSERT INTO IRP_MICROBLOG (MICROBLOGID,USERID,MICROBLOGCONTENT,CRTIME,FROMDATA)
VALUES ((SELECT Max(MICROBLOGID)+1 from IRP_MICROBLOG),2,'#知识管理#是文档、电子表格、图形和影象扫描文档的存储、分类和检索。分隐性知识和显性知识，利用信息技术，实现知识的生产、分享、应用及创新，在企业个人、组织运营、客户价值及经济绩效等方面形成知识优势产生价值的过程。',sysdate,'网页');
 
INSERT INTO IRP_MICROBLOG (MICROBLOGID,USERID,MICROBLOGCONTENT,CRTIME,FROMDATA)
VALUES ((SELECT Max(MICROBLOGID)+1 from IRP_MICROBLOG),2,'#知识管理#隐形知识的共享途径：创建学习型设计开发组织，构建组织内部的信任机制，组织隐性知识的编码化，加强隐性知识学习和分享，建立限制知识垄断的机制，通过利益驱动，创建以人为本的组织文化。',sysdate,'网页');

INSERT INTO IRP_MICROBLOG (MICROBLOGID,USERID,MICROBLOGCONTENT,CRTIME,FROMDATA)
VALUES ((SELECT Max(MICROBLOGID)+1 from IRP_MICROBLOG),2,'微知识以基于用户互相关注的方式设计，推动知识的社会化传播，让用户将日常的碎片知识进行整理，在工作、生活中所看到的，听到的，想到的，都可以浓缩成一句话进行记录，有效的促进个人知识在组织内的流转。',sysdate,'网页');




INSERT INTO IRP_MEDAL (MEDALID, MEDALNAME,MINWORTH, MAXWORTH,MEDALSTATE,CRTIME,MEDALNUM,MEDALIMAGE,MEDALDESC,CATEGORYNAME,CATEGORYID)
VALUES(1,'特殊贡献奖',100,200,0,sysdate,20,
71,'<p style="text-align: center;"><img src="/irp/file/readfile.action?fileName=AP201711027357722.png" style="width:20" /></p>
','知识勋章','9');

INSERT INTO IRP_ATTACHED(ATTACHEDID,ATTDOCID,ATTFILE,TYPEID,ATTDESC,ATTLINKALT,ATTSERN,ATTPROP,ATTFLAG, ATTTIME,CRUSER,CRUSERID,CRTIME, FILEEXT,EDITVERSIONS,ATTDOCIDTYPE)
VALUES(71,1,'AP201711027357722.png',2,'特殊贡献奖 .png','特殊贡献奖 .png',1,0,1,sysdate,'tfsadmin',1,sysdate,'png',1,700);


INSERT INTO IRP_MEDAL (MEDALID, MEDALNAME,MINWORTH, MAXWORTH,MEDALSTATE,CRTIME,MEDALNUM,MEDALIMAGE,MEDALDESC,CATEGORYNAME,CATEGORYID)
VALUES(2,'最佳新人',100,200,0,sysdate,20,
72,'<p style="text-align: center;"><img src="/irp/file/readfile.action?fileName=AP201711028060476.png" style="width:20" /></p>
','知识勋章','9');

INSERT INTO IRP_ATTACHED(ATTACHEDID,ATTDOCID,ATTFILE,TYPEID,ATTDESC,ATTLINKALT,ATTSERN,ATTPROP,ATTFLAG, ATTTIME,CRUSER,CRUSERID,CRTIME, FILEEXT,EDITVERSIONS,ATTDOCIDTYPE)
VALUES(72,2,'AP201711028060476.png',2,'最佳新人 .png','最佳新人 .png',1,0,1,sysdate,'tfsadmin',1,sysdate,'png',1,700);

INSERT INTO IRP_MEDAL (MEDALID, MEDALNAME,MINWORTH, MAXWORTH,MEDALSTATE,CRTIME,MEDALNUM,MEDALIMAGE,MEDALDESC,CATEGORYNAME,CATEGORYID)
VALUES(3,'漂亮美眉',100,200,0,sysdate,20,
73,'<p style="text-align: center;"><img src="/irp/file/readfile.action?fileName=AP20171102837384.png" style="width:20" /></p>
','知识勋章','9');

INSERT INTO IRP_ATTACHED(ATTACHEDID,ATTDOCID,ATTFILE,TYPEID,ATTDESC,ATTLINKALT,ATTSERN,ATTPROP,ATTFLAG, ATTTIME,CRUSER,CRUSERID,CRTIME, FILEEXT,EDITVERSIONS,ATTDOCIDTYPE)
VALUES(73,3,'AP20171102837384.png',2,'漂亮美眉 .png','漂亮美眉 .png',1,0,1,sysdate,'tfsadmin',1,sysdate,'png',1,700);

INSERT INTO IRP_MEDAL (MEDALID, MEDALNAME,MINWORTH, MAXWORTH,MEDALSTATE,CRTIME,MEDALNUM,MEDALIMAGE,MEDALDESC,CATEGORYNAME,CATEGORYID)
VALUES(4,'酷帅哥哥',100,200,0,sysdate,20,
74,'<p style="text-align: center;"><img src="/irp/file/readfile.action?fileName=AP201711027785345.png" style="width:20" /></p>
','知识勋章','9');

INSERT INTO IRP_ATTACHED(ATTACHEDID,ATTDOCID,ATTFILE,TYPEID,ATTDESC,ATTLINKALT,ATTSERN,ATTPROP,ATTFLAG, ATTTIME,CRUSER,CRUSERID,CRTIME, FILEEXT,EDITVERSIONS,ATTDOCIDTYPE)
VALUES(74,4,'AP201711027785345.png',2,'酷帅哥哥 .png','酷帅哥哥 .png',1,0,1,sysdate,'tfsadmin',1,sysdate,'png',1,700);

INSERT INTO IRP_MEDAL (MEDALID, MEDALNAME,MINWORTH, MAXWORTH,MEDALSTATE,CRTIME,MEDALNUM,MEDALIMAGE,MEDALDESC,CATEGORYNAME,CATEGORYID)
VALUES(5,'雷人勋章',100,200,0,sysdate,20,
75,'<p style="text-align: center;"><img src="/irp/file/readfile.action?fileName=AP20171102485730.png" style="width:20" /></p>
','知识勋章','9');

INSERT INTO IRP_ATTACHED(ATTACHEDID,ATTDOCID,ATTFILE,TYPEID,ATTDESC,ATTLINKALT,ATTSERN,ATTPROP,ATTFLAG, ATTTIME,CRUSER,CRUSERID,CRTIME, FILEEXT,EDITVERSIONS,ATTDOCIDTYPE)
VALUES(75,5,'AP20171102485730.png',2,'雷人勋章 .png','雷人勋章 .png',1,0,1,sysdate,'tfsadmin',1,sysdate,'png',1,700);





INSERT INTO IRP_MEDAL (MEDALID, MEDALNAME,MINWORTH, MAXWORTH,MEDALSTATE,CRTIME,MEDALNUM,MEDALIMAGE,MEDALDESC,CATEGORYNAME,CATEGORYID)
VALUES(6,'原创先锋',100,200,0,sysdate,20,
76,'<p style="text-align: center;"><img src="/irp/file/readfile.action?fileName=AP201711022879612.png" style="width:20" /></p>
','知识勋章','9');

INSERT INTO IRP_ATTACHED(ATTACHEDID,ATTDOCID,ATTFILE,TYPEID,ATTDESC,ATTLINKALT,ATTSERN,ATTPROP,ATTFLAG, ATTTIME,CRUSER,CRUSERID,CRTIME, FILEEXT,EDITVERSIONS,ATTDOCIDTYPE)
VALUES(76,6,'AP201711022879612.png',2,'原创先锋 .png','原创先锋 .png',1,0,1,sysdate,'tfsadmin',1,sysdate,'png',1,700);


INSERT INTO IRP_MEDAL (MEDALID, MEDALNAME,MINWORTH, MAXWORTH,MEDALSTATE,CRTIME,MEDALNUM,MEDALIMAGE,MEDALDESC,CATEGORYNAME,CATEGORYID)
VALUES(7,'社区富豪',100,200,0,sysdate,20,
77,'<p style="text-align: center;"><img src="/irp/file/readfile.action?fileName=AP201711024439064.png" style="width:20" /></p>
','知识勋章','9');

INSERT INTO IRP_ATTACHED(ATTACHEDID,ATTDOCID,ATTFILE,TYPEID,ATTDESC,ATTLINKALT,ATTSERN,ATTPROP,ATTFLAG, ATTTIME,CRUSER,CRUSERID,CRTIME, FILEEXT,EDITVERSIONS,ATTDOCIDTYPE)
VALUES(77,7,'AP201711024439064.png',2,'社区富豪 .png','社区富豪 .png',1,0,1,sysdate,'tfsadmin',1,sysdate,'png',1,700);



INSERT INTO IRP_MEDAL (MEDALID, MEDALNAME,MINWORTH, MAXWORTH,MEDALSTATE,CRTIME,MEDALNUM,MEDALIMAGE,MEDALDESC,CATEGORYNAME,CATEGORYID)
VALUES(8,'互动达人',100,200,0,sysdate,20,
78,'<p style="text-align: center;"><img src="/irp/file/readfile.action?fileName=AP20171102212723.png" style="width:20" /></p>
','知识勋章','9');

INSERT INTO IRP_ATTACHED(ATTACHEDID,ATTDOCID,ATTFILE,TYPEID,ATTDESC,ATTLINKALT,ATTSERN,ATTPROP,ATTFLAG, ATTTIME,CRUSER,CRUSERID,CRTIME, FILEEXT,EDITVERSIONS,ATTDOCIDTYPE)
VALUES(78,8,'AP20171102212723.png',2,'互动达人 .png','互动达人 .png',1,0,1,sysdate,'tfsadmin',1,sysdate,'png',1,700);


INSERT INTO IRP_MEDAL (MEDALID, MEDALNAME,MINWORTH, MAXWORTH,MEDALSTATE,CRTIME,MEDALNUM,MEDALIMAGE,MEDALDESC,CATEGORYNAME,CATEGORYID)
VALUES(9,'考勤达人',100,200,0,sysdate,20,
79,'<p style="text-align: center;"><img src="/irp/file/readfile.action?fileName=AP201711022303555.png" style="width:20" /></p>
','知识勋章','9');

INSERT INTO IRP_ATTACHED(ATTACHEDID,ATTDOCID,ATTFILE,TYPEID,ATTDESC,ATTLINKALT,ATTSERN,ATTPROP,ATTFLAG, ATTTIME,CRUSER,CRUSERID,CRTIME, FILEEXT,EDITVERSIONS,ATTDOCIDTYPE)
VALUES(79,9,'AP201711022303555.png',2,'考勤达人 .png','考勤达人 .png',1,0,1,sysdate,'tfsadmin',1,sysdate,'png',1,700);


INSERT INTO IRP_MEDAL (MEDALID, MEDALNAME,MINWORTH, MAXWORTH,MEDALSTATE,CRTIME,MEDALNUM,MEDALIMAGE,MEDALDESC,CATEGORYNAME,CATEGORYID)
VALUES(10,'我是专家',100,200,0,sysdate,20,
80,'<p style="text-align: center;"><img src="/irp/file/readfile.action?fileName=AP201711023821846.png" style="width:20" /></p>
','专家勋章','10');

INSERT INTO IRP_ATTACHED(ATTACHEDID,ATTDOCID,ATTFILE,TYPEID,ATTDESC,ATTLINKALT,ATTSERN,ATTPROP,ATTFLAG, ATTTIME,CRUSER,CRUSERID,CRTIME, FILEEXT,EDITVERSIONS,ATTDOCIDTYPE)
VALUES(80,10,'AP201711023821846.png',2,'我是专家 .png','我是专家 .png',1,0,1,sysdate,'tfsadmin',1,sysdate,'png',1,700);

INSERT INTO IRP_MEDAL (MEDALID, MEDALNAME,MINWORTH, MAXWORTH,MEDALSTATE,CRTIME,MEDALNUM,MEDALIMAGE,MEDALDESC,CATEGORYNAME,CATEGORYID)
VALUES(11,'一级官方',100,200,0,sysdate,20,
81,'<p style="text-align: center;"><img src="/irp/file/readfile.action?fileName=AP201711023585544.png" style="width:20" /></p>
','官方勋章','11');

INSERT INTO IRP_ATTACHED(ATTACHEDID,ATTDOCID,ATTFILE,TYPEID,ATTDESC,ATTLINKALT,ATTSERN,ATTPROP,ATTFLAG, ATTTIME,CRUSER,CRUSERID,CRTIME, FILEEXT,EDITVERSIONS,ATTDOCIDTYPE)
VALUES(81,11,'AP201711023585544.png',2,'一级官方 .png','一级官方 .png',1,0,1,sysdate,'tfsadmin',1,sysdate,'png',1,700);


INSERT INTO IRP_MEDAL (MEDALID, MEDALNAME,MINWORTH, MAXWORTH,MEDALSTATE,CRTIME,MEDALNUM,MEDALIMAGE,MEDALDESC,CATEGORYNAME,CATEGORYID)
VALUES(12,'二级官方',100,200,0,sysdate,20,
82,'<p style="text-align: center;"><img src="/irp/file/readfile.action?fileName=AP201711023678234.png" style="width:20" /></p>
','官方勋章','11');

INSERT INTO IRP_ATTACHED(ATTACHEDID,ATTDOCID,ATTFILE,TYPEID,ATTDESC,ATTLINKALT,ATTSERN,ATTPROP,ATTFLAG, ATTTIME,CRUSER,CRUSERID,CRTIME, FILEEXT,EDITVERSIONS,ATTDOCIDTYPE)
VALUES(82,12,'AP201711023678234.png',2,'二级官方 .png','二级官方 .png',1,0,1,sysdate,'tfsadmin',1,sysdate,'png',1,700);










---兑换数据
INSERT INTO IRP_GOODS(GOODSID,GOODSNO,GOODSNAME,GOODSDESC,GOODSIMAGE,NEEDSCORE,PRICE,STOCKNUM,COVERSTATE,SALESTATE,CRTIME,REORDER,MEDALID,MEDALNAME,SALESVOLUME,CONTENT_BAK,CONTENTDETIAL)
VALUES (1, 001, '苹果型美甲套装', '苹果型美甲套装', '83', 100, 10, 20, 20, 20, sysdate, 1, 0, null, null, null, '<p><strong>注：发放产品颜色随机。</strong></p>

<p>&nbsp;</p>

<p>&nbsp;</p>

<p>&nbsp;</p>

<p>&nbsp;</p>

<p>&nbsp;</p>

<p>&nbsp;</p>

<p><img alt="" src="http://www.ruisiming.com.cn/irp/file/readfile.action?fileName=TF201707106760227.jpg" style="height:5293px; width:800px" /></p>');

INSERT INTO IRP_ATTACHED(ATTACHEDID,ATTDOCID,ATTFILE,TYPEID,ATTDESC,ATTLINKALT,ATTSERN,ATTPROP,ATTFLAG, ATTTIME,CRUSER,CRUSERID,CRTIME, FILEEXT,EDITVERSIONS,ATTDOCIDTYPE)
VALUES(83,1,'AP201711027564818.png',2,'指甲剪 .png','指甲剪 .png',1,0,1,sysdate,'tfsadmin',1,sysdate,'png',1,800);


INSERT INTO IRP_GOODS VALUES (2, 002, '可折叠双肩包', '可折叠双肩包', '85', 100, 10, 20, 10, 20, sysdate, 2, 1, '特殊贡献奖', null, null, '<p><strong>注：发放产品颜色随机。</strong></p>

<p><img alt="" src="http://www.ruisiming.com.cn/irp/file/readfile.action?fileName=TF201707034840319.jpg" style="height:166px; width:800px" /></p>

<p><img alt="" src="http://www.ruisiming.com.cn/irp/file/readfile.action?fileName=TF201707039990893.jpg" style="height:604px; width:800px" /></p>

<p><img alt="" src="http://www.ruisiming.com.cn/irp/file/readfile.action?fileName=TF20170703327058.jpg" style="height:637px; width:800px" /><img alt="" src="http://www.ruisiming.com.cn/irp/file/readfile.action?fileName=TF20170703776945.jpg" style="height:410px; width:800px" /><img alt="" src="http://www.ruisiming.com.cn/irp/file/readfile.action?fileName=TF201707038160961.jpg" style="height:705px; width:800px" /></p>

<p><img alt="" src="http://www.ruisiming.com.cn/irp/file/readfile.action?fileName=TF20170703963893.jpg" style="height:512px; width:800px" /></p>

<p><img alt="" src="http://www.ruisiming.com.cn/irp/file/readfile.action?fileName=TF201707038011797.jpg" style="height:795px; width:800px" /></p>
');
INSERT INTO IRP_ATTACHED(ATTACHEDID,ATTDOCID,ATTFILE,TYPEID,ATTDESC,ATTLINKALT,ATTSERN,ATTPROP,ATTFLAG, ATTTIME,CRUSER,CRUSERID,CRTIME, FILEEXT,EDITVERSIONS,ATTDOCIDTYPE)
VALUES(85,2,'AP201711025797593.png',2,'可折叠双肩包 .png','可折叠双肩包 .png',1,0,1,sysdate,'tfsadmin',1,sysdate,'png',1,800);

INSERT INTO IRP_GOODS VALUES (3, 003, '企鹅杯', '企鹅杯', '86', 100, 10, 20, 10, 20,sysdate, 3, 2, '最佳新人', null, null, '<p><strong>注：发放产品颜色随机。</strong></p>

<p><img alt="" src="http://www.ruisiming.com.cn/irp/file/readfile.action?fileName=TF201707096130004.jpg" style="height:125px; width:800px" /><img alt="" src="http://www.ruisiming.com.cn/irp/file/readfile.action?fileName=TF201707098277650.jpg" style="height:693px; width:800px" /><img alt="" src="http://www.ruisiming.com.cn/irp/file/readfile.action?fileName=TF201707098354445.jpg" style="height:500px; width:800px" /><img alt="" src="http://www.ruisiming.com.cn/irp/file/readfile.action?fileName=TF201707098004103.jpg" style="height:577px; width:800px" /><img alt="" src="http://www.ruisiming.com.cn/irp/file/readfile.action?fileName=TF201707095743291.jpg" style="height:580px; width:800px" /><img alt="" src="http://www.ruisiming.com.cn/irp/file/readfile.action?fileName=TF20170709910005.jpg" style="height:572px; width:800px" /><img alt="" src="http://www.ruisiming.com.cn/irp/file/readfile.action?fileName=TF201707091736502.jpg" style="height:576px; width:800px" /><img alt="" src="http://www.ruisiming.com.cn/irp/file/readfile.action?fileName=TF201707099577093.jpg" style="height:548px; width:800px" /><img alt="" src="http://www.ruisiming.com.cn/irp/file/readfile.action?fileName=TF201707092418342.jpg" style="height:178px; width:800px" /><img alt="" src="http://www.ruisiming.com.cn/irp/file/readfile.action?fileName=TF201707095356832.jpg" style="height:588px; width:800px" /></p>
');
INSERT INTO IRP_ATTACHED(ATTACHEDID,ATTDOCID,ATTFILE,TYPEID,ATTDESC,ATTLINKALT,ATTSERN,ATTPROP,ATTFLAG, ATTTIME,CRUSER,CRUSERID,CRTIME, FILEEXT,EDITVERSIONS,ATTDOCIDTYPE)
VALUES(86,3,'AP201711028917495.png',2,'企鹅杯 .png','企鹅杯 .png',1,0,1,sysdate,'tfsadmin',1,sysdate,'png',1,800);



INSERT INTO IRP_GOODS VALUES (4, 004, '跳绳', '跳绳', '87', 100, 10, 20, 20, 20, sysdate, 4, 0, null, null, null, '<p><strong>注：发放产品颜色随机。</strong></p>

<p><img alt="" src="http://www.ruisiming.com.cn/irp/file/readfile.action?fileName=TF201707101971066.jpg" style="height:800px; width:800px" /><img alt="" src="http://www.ruisiming.com.cn/irp/file/readfile.action?fileName=TF201707102720937.gif" style="height:796px; width:800px" /><img alt="" src="http://www.ruisiming.com.cn/irp/file/readfile.action?fileName=TF201707108563615.gif" style="height:540px; width:800px" /><img alt="" src="http://www.ruisiming.com.cn/irp/file/readfile.action?fileName=TF201707101121824.gif" style="height:796px; width:800px" /><img alt="" src="http://www.ruisiming.com.cn/irp/file/readfile.action?fileName=TF201707101490135.gif" style="height:682px; width:800px" /><img alt="" src="http://www.ruisiming.com.cn/irp/file/readfile.action?fileName=TF201707108183274.gif" style="height:611px; width:800px" /><img alt="" src="http://www.ruisiming.com.cn/irp/file/readfile.action?fileName=TF201707107012522.gif" style="height:564px; width:800px" /><img alt="" src="http://www.ruisiming.com.cn/irp/file/readfile.action?fileName=TF201707104989732.gif" style="height:490px; width:800px" /><img alt="" src="http://www.ruisiming.com.cn/irp/file/readfile.action?fileName=TF201707109891859.jpg" style="height:685px; width:800px" /><img alt="" src="http://www.ruisiming.com.cn/irp/file/readfile.action?fileName=TF201707105062196.jpg" style="height:391px; width:800px" /><img alt="" src="http://www.ruisiming.com.cn/irp/file/readfile.action?fileName=TF201707101586173.gif" style="height:677px; width:800px" /><img alt="" src="http://www.ruisiming.com.cn/irp/file/readfile.action?fileName=TF201707105312949.jpg" style="height:659px; width:800px" /><img alt="" src="http://www.ruisiming.com.cn/irp/file/readfile.action?fileName=TF201707103607427.jpg" style="height:638px; width:800px" /></p>

<p>&nbsp;</p>
');
INSERT INTO IRP_ATTACHED(ATTACHEDID,ATTDOCID,ATTFILE,TYPEID,ATTDESC,ATTLINKALT,ATTSERN,ATTPROP,ATTFLAG, ATTTIME,CRUSER,CRUSERID,CRTIME, FILEEXT,EDITVERSIONS,ATTDOCIDTYPE)
VALUES(87,4,'AP201711023112982.png',2,'跳绳 .png','跳绳 .png',1,0,1,sysdate,'tfsadmin',1,sysdate,'png',1,800);
---关注人
INSERT INTO IRP_MICROBLOG_FOCUS (FOCUSID,USERID,FOCUSUSERID,TYPE) values(2,2,3,0);
INSERT INTO IRP_MICROBLOG_FOCUS (FOCUSID,USERID,FOCUSUSERID,TYPE) values(3,2,4,0);
INSERT INTO IRP_MICROBLOG_FOCUS (FOCUSID,USERID,FOCUSUSERID,TYPE) values(4,2,5,0);
INSERT INTO IRP_USER ("USERID", "STATUS", "USERNAME","PASSWORD","NICKNAME","TRUENAME","SPECIALTYPE","CRTIME","REGTIME") VALUES (6, 30, 'guest','a7fe50b3a2687f63cddc6c5f716ddb2f','guest','guest',0,SYSDATE,SYSDATE);

------个人设置
insert into IRP_USER_PRIVACY values(6,'microblog_comment',0);
insert into IRP_USER_PRIVACY values(6,'microblog_message',0);
insert into IRP_USER_PRIVACY values(6,'microblog_atme',0);
insert into IRP_USER_PRIVACY values(6,'recommend_user',1);
insert into IRP_USER_PRIVACY values(6,'beginpage_location',1);
insert into IRP_USER_PRIVACY values(6,'boolean_doc_hotword',1);
---添加every权限
INSERT INTO IRP_USERROLE_LINK (USERROLEID,ROLEID,USERID,CRUSERID,CRUSER,CRTIME) VALUES(20,7,6,1,'admin',sysdate);

---为组织添加用户
INSERT INTO IRP_USERGROUP_LINK (USERGROUPID,GROUPID,USERID,CRUSERID,CRUSER,CRTIME,ISADMINISTRATOR) VALUES(4,3,6,1,'tfadmin',sysdate,0);



---关注人
INSERT INTO IRP_MICROBLOG_FOCUS (FOCUSID,USERID,FOCUSUSERID,TYPE) values(5,2,6,0);

